date, pm10, o3, no2, so2
2023/3/2, 33, 17, 2, 4
2023/3/3, 29, 27, 2, 3
2023/3/4, 17, 18, 3, 3
2023/3/5, 23, 28, 1, 3
2023/3/6, 16, 34, 5, 3
2023/3/7, 48, 25, 3, 3
2023/3/8, 19, 31, 4, 4
2023/3/9, 7, 35, , 3
2023/3/10, 9, 33, 2, 3
2023/3/11, 12, 32, 3, 3
2023/3/12, 14, 38, 1, 3
2023/3/13, 20, 34, 5, 4
2023/3/14, 19, 21, 4, 3
2023/3/15, 6, 20, , 4
2023/3/16, 13, 23, , 4
2023/3/17, 15, 23, 1, 3
2023/3/18, 15, 26, 2, 3
2023/3/19, 14, 21, 1, 3
2023/3/20, 14, 18, 3, 3
2023/3/21, 6, 15, 4, 2
2023/3/22, 5, 28, 4, 3
2023/3/23, 7, 36, 2, 3
2023/3/24, 999, 36, 2, 3
2023/3/25, 999, 29, , 3
2023/3/26, 999, 22, , 3
2023/3/27, 999, , , 
2023/2/2, 13, 28, 4, 3
2023/2/3, 17, 31, 6, 3
2023/2/4, 8, 30, 10, 3
2023/2/5, 4, 29, 13, 4
2023/2/6, 8, 27, 13, 4
2023/2/7, 11, 29, 5, 3
2023/2/8, 10, 32, 7, 2
2023/2/9, 9, 32, 11, 2
2023/2/11, 4, 35, 7, 3
2023/2/12, 8, 34, 8, 3
2023/2/13, 6, 33, 9, 3
2023/2/14, 12, 30, 10, 3
2023/2/15, 17, 32, 7, 3
2023/2/16, 5, 30, 6, 2
2023/2/17, 6, 36, 3, 5
2023/2/18, 5, 32, 10, 3
2023/2/19, 3, 31, 6, 5
2023/2/20, 6, 32, 3, 4
2023/2/21, 7, 26, 6, 3
2023/2/22, 7, 27, 3, 4
2023/2/23, 5, 25, 6, 4
2023/2/24, 13, 29, 4, 3
2023/2/25, 7, 31, 4, 3
2023/2/26, 3, 30, 3, 4
2023/2/27, 10, 28, 2, 3
2023/2/28, 12, 26, 1, 4
2023/3/1, 16, 25, 1, 5
2023/1/3, 11, 14, 24, 7
2023/1/4, 14, 16, 21, 7
2023/1/5, 12, 20, 12, 5
2023/1/6, 10, 22, 9, 5
2023/1/7, 8, 24, 4, 4
2023/1/8, 6, 22, 6, 5
2023/1/9, 5, 21, 10, 4
2023/1/10, 5, 22, 18, 6
2023/1/11, 6, 24, 14, 5
2023/1/12, 11, 20, 20, 6
2023/1/13, 13, 21, 20, 5
2023/1/14, 13, 26, 19, 10
2023/1/15, 11, 22, 18, 5
2023/1/16, 1, 18, 22, 5
2023/1/26, 14, 27, 10, 3
2023/1/27, 10, 26, 14, 4
2023/1/28, 11, 24, 15, 4
2023/1/29, 13, 32, 11, 4
2023/1/30, 17, 27, 14, 4
2023/1/31, 10, 29, 14, 4
2023/2/1, 9, 32, 8, 4
2022/10/2, 52, 29, 11, 2
2022/10/3, 53, 19, 13, 2
2022/10/4, 54, 39, 3, 2
2022/10/5, 61, 40, 6, 3
2022/10/6, 90, 23, 8, 25
2022/10/7, 70, 26, 9, 2
2022/10/8, 56, 28, 6, 2
2022/10/9, 61, 31, 6, 2
2022/10/10, 49, 24, 8, 2
2022/10/11, 24, 24, 10, 2
2022/10/12, 29, 21, 12, 2
2022/10/13, 50, 20, 11, 2
2022/10/14, 57, 25, 10, 2
2022/10/15, 51, 22, 10, 2
2022/10/16, 43, 26, 11, 2
2022/10/17, 37, 17, 18, 3
2022/10/18, 59, 20, 10, 2
2022/10/19, 77, 27, 14, 3
2022/10/20, 71, 22, 13, 2
2022/10/21, 70, 24, 8, 2
2022/10/22, 51, 20, 10, 2
2022/10/23, 38, 20, 9, 2
2022/10/24, 38, 21, 11, 2
2022/10/25, 43, 22, 9, 3
2022/10/26, 41, 17, 15, 4
2022/10/27, 47, 24, 11, 3
2022/10/28, 59, 23, 10, 2
2022/10/29, 41, 20, 11, 3
2022/10/30, 38, 21, 11, 3
2022/10/31, 54, 29, 10, 3
2022/11/1, 55, 26, 7, 3
2022/11/2, 42, 20, 12, 4
2022/11/3, 25, 22, 9, 3
2022/11/4, 48, 26, 10, 3
2022/11/5, 48, 27, 9, 3
2022/11/6, 53, 20, 11, 3
2022/11/7, 54, 27, 11, 3
2022/11/8, 11, 21, 12, 3
2022/11/9, 3, 16, 13, 3
2022/11/10, 1, 17, 14, 3
2022/11/11, 2, 17, 11, 2
2022/11/12, 1, 17, 14, 3
2022/11/13, 2, 19, 14, 3
2022/11/14, 1, 16, 13, 3
2022/11/15, 1, 16, 13, 3
2022/11/16, 2, 8, 21, 4
2022/11/17, 8, 19, 15, 4
2022/11/18, 10, 17, 17, 3
2022/11/19, 1, 11, 20, 4
2022/11/20, 11, 16, 13, 3
2022/11/21, 17, 9, 21, 5
2022/11/22, 16, 33, 8, 4
2022/11/23, 22, 29, 10, 3
2022/11/24, 10, 32, 10, 4
2022/11/25, 12, 31, 16, 4
2022/11/26, 11, 24, 6, 3
2022/11/27, 9, 20, 9, 3
2022/11/28, 5, 20, 18, 4
2022/11/29, 9, 16, 24, 5
2022/11/30, 18, 11, 19, 4
2022/12/1, 23, 15, 15, 3
2022/12/2, 14, 15, 17, 4
2022/12/3, 19, 20, 9, 3
2022/12/4, 12, 18, 13, 3
2022/12/5, 10, 16, 18, 4
2022/12/6, 11, 14, 15, 4
2022/12/7, 13, 24, 16, 5
2022/12/8, 15, 15, 23, 5
2022/12/9, 15, 16, 24, 5
2022/12/10, 18, 20, 13, 4
2022/12/11, 18, 18, 13, 4
2022/12/12, 12, 13, 21, 4
2022/12/13, 13, 12, 21, 4
2022/12/14, 17, 31, 17, 28
2022/12/15, 18, 25, 14, 5
2022/12/16, 11, 16, 16, 4
2022/12/17, 7, 16, 13, 4
2022/12/18, 7, 14, 14, 5
2022/12/19, 8, 11, 13, 5
2022/12/20, 9, 18, 8, 3
2022/12/21, 7, 14, 20, 5
2022/12/22, 7, 14, 19, 5
2022/12/23, 9, 14, 22, 4
2022/12/24, 11, 15, 21, 5
2022/12/25, 13, 20, 11, 4
2022/12/26, 11, 21, 10, 5
2022/12/27, 9, 19, 9, 4
2022/12/28, 7, 19, 7, 4
2022/12/29, 6, 19, 14, 4
2022/12/30, 5, 21, 14, 4
2022/12/31, 7, 20, 15, 5
2023/1/1, 10, 23, 15, 4
2023/1/2, 11, 20, 17, 6
2022/7/2, 33, 42, 3, 1
2022/7/3, 35, 40, 3, 1
2022/7/4, 43, 32, 6, 1
2022/7/5, 27, 34, 5, 1
2022/7/6, 26, 39, 7, 1
2022/7/7, 28, 42, 8, 1
2022/7/8, 33, 44, 6, 1
2022/7/9, 37, 42, 5, 1
2022/7/10, 26, 50, 4, 1
2022/7/11, 20, 35, 3, 1
2022/7/12, 25, 32, 3, 1
2022/7/13, 24, 30, 3, 1
2022/7/14, 18, 31, 3, 1
2022/7/15, 21, 44, 7, 1
2022/7/16, 25, 33, 3, 1
2022/7/17, 37, 30, 3, 1
2022/7/18, 23, 30, 4, 1
2022/7/19, 29, 32, 3, 1
2022/7/20, 29, 34, 3, 1
2022/7/21, 22, 32, 4, 1
2022/7/22, 53, 32, 5, 12
2022/7/23, 33, 36, 4, 26
2022/7/24, 47, 35, 4, 7
2022/7/25, 51, 32, 5, 
2022/7/26, 25, 34, 5, 
2022/7/27, 31, 34, 6, 1
2022/7/28, 37, 41, 8, 1
2022/7/29, 33, 43, 7, 
2022/7/30, 47, 43, 8, 1
2022/7/31, 35, 46, 7, 1
2022/8/1, 41, 44, 6, 1
2022/8/2, 40, 42, 7, 1
2022/8/3, 37, 37, 7, 1
2022/8/4, 37, 36, 5, 1
2022/8/5, 45, 30, 6, 1
2022/8/6, 33, 35, 6, 2
2022/8/7, 26, 37, 5, 2
2022/8/8, 21, 33, 7, 2
2022/8/9, 23, 40, 10, 2
2022/8/10, 30, 42, 7, 2
2022/8/11, 47, 34, 6, 2
2022/8/12, 51, 30, 6, 2
2022/8/13, 25, 39, 6, 2
2022/8/14, 22, 45, 5, 2
2022/8/15, 25, 60, 6, 2
2022/8/16, 32, 47, 8, 2
2022/8/17, 51, 38, 7, 2
2022/8/18, 43, 36, 6, 2
2022/8/19, 29, 39, 8, 2
2022/8/20, 26, 42, 7, 2
2022/8/21, 35, 38, 9, 2
2022/8/22, 33, 40, 11, 2
2022/8/23, 59, 47, 9, 2
2022/8/24, 54, 54, 9, 40
2022/8/25, 57, 58, 8, 3
2022/8/26, 88, 58, 7, 2
2022/8/27, 101, 47, 9, 2
2022/8/28, 92, 43, 6, 2
2022/8/29, 64, 37, 9, 2
2022/8/30, 54, 40, 7, 2
2022/8/31, 63, 36, 8, 2
2022/9/1, 62, 35, 6, 2
2022/9/2, 73, 38, 6, 2
2022/9/3, 79, 38, 6, 2
2022/9/4, 81, 33, 4, 2
2022/9/5, 76, 30, 7, 2
2022/9/6, 54, 31, 4, 2
2022/9/7, 37, 32, 5, 2
2022/9/8, 38, 29, 7, 2
2022/9/9, 32, 37, 8, 2
2022/9/10, 40, 37, 7, 2
2022/9/11, 37, 35, 7, 2
2022/9/12, 41, 36, 7, 2
2022/9/13, 46, 35, 7, 2
2022/9/14, 50, 31, 8, 2
2022/9/15, 38, 32, 10, 2
2022/9/16, 35, 28, 8, 2
2022/9/17, 51, 23, 7, 2
2022/9/18, 68, 25, 10, 2
2022/9/19, 83, 28, 9, 2
2022/9/20, 78, 40, 7, 2
2022/9/21, 61, 32, 8, 2
2022/9/22, 60, 33, 9, 2
2022/9/23, 49, 33, 8, 2
2022/9/24, 44, 26, 8, 2
2022/9/25, 41, 31, 6, 2
2022/9/26, 24, 30, 11, 2
2022/9/27, 33, 30, 14, 2
2022/9/28, 46, 33, 16, 2
2022/9/29, 52, 32, 9, 2
2022/9/30, 55, 33, 9, 2
2022/10/1, 53, 31, 10, 2
2022/4/2, 117, 40, 7, 3
2022/4/3, 121, 38, 8, 3
2022/4/4, 99, 37, 9, 2
2022/4/5, 123, 31, 6, 2
2022/4/6, 100, 29, 6, 1
2022/4/7, 117, 33, 7, 1
2022/4/8, 89, 35, 8, 1
2022/4/9, 75, 37, 6, 1
2022/4/10, 39, 35, 5, 1
2022/4/11, 35, 38, 10, 2
2022/4/12, 62, 34, 4, 
2022/4/13, 130, 38, 5, 1
2022/4/14, 36, 39, 5, 1
2022/4/15, 38, 35, 8, 4
2022/4/16, 40, 34, 11, 1
2022/4/17, 54, 37, 7, 1
2022/4/18, 42, 31, 12, 2
2022/4/19, 61, 39, 8, 2
2022/4/20, 98, 40, 6, 1
2022/4/21, 129, 36, 8, 1
2022/4/22, 54, 37, 11, 1
2022/4/23, 50, 36, 7, 1
2022/4/24, 52, 39, 6, 2
2022/4/25, 63, 37, 9, 1
2022/4/26, 71, 35, 7, 1
2022/4/27, 69, 37, 8, 1
2022/4/28, 66, 33, 9, 1
2022/4/29, 65, 37, 7, 1
2022/4/30, 54, 39, 7, 1
2022/5/1, 55, 27, 7, 1
2022/5/2, 50, 34, 6, 1
2022/5/3, 20, 32, 7, 1
2022/5/4, 26, 33, 5, 1
2022/5/5, 41, 29, 5, 1
2022/5/6, 29, 31, 6, 1
2022/5/7, 5, 32, 5, 1
2022/5/8, 6, 30, 6, 1
2022/5/9, 5, 28, 8, 1
2022/5/10, 8, 34, 6, 1
2022/5/11, 8, 39, 6, 1
2022/5/12, 7, 37, 7, 3
2022/5/13, 22, 35, 12, 2
2022/5/14, 42, 40, 8, 1
2022/5/15, 52, 38, 6, 1
2022/5/16, 56, 43, 5, 1
2022/5/17, 48, 41, 7, 1
2022/5/18, 40, 38, 8, 1
2022/5/19, 42, 39, 6, 1
2022/5/20, 45, 37, 4, 1
2022/5/21, 36, 40, 9, 1
2022/5/22, 26, 40, 8, 1
2022/5/23, 28, 39, 8, 1
2022/5/24, 55, 32, 6, 1
2022/5/25, 30, 37, 7, 1
2022/5/26, 15, 42, 7, 1
2022/5/27, 22, 38, 7, 1
2022/5/28, 24, 36, 9, 1
2022/5/29, 33, 45, 6, 1
2022/5/30, 29, 41, 8, 1
2022/5/31, 30, 36, 7, 1
2022/6/1, 37, 40, 6, 1
2022/6/2, 63, 37, 9, 1
2022/6/3, 70, 42, 9, 1
2022/6/4, 51, 50, 9, 2
2022/6/5, 60, 43, 7, 1
2022/6/6, 58, 44, 7, 
2022/6/7, 37, 38, 8, 1
2022/6/8, 35, 43, 7, 1
2022/6/9, 35, 40, 9, 1
2022/6/10, 29, 42, 7, 
2022/6/11, 25, 42, 6, 
2022/6/12, 34, 43, 5, 1
2022/6/13, 46, 40, 7, 1
2022/6/14, 56, 38, 7, 1
2022/6/15, 41, 46, 4, 
2022/6/16, 25, 39, 5, 
2022/6/17, 32, 44, 5, 1
2022/6/18, 43, 42, 5, 1
2022/6/19, 43, 39, 4, 1
2022/6/20, 43, 37, 5, 26
2022/6/21, 26, 35, 4, 1
2022/6/22, 27, 43, 4, 1
2022/6/23, 18, 38, 3, 1
2022/6/24, 14, 29, 6, 1
2022/6/25, 19, 32, 5, 1
2022/6/26, 26, 34, 5, 1
2022/6/27, 25, 32, 4, 1
2022/6/28, 15, 40, 5, 1
2022/6/29, 18, 42, 6, 1
2022/6/30, 26, 43, 7, 1
2022/7/1, 33, 31, 4, 1
2022/1/4, 43, 25, 14, 6
2022/1/5, 35, 23, 24, 8
2022/1/6, 48, 24, 23, 10
2022/1/7, 66, 16, 44, 17
2022/1/8, 83, 26, 34, 13
2022/1/9, 84, 19, 25, 12
2022/1/10, 83, 25, 16, 11
2022/1/11, 64, 27, 20, 9
2022/1/12, 49, 27, 16, 7
2022/1/13, 44, 21, 10, 5
2022/1/14, 35, 21, 16, 7
2022/1/15, 31, 26, 9, 5
2022/1/16, 44, 27, 12, 6
2022/1/17, 42, 23, 17, 7
2022/1/18, 41, 26, 13, 8
2022/1/19, 54, 26, 10, 8
2022/1/20, 55, 24, 11, 7
2022/1/21, 45, 23, 22, 10
2022/1/22, 52, 28, 19, 12
2022/1/23, 74, 34, 7, 6
2022/1/24, 62, 31, 13, 8
2022/1/25, 54, 31, 22, 10
2022/1/26, 50, 31, 17, 11
2022/1/27, 57, 26, 13, 7
2022/1/28, 38, 28, 15, 5
2022/1/29, 39, 27, 27, 11
2022/1/30, 51, 35, 18, 9
2022/1/31, 72, 30, 21, 12
2022/2/1, 62, 32, 11, 10
2022/2/2, 48, 33, 12, 7
2022/2/3, 56, 35, 15, 8
2022/2/4, 53, 35, 10, 5
2022/2/5, 61, 31, 8, 4
2022/2/6, 36, 32, 8, 6
2022/2/7, 41, 30, 20, 8
2022/2/8, 51, 25, 18, 9
2022/2/9, 79, 32, 15, 9
2022/2/10, 68, 26, 10, 5
2022/2/11, 57, 29, 14, 5
2022/2/12, 25, 31, 19, 7
2022/2/13, 11, 35, 18, 7
2022/2/14, 19, 31, 27, 8
2022/2/15, 23, 34, 25, 6
2022/2/16, 22, 34, 28, 8
2022/2/17, 32, 35, 24, 8
2022/2/18, 28, 31, 29, 9
2022/2/19, 28, 34, 25, 9
2022/2/20, 26, 34, 18, 8
2022/2/21, 24, 29, 17, 8
2022/2/22, 23, 36, 23, 8
2022/2/23, 18, 28, 26, 11
2022/2/24, 16, 29, 18, 8
2022/2/25, 27, 38, 9, 5
2022/2/26, 18, 37, 10, 4
2022/2/27, 10, 30, 12, 5
2022/2/28, 7, 35, 16, 6
2022/3/1, 13, 33, 13, 4
2022/3/2, 14, 32, 13, 5
2022/3/3, 22, 33, 11, 5
2022/3/4, 34, 27, 8, 4
2022/3/5, 32, 36, 10, 5
2022/3/6, 36, 39, 10, 6
2022/3/7, 53, 39, 10, 5
2022/3/8, 53, 33, 14, 6
2022/3/9, 50, 32, 15, 5
2022/3/10, 48, 35, 8, 4
2022/3/11, 30, 36, 7, 4
2022/3/12, 13, 40, 8, 4
2022/3/13, 6, 39, 12, 5
2022/3/14, 7, 36, 9, 4
2022/3/15, 12, 39, 10, 4
2022/3/16, 12, 37, 10, 5
2022/3/17, 14, 46, 10, 5
2022/3/18, 15, 37, 6, 2
2022/3/19, 23, 38, 6, 1
2022/3/20, 21, 40, 6, 2
2022/3/21, 22, 41, 8, 2
2022/3/22, 19, 43, 10, 3
2022/3/23, 10, 40, 8, 3
2022/3/24, 13, 44, 12, 2
2022/3/25, 11, 49, 9, 2
2022/3/26, 50, 45, 8, 2
2022/3/27, 54, 46, 6, 2
2022/3/28, 58, 43, 8, 3
2022/3/29, 53, 41, 15, 4
2022/3/30, 61, 35, 17, 4
2022/3/31, 83, 39, 15, 4
2022/4/1, 82, 38, 15, 4
2021/10/2, 21, 25, 15, 2
2021/10/3, 19, 32, 6, 2
2021/10/4, 23, 26, 12, 2
2021/10/5, 23, 23, 9, 3
2021/10/6, 39, 29, 10, 2
2021/10/7, 13, 23, 13, 4
2021/10/8, 9, 25, 18, 3
2021/10/9, 12, 26, 17, 4
2021/10/10, 15, 33, 14, 3
2021/10/11, 24, 28, 20, 5
2021/10/12, 33, 29, 14, 3
2021/10/13, 19, 36, 14, 3
2021/10/14, 18, 27, 19, 3
2021/10/15, 19, 27, 22, 4
2021/10/16, 29, 27, 20, 4
2021/10/17, 55, 28, 13, 3
2021/10/18, 70, 32, 11, 2
2021/10/19, 45, 27, 11, 2
2021/10/20, 20, 28, 13, 2
2021/10/21, 17, 21, 19, 6
2021/10/22, 25, 23, 22, 6
2021/10/23, 44, 26, 14, 4
2021/10/24, 47, 27, 15, 4
2021/10/25, 39, 26, 14, 4
2021/10/26, 47, 25, 14, 5
2021/10/27, 32, 23, 20, 6
2021/10/28, 62, 27, 24, 8
2021/10/29, 73, 19, 15, 4
2021/10/30, 84, 26, 11, 3
2021/10/31, 32, 25, 15, 3
2021/11/1, 28, 17, 17, 4
2021/11/2, 49, 14, 21, 4
2021/11/3, 65, 24, 14, 3
2021/11/4, 60, 20, 17, 4
2021/11/5, 48, 19, 11, 3
2021/11/6, 67, , , 
2021/11/7, 49, , , 
2021/11/9, 68, 17, 18, 8
2021/11/10, 74, 21, 10, 4
2021/11/11, 77, 21, 12, 4
2021/11/12, 48, 17, 18, 9
2021/11/13, 53, 12, 13, 5
2021/11/14, 67, 17, 32, 14
2021/11/15, 68, 23, 21, 7
2021/11/16, 79, 26, 21, 7
2021/11/17, 65, 20, 23, 8
2021/11/18, 73, 19, 21, 10
2021/11/19, 82, 22, 24, 10
2021/11/20, 95, 17, 23, 8
2021/11/21, 117, 26, 21, 8
2021/11/22, 108, 27, 19, 6
2021/11/23, 85, 22, 21, 9
2021/11/24, 72, 14, 19, 6
2021/11/25, 73, 14, 15, 3
2021/11/26, 42, 17, 19, 5
2021/11/27, 28, 14, 23, 8
2021/11/28, 47, 13, 19, 6
2021/11/29, 53, 20, 24, 10
2021/11/30, 44, 38, 12, 6
2021/12/1, 65, 40, 12, 4
2021/12/2, 45, 32, 10, 4
2021/12/3, 15, 35, 9, 3
2021/12/4, 9, 36, 16, 5
2021/12/5, 11, 38, 12, 6
2021/12/6, 13, 36, 16, 6
2021/12/7, 24, 26, 28, 10
2021/12/8, 70, 34, 20, 6
2021/12/9, 87, 25, 22, 6
2021/12/10, 68, 34, 13, 5
2021/12/11, 80, 34, 17, 7
2021/12/12, 67, 22, 17, 8
2021/12/13, 64, 24, 20, 12
2021/12/14, 28, 8, 23, 11
2021/12/15, 95, 21, 26, 13
2021/12/16, 93, 31, 19, 9
2021/12/17, 85, 29, 14, 4
2021/12/18, 63, 22, 18, 6
2021/12/19, 58, 27, 11, 6
2021/12/20, 45, 34, 11, 6
2021/12/21, 31, 27, 11, 5
2021/12/22, 36, 24, 11, 5
2021/12/23, 36, 42, 8, 4
2021/12/24, 45, 28, 9, 5
2021/12/25, 41, 26, 11, 6
2021/12/26, 52, 19, 24, 11
2021/12/27, 68, 23, 16, 10
2021/12/28, 68, 22, 20, 12
2021/12/29, 66, 16, 28, 16
2021/12/30, 87, 17, 28, 15
2021/12/31, 93, 25, 15, 10
2022/1/1, 81, 24, 14, 7
2022/1/2, 65, 21, 18, 9
2022/1/3, 63, 25, 13, 6
2021/7/2, 49, 43, 6, 1
2021/7/3, 51, 46, 9, 1
2021/7/4, 51, 49, 4, 1
2021/7/5, 61, 45, 6, 1
2021/7/6, 46, 41, 6, 1
2021/7/7, 38, 46, 5, 1
2021/7/8, 38, 45, 4, 1
2021/7/9, 36, 36, 6, 1
2021/7/10, 49, 42, 5, 1
2021/7/11, 76, 53, 4, 1
2021/7/12, 35, 48, 8, 1
2021/7/13, 39, 43, 4, 1
2021/7/14, 41, 43, 4, 1
2021/7/15, 37, 52, 6, 1
2021/7/16, 35, 51, 8, 1
2021/7/17, 36, 59, 9, 1
2021/7/18, 51, 63, 6, 1
2021/7/19, 51, 57, 11, 1
2021/7/20, 51, 60, 7, 1
2021/7/21, 58, 44, 4, 1
2021/7/22, 54, 43, 4, 1
2021/7/23, 40, 41, 4, 1
2021/7/24, 34, 40, 4, 1
2021/7/25, 32, 56, 9, 1
2021/7/26, 33, 48, 7, 1
2021/7/27, 50, 47, 5, 1
2021/7/28, 47, 45, 6, 1
2021/7/29, 43, 40, 6, 1
2021/7/30, 40, 40, 6, 1
2021/7/31, 40, 37, 5, 1
2021/8/1, 44, 41, 5, 1
2021/8/2, 44, 42, 7, 1
2021/8/3, 47, 42, 8, 2
2021/8/4, 53, 41, 7, 2
2021/8/5, 59, 38, 7, 1
2021/8/6, 88, 35, 18, 1
2021/8/7, 126, 44, 10, 1
2021/8/8, 93, 41, 8, 1
2021/8/9, 69, 43, 6, 1
2021/8/10, 66, 36, 10, 1
2021/8/11, 62, 45, 9, 1
2021/8/12, 51, 36, 11, 1
2021/8/13, 53, 39, 10, 1
2021/8/14, 67, 39, 7, 1
2021/8/15, 61, 39, 7, 1
2021/8/16, 64, 36, 7, 1
2021/8/17, 77, 40, 7, 1
2021/8/18, 70, 45, 7, 1
2021/8/19, 69, 34, 11, 1
2021/8/20, 67, 38, 8, 1
2021/8/21, 70, 39, 5, 1
2021/8/22, 60, 47, 6, 1
2021/8/23, 72, 43, 8, 1
2021/8/24, 91, 45, 8, 1
2021/8/25, 85, 42, 10, 1
2021/8/26, 79, 51, 4, 1
2021/8/27, 71, , , 
2021/8/28, 68, , , 
2021/8/31, 67, 44, 10, 1
2021/9/1, 87, 47, 9, 26
2021/9/2, 83, 35, 7, 2
2021/9/3, 65, 28, 6, 2
2021/9/4, 54, 29, 6, 2
2021/9/5, 36, 29, 6, 2
2021/9/6, 39, 27, 7, 2
2021/9/7, 38, 30, 8, 2
2021/9/8, 37, 36, 11, 2
2021/9/9, 45, 37, 12, 2
2021/9/10, 60, 36, 14, 2
2021/9/11, 61, 31, 9, 2
2021/9/12, 71, 33, 8, 2
2021/9/13, 51, 31, 13, 2
2021/9/14, 51, 32, 11, 2
2021/9/15, 50, 38, 11, 2
2021/9/16, 51, 32, 11, 2
2021/9/17, 33, 38, 7, 2
2021/9/18, 19, , , 
2021/9/19, 26, , , 
2021/9/21, 55, 37, 9, 2
2021/9/22, 63, 29, 10, 2
2021/9/23, 64, 26, 9, 2
2021/9/24, 48, 26, 7, 2
2021/9/25, 31, 31, 7, 2
2021/9/26, 23, 33, 12, 2
2021/9/27, 33, 27, 12, 2
2021/9/28, 42, 28, 12, 2
2021/9/29, 20, 26, 9, 2
2021/9/30, 17, 17, 15, 2
2021/10/1, 14, 29, 11, 2
2021/4/2, 35, 38, 9, 2
2021/4/3, 13, 37, 6, 3
2021/4/4, 5, 39, 7, 3
2021/4/5, 8, 32, 16, 4
2021/4/6, 10, 24, 15, 5
2021/4/7, 20, 35, 6, 3
2021/4/8, 29, 35, 7, 3
2021/4/9, 30, 35, 7, 3
2021/4/10, 27, 30, 5, 2
2021/4/11, 15, 44, 4, 3
2021/4/12, 10, 41, 8, 2
2021/4/13, 11, 42, 6, 1
2021/4/14, 18, 41, 6, 2
2021/4/15, 16, 32, 10, 2
2021/4/16, 24, 32, 9, 2
2021/4/17, 32, 35, 9, 2
2021/4/18, 58, 34, 5, 2
2021/4/19, 59, 27, 9, 3
2021/4/20, 80, 35, 4, 2
2021/4/21, 71, 35, 4, 2
2021/4/22, 66, 42, 5, 1
2021/4/23, 55, 47, 5, 1
2021/4/24, 16, 42, 5, 1
2021/4/25, 10, 42, 7, 2
2021/4/26, 16, , , 
2021/4/27, 22, 36, 5, 2
2021/4/28, 56, 32, 6, 1
2021/4/29, 54, 30, 5, 1
2021/4/30, 39, 32, 4, 1
2021/5/1, 24, 40, 2, 1
2021/5/2, 15, 42, 3, 1
2021/5/3, 19, 35, 3, 1
2021/5/4, 27, 34, 3, 1
2021/5/5, 52, 37, 4, 1
2021/5/6, 21, 40, 2, 1
2021/5/7, 5, 42, 3, 1
2021/5/8, 4, 39, 4, 1
2021/5/9, 6, 36, 2, 1
2021/5/10, 8, 45, 3, 1
2021/5/11, 16, 43, 2, 1
2021/5/12, 23, , , 
2021/5/13, 23, 47, 4, 2
2021/5/14, 27, , , 
2021/5/17, 40, 43, 7, 1
2021/5/18, 30, 40, 5, 1
2021/5/19, 26, 42, 6, 1
2021/5/20, 26, 41, 5, 1
2021/5/21, 27, 40, 5, 2
2021/5/22, 28, 40, 2, 1
2021/5/23, 42, 40, 1, 1
2021/5/24, 35, 44, 3, 1
2021/5/25, 25, 45, 3, 1
2021/5/26, 26, 44, 6, 1
2021/5/27, 25, 50, 3, 1
2021/5/28, 35, 48, 7, 2
2021/5/29, 59, , , 
2021/5/30, 77, , , 
2021/6/1, 250, 177, 4, 2
2021/6/2, 129, 38, 1, 1
2021/6/3, 66, 45, 4, 1
2021/6/4, 39, 43, 5, 1
2021/6/5, 39, 39, 3, 1
2021/6/6, 42, 43, 4, 1
2021/6/7, 37, 41, 8, 1
2021/6/8, 39, 46, 5, 1
2021/6/9, 50, 40, 8, 1
2021/6/10, 49, 40, 7, 1
2021/6/11, 42, 40, 7, 1
2021/6/12, 44, 41, 6, 1
2021/6/13, 44, 48, 5, 1
2021/6/14, 42, 53, 6, 1
2021/6/15, 49, 48, 9, 1
2021/6/16, 62, 44, 8, 1
2021/6/17, 60, 57, 3, 5
2021/6/18, 59, 44, 5, 1
2021/6/19, 63, 56, 6, 1
2021/6/20, 56, 31, 5, 1
2021/6/21, 65, 49, 9, 4
2021/6/22, 76, 49, 6, 1
2021/6/23, 65, 54, 5, 1
2021/6/24, 63, 42, 4, 1
2021/6/25, 44, 51, 5, 1
2021/6/26, 34, 45, 5, 1
2021/6/27, 41, 43, 3, 1
2021/6/28, 52, 39, 4, 1
2021/6/29, 50, 37, 4, 1
2021/6/30, 43, 45, 5, 1
2021/7/1, 40, 46, 7, 1
2021/1/5, 31, 17, 35, 10
2021/1/6, 35, 14, 36, 11
2021/1/7, 51, 17, 32, 9
2021/1/8, 42, 17, 27, 10
2021/1/9, 44, 18, 28, 11
2021/1/10, 46, 16, 25, 10
2021/1/11, 35, 7, 39, 14
2021/1/12, 45, 3, 34, 10
2021/1/13, 51, 25, 9, 5
2021/1/14, 33, 28, 6, 4
2021/1/15, 21, 27, 8, 3
2021/1/16, 12, 29, 7, 3
2021/1/17, 11, 33, 3, 3
2021/1/18, 10, 29, 9, 3
2021/1/19, 8, 24, 17, 5
2021/1/20, 13, 28, 12, 3
2021/1/21, 21, 25, 25, 7
2021/1/22, 27, 29, 18, 6
2021/1/23, 23, 29, 21, 6
2021/1/24, 31, 28, 21, 7
2021/1/25, 38, 20, 36, 10
2021/1/26, 35, 22, 32, 11
2021/1/27, 43, 31, 17, 6
2021/1/28, 50, 35, 9, 7
2021/1/29, 37, 27, 14, 4
2021/1/30, 16, 29, 10, 4
2021/1/31, 11, 30, 8, 6
2021/2/1, 11, 22, 28, 7
2021/2/2, 15, 25, 28, 7
2021/2/3, 28, 24, 21, 6
2021/2/4, 36, 20, 24, 7
2021/2/5, 43, 22, 23, 7
2021/2/6, 36, 29, 15, 5
2021/2/7, 18, 29, 16, 7
2021/2/8, 24, 20, 24, 9
2021/2/9, 38, 26, 16, 5
2021/2/10, 49, 24, 22, 6
2021/2/11, 36, 29, 20, 5
2021/2/12, 74, 34, 10, 4
2021/2/13, 69, 33, 8, 4
2021/2/14, 46, 36, 7, 3
2021/2/15, 46, 43, 6, 3
2021/2/16, 60, 42, 6, 3
2021/2/17, 71, 35, 7, 3
2021/2/18, 43, 37, 11, 3
2021/2/19, 25, 36, 14, 4
2021/2/20, 39, 39, 12, 4
2021/2/21, 41, 34, 9, 3
2021/2/22, 13, 38, 16, 5
2021/2/23, 20, 35, 12, 4
2021/2/24, 53, 36, 15, 4
2021/2/25, 41, 32, 16, 4
2021/2/26, 26, 40, 7, 3
2021/2/27, 46, 1, 17, 7
2021/2/28, 43, 33, 5, 3
2021/3/1, 39, 32, 13, 3
2021/3/2, 27, 31, 15, 4
2021/3/3, 36, 35, 7, 4
2021/3/4, 55, 34, 12, 3
2021/3/5, 41, 34, 12, 3
2021/3/6, 53, 33, 15, 4
2021/3/7, 61, 33, 9, 3
2021/3/8, 62, 34, 11, 3
2021/3/9, 12, 34, 18, 4
2021/3/10, 26, 34, 14, 4
2021/3/11, 63, 28, 17, 3
2021/3/12, 59, 33, 8, 3
2021/3/13, 18, 35, 13, 3
2021/3/14, 28, 34, 10, 4
2021/3/15, 42, 31, 15, 3
2021/3/16, 32, 36, 10, 4
2021/3/17, 42, 39, 9, 2
2021/3/18, 46, 38, 10, 2
2021/3/19, 30, 36, 9, 3
2021/3/20, 33, 32, 8, 3
2021/3/21, 44, 25, 11, 4
2021/3/22, 37, 28, 7, 3
2021/3/23, 55, 29, 10, 3
2021/3/24, 77, 31, 9, 2
2021/3/25, 50, 36, 9, 3
2021/3/26, 21, 36, 9, 3
2021/3/27, 27, 38, 6, 3
2021/3/28, 21, 37, 8, 3
2021/3/29, 34, 36, 9, 3
2021/3/30, 57, 38, 7, 3
2021/3/31, 58, 40, 11, 3
2021/4/1, 59, 42, 9, 4
2020/10/2, 30, 33, 11, 1
2020/10/3, 25, 30, 10, 1
2020/10/4, 24, 31, 8, 1
2020/10/5, 25, 31, 9, 1
2020/10/6, 24, 29, 11, 1
2020/10/7, 19, 31, 7, 1
2020/10/8, 21, 26, 14, 1
2020/10/9, 22, 27, 15, 1
2020/10/10, 28, 28, 13, 1
2020/10/11, 36, 27, 19, 1
2020/10/12, 38, 27, 19, 1
2020/10/13, 50, 26, 15, 1
2020/10/14, 46, 27, 17, 2
2020/10/15, 39, 27, 15, 2
2020/10/16, 49, 28, 13, 1
2020/10/17, 45, 27, 17, 1
2020/10/18, 37, 31, 14, 2
2020/10/19, 45, 32, 9, 2
2020/10/20, 45, 15, 7, 1
2020/10/21, 41, 18, 6, 1
2020/10/22, 19, 19, 5, 2
2020/10/23, 24, 18, 4, 1
2020/10/24, 32, 19, 6, 2
2020/10/25, 32, 17, 7, 3
2020/10/26, 47, 23, 9, 5
2020/10/27, 53, 24, 8, 4
2020/10/28, 52, 15, 5, 2
2020/10/29, 51, , , 
2020/12/1, 40, 12, 17, 6
2020/12/2, 45, 31, 16, 8
2020/12/3, 29, 18, 19, 8
2020/12/4, 41, 20, 10, 3
2020/12/5, 43, 27, 7, 3
2020/12/6, 21, 22, 9, 5
2020/12/7, 18, 20, 18, 7
2020/12/8, 23, 14, 16, 5
2020/12/9, 35, 15, 15, 3
2020/12/10, 27, 23, 12, 4
2020/12/11, 20, 21, 17, 7
2020/12/12, 24, 18, 12, 5
2020/12/13, 39, 23, 14, 5
2020/12/14, 26, 16, 21, 5
2020/12/15, 29, 21, 16, 4
2020/12/16, 24, 19, 14, 4
2020/12/17, 21, 17, 12, 4
2020/12/18, 16, 18, 11, 4
2020/12/19, 21, 3, , 
2020/12/20, 29, , , 
2020/12/22, 20, 17, 15, 5
2020/12/23, 34, 22, 11, 3
2020/12/24, 18, 18, 16, 5
2020/12/25, 13, 18, 18, 6
2020/12/26, 18, 20, 26, 7
2020/12/27, 26, 20, 25, 8
2020/12/28, 33, 14, 29, 7
2020/12/29, 38, 12, 38, 10
2020/12/30, 43, 14, 38, 9
2020/12/31, 47, 13, 39, 10
2021/1/1, 43, 19, 28, 9
2021/1/2, 38, 18, 24, 10
2021/1/3, 29, 18, 27, 8
2021/1/4, 32, 16, 28, 8
2020/7/2, 19, 34, 4, 
2020/7/3, 22, 43, 4, 
2020/7/4, 30, 48, 3, 
2020/7/5, 24, 41, 2, 
2020/7/6, 24, 35, 3, 
2020/7/7, 24, 37, 4, 
2020/7/8, 28, 39, 2, 
2020/7/9, 27, 32, 2, 
2020/7/10, 19, 27, 3, 
2020/7/11, 16, 35, 2, 
2020/7/12, 17, 38, 2, 
2020/7/13, 17, 41, 2, 
2020/7/14, 15, 33, 3, 
2020/7/15, 16, 32, 3, 
2020/7/16, 17, 35, 3, 
2020/7/17, 21, 33, 3, 
2020/7/18, 24, 32, , 
2020/7/19, 29, , , 
2020/7/21, 38, 29, 3, 
2020/7/22, 34, 32, 5, 
2020/7/23, 23, 40, 6, 
2020/7/24, 17, 34, 8, 
2020/7/25, 19, 36, 11, 
2020/7/26, 29, 47, 9, 
2020/7/27, 39, 48, 12, 
2020/7/28, 37, 29, 11, 
2020/7/29, 42, 32, 8, 
2020/7/30, 38, 32, 9, 
2020/7/31, 27, 29, 7, 
2020/8/1, 22, 27, 5, 
2020/8/2, 15, 31, 4, 
2020/8/3, 13, 31, 6, 
2020/8/4, 12, 30, 9, 
2020/8/5, 16, 29, 12, 
2020/8/6, 25, 33, 12, 
2020/8/7, 27, 33, 10, 
2020/8/8, 26, 39, 12, 
2020/8/9, 30, 46, 12, 
2020/8/10, 35, 36, 9, 
2020/8/11, 32, 29, 7, 
2020/8/12, 26, 32, 5, 
2020/8/13, 24, 25, 6, 
2020/8/14, 25, 22, 6, 
2020/8/15, 24, 21, 7, 
2020/8/16, 24, 18, 6, 
2020/8/17, 23, 13, 7, 
2020/8/18, 19, 16, 10, 
2020/8/19, 23, 16, 8, 
2020/8/20, 28, 16, 11, 1
2020/8/21, 28, 12, 10, 
2020/8/22, 32, 14, 6, 
2020/8/23, 18, 14, 5, 
2020/8/24, 13, 13, 10, 
2020/8/25, 19, 10, 18, 1
2020/8/26, 25, 11, 12, 1
2020/8/27, 32, 9, 10, 1
2020/8/28, 24, 9, 11, 
2020/8/29, 25, 8, 12, 1
2020/8/30, 24, 7, 12, 1
2020/8/31, 25, 7, 12, 1
2020/9/1, 28, 30, 19, 7
2020/9/2, 32, 38, 10, 
2020/9/3, 44, 36, 13, 
2020/9/4, 35, 41, 9, 1
2020/9/5, 28, 39, 6, 1
2020/9/6, 29, 32, 5, 1
2020/9/7, 30, 33, 8, 
2020/9/8, 26, 35, 6, 
2020/9/9, 22, 32, 5, 
2020/9/10, 21, 29, 11, 
2020/9/11, 20, 33, 13, 1
2020/9/12, 34, 34, 11, 1
2020/9/13, 29, 31, 11, 1
2020/9/14, 36, 31, 11, 1
2020/9/15, 36, 30, 11, 1
2020/9/16, 40, 30, 11, 1
2020/9/17, 38, 27, 16, 1
2020/9/18, 31, 35, 10, 1
2020/9/19, 40, 32, 7, 1
2020/9/20, 29, 34, 10, 1
2020/9/21, 24, 24, 20, 1
2020/9/22, 29, 25, 13, 1
2020/9/23, 43, 31, 11, 1
2020/9/24, 31, 32, 9, 1
2020/9/25, 30, 27, 9, 1
2020/9/26, 28, 31, 9, 1
2020/9/27, 24, 32, 5, 
2020/9/28, 23, 26, 9, 1
2020/9/29, 37, 31, 10, 1
2020/9/30, 44, 25, 9, 1
2020/10/1, 39, 34, 10, 1
2020/4/2, 17, 35, 1, 
2020/4/3, 10, 31, 1, 1
2020/4/4, 16, 33, 2, 1
2020/4/5, 13, 30, 1, 1
2020/4/6, 17, 26, 2, 1
2020/4/7, 24, 28, , 1
2020/4/8, 20, 32, 1, 
2020/4/9, 17, 32, , 1
2020/4/10, 19, 34, 4, 1
2020/4/11, 22, 39, 2, 1
2020/4/12, 19, 35, 2, 1
2020/4/13, 25, 33, 4, 2
2020/4/14, 18, 33, 4, 2
2020/4/15, 19, 37, 4, 2
2020/4/16, 21, 31, 4, 1
2020/4/17, 19, 29, 7, 1
2020/4/18, 19, 31, 4, 1
2020/4/19, 24, 38, 3, 1
2020/4/20, 22, 28, 7, 1
2020/4/21, 20, 30, 5, 
2020/4/22, 17, 28, 5, 
2020/4/23, 15, 32, 3, 
2020/4/24, 12, 33, 2, 1
2020/4/25, 9, 29, 3, 1
2020/4/26, 12, 26, 5, 1
2020/4/27, 12, 40, 3, 1
2020/4/28, 17, 37, 4, 1
2020/4/29, 18, 41, 3, 1
2020/4/30, 22, 34, 3, 1
2020/5/1, 20, 32, , 1
2020/5/2, 16, 33, , 1
2020/5/3, 15, 34, , 1
2020/5/4, 10, 27, , 1
2020/5/5, 13, 25, , 1
2020/5/6, 19, 26, , 1
2020/5/7, 15, 36, , 1
2020/5/8, 10, 28, , 1
2020/5/9, 16, 27, , 1
2020/5/10, 11, 34, , 1
2020/5/11, 9, 33, , 1
2020/5/12, 17, 34, , 1
2020/5/13, 22, 40, , 1
2020/5/14, 32, 35, , 1
2020/5/15, 33, 33, , 1
2020/5/16, 25, 34, , 1
2020/5/17, 50, 37, , 1
2020/5/18, 48, 35, , 1
2020/5/19, 30, 38, , 1
2020/5/20, 35, 34, , 1
2020/5/21, 18, 25, , 1
2020/5/22, 30, 32, , 1
2020/5/23, 47, 31, , 1
2020/5/24, 39, 30, , 1
2020/5/25, 6, 32, , 1
2020/5/26, 8, 33, , 1
2020/5/27, 12, 31, , 1
2020/5/28, 14, 26, , 1
2020/5/29, 20, 36, , 1
2020/5/30, 37, 37, , 1
2020/5/31, 23, 37, , 1
2020/6/1, 15, 41, , 1
2020/6/2, 20, 36, , 1
2020/6/3, 26, 34, , 1
2020/6/4, 23, 40, , 1
2020/6/5, 20, 38, , 1
2020/6/6, 16, 36, , 1
2020/6/7, 16, 41, , 1
2020/6/8, 17, 38, , 1
2020/6/9, 19, 35, , 1
2020/6/10, 28, 39, , 1
2020/6/11, 25, 38, , 1
2020/6/12, 29, 35, , 1
2020/6/13, 31, 38, , 1
2020/6/14, 31, 36, , 1
2020/6/19, 30, 29, 3, 
2020/6/20, 22, 35, 2, 
2020/6/21, 20, 31, 2, 
2020/6/22, 17, 34, 2, 
2020/6/23, 19, 35, 3, 
2020/6/24, 22, 40, 2, 
2020/6/25, 31, 26, 2, 
2020/6/26, 28, , , 
2020/6/30, 20, 31, 2, 
2020/7/1, 19, 33, 2, 
2020/1/2, 31, 18, 11, 5
2020/1/3, 28, 110, 14, 6
2020/1/4, 35, 22, 15, 8
2020/1/5, 23, 26, 9, 5
2020/1/6, 29, 20, 19, 10
2020/1/7, 37, 28, 12, 9
2020/1/8, 43, 26, 18, 8
2020/1/9, 24, 23, 11, 8
2020/1/10, 34, 23, 8, 7
2020/1/11, 23, 21, 13, 7
2020/1/12, 26, 22, 10, 6
2020/1/13, 32, 22, 9, 6
2020/1/14, 18, 25, 13, 9
2020/1/15, 18, 22, 23, 12
2020/1/16, 47, 29, 12, 9
2020/1/17, 37, 28, 17, 10
2020/1/18, 39, 28, 19, 12
2020/1/19, 51, 23, 22, 14
2020/1/20, 51, 23, 31, 16
2020/1/21, 54, 22, 13, 10
2020/1/22, 46, 20, 12, 8
2020/1/23, 29, 21, 6, 5
2020/1/24, 25, 24, 8, 4
2020/1/25, 15, 25, 12, 5
2020/1/26, 16, 17, 17, 9
2020/1/27, 35, 24, 24, 11
2020/1/28, 39, 20, 22, 14
2020/1/29, 59, 29, 15, 11
2020/1/30, 40, 23, 13, 9
2020/1/31, 31, 29, 5, 5
2020/2/1, 20, 27, 7, 4
2020/2/2, 13, 25, 13, 6
2020/2/3, 19, 24, 13, 7
2020/2/4, 23, 22, 15, 4
2020/2/5, 21, 24, 13, 7
2020/2/6, 27, 33, 4, 7
2020/2/7, 22, 33, 8, 3
2020/2/8, 26, 25, 5, 2
2020/2/9, 19, 25, 6, 3
2020/2/10, 14, 26, 7, 3
2020/2/11, 15, 27, 7, 4
2020/2/12, 19, 24, 15, 7
2020/2/13, 32, 25, 13, 6
2020/2/14, 32, 29, 18, 6
2020/2/15, 22, 31, 18, 7
2020/2/16, 29, 38, 27, 11
2020/2/17, 50, 30, 25, 8
2020/2/18, 48, 33, 34, 12
2020/2/19, 50, 28, 25, 11
2020/2/20, 54, 33, 22, 8
2020/2/21, 51, 27, 20, 8
2020/2/22, 50, 27, 19, 7
2020/2/23, 37, 27, 14, 4
2020/2/24, 28, 27, 15, 6
2020/2/25, 31, 26, 5, 4
2020/2/26, 34, 30, , 1
2020/2/27, 26, 28, , 2
2020/2/28, 44, 26, 19, 2
2020/2/29, 37, 26, 13, 1
2020/3/1, 42, 31, 6, 1
2020/3/2, 15, 30, 8, 1
2020/3/3, 15, 27, 23, 1
2020/3/4, 36, 30, 11, 1
2020/3/5, 41, 30, 14, 1
2020/3/6, 51, 34, 20, 2
2020/3/7, 50, 28, 15, 2
2020/3/8, 50, 30, 9, 2
2020/3/9, 54, 37, 10, 1
2020/3/10, 53, 38, 16, 2
2020/3/11, 55, 35, 11, 2
2020/3/12, 56, 36, 15, 2
2020/3/13, 49, 34, 9, 1
2020/3/14, 41, 25, 11, 1
2020/3/15, 29, 31, 6, 1
2020/3/16, 17, 28, 7, 1
2020/3/17, 15, 28, 5, 1
2020/3/18, 10, 25, 6, 1
2020/3/19, 12, 26, 11, 2
2020/3/20, 12, 33, 10, 2
2020/3/21, 19, 26, 10, 2
2020/3/22, 19, 29, 9, 3
2020/3/23, 32, 28, 8, 3
2020/3/24, 26, 31, 7, 3
2020/3/25, 27, 29, 12, 3
2020/3/26, 34, 28, 6, 1
2020/3/27, 34, 29, 5, 1
2020/3/28, 19, 28, 6, 2
2020/3/29, 28, 22, 2, 1
2020/3/30, 25, , , 
2019/10/2, 20, 36, 12, 1
2019/10/3, 45, 35, 15, 2
2019/10/4, 39, 41, 15, 2
2019/10/5, 34, 39, 13, 1
2019/10/6, 34, 37, 15, 2
2019/10/7, 32, 35, 8, 1
2019/10/8, 20, 35, 6, 1
2019/10/9, 29, 33, 14, 1
2019/10/10, 32, 28, 21, 2
2019/10/11, 43, 37, 11, 2
2019/10/12, 35, 34, 10, 5
2019/10/13, 26, 27, 14, 2
2019/10/14, 23, 25, 18, 2
2019/10/15, 30, 28, 18, 2
2019/10/16, 27, 85, 9, 2
2019/10/17, 26, 31, 18, 4
2019/10/18, 19, 53, 13, 1
2019/10/19, 15, 33, 12, 1
2019/10/20, 50, 23, 13, 1
2019/10/21, 11, 53, 10, 1
2019/10/22, 12, 17, 16, 1
2019/10/23, 13, 22, 11, 4
2019/10/24, 54, 21, 13, 1
2019/10/25, 10, 26, 10, 1
2019/10/26, 10, 28, 10, 1
2019/10/27, 9, 22, 12, 2
2019/10/28, 11, 82, 15, 2
2019/10/29, 10, 22, 13, 2
2019/10/30, 12, 22, 14, 2
2019/10/31, 15, 21, 15, 2
2019/11/1, 12, 20, 11, 2
2019/11/2, 11, 27, 10, 1
2019/11/3, 9, 87, 12, 2
2019/11/4, 10, 20, 19, 5
2019/11/5, 12, 22, 19, 6
2019/11/6, 11, 21, 20, 7
2019/11/7, 11, 19, 18, 6
2019/11/8, 12, 23, 17, 7
2019/11/9, 12, 17, 21, 11
2019/11/10, 13, 19, 18, 7
2019/11/11, 12, 23, 18, 9
2019/11/12, 11, 18, 20, 10
2019/11/13, 12, 20, 22, 9
2019/11/14, 11, 6, 26, 11
2019/11/15, 12, 19, 24, 9
2019/11/16, 14, 20, 16, 8
2019/11/17, 12, 20, 17, 8
2019/11/18, 11, 22, 16, 6
2019/11/19, 20, 21, 17, 8
2019/11/20, 29, 20, 18, 10
2019/11/21, 37, 19, 16, 8
2019/11/22, 32, 30, 14, 17
2019/11/23, 29, 22, , 14
2019/11/24, 98, 26, 40, 15
2019/11/25, 73, 27, 23, 14
2019/11/26, 65, 37, 17, 9
2019/11/27, 63, 45, 13, 11
2019/11/28, 56, 25, 16, 7
2019/11/29, 42, 27, 13, 5
2019/11/30, 34, 25, 14, 4
2019/12/1, 28, 17, 12, 4
2019/12/2, 29, 25, 9, 4
2019/12/3, 19, 21, 15, 6
2019/12/4, 26, 27, 6, 7
2019/12/5, 57, 26, 10, 5
2019/12/6, 37, 22, 21, 9
2019/12/7, 25, 28, 17, 9
2019/12/8, 42, 109, 15, 9
2019/12/9, 42, 99, 24, 10
2019/12/10, 43, 22, 23, 10
2019/12/11, 51, 23, 23, 11
2019/12/12, 49, 21, 22, 12
2019/12/13, 47, 20, 18, 7
2019/12/14, 44, 17, 19, 11
2019/12/15, 31, 24, 20, 10
2019/12/16, 32, 15, 20, 7
2019/12/17, 30, 20, 15, 7
2019/12/18, 33, 19, 13, 9
2019/12/19, 32, 20, 14, 12
2019/12/20, 41, 17, 14, 12
2019/12/21, 50, 18, 14, 14
2019/12/22, 51, 15, 20, 16
2019/12/23, 60, 29, 13, 10
2019/12/24, 42, 36, 6, 8
2019/12/25, 47, 32, 10, 9
2019/12/26, 47, 28, 9, 7
2019/12/27, 35, 23, 10, 4
2019/12/28, 23, 17, 11, 6
2019/12/29, 17, 26, 10, 7
2019/12/30, 23, , , 
2019/7/7, 1, 23, 4, 2
2019/7/8, 1, 23, 4, 2
2019/7/9, 142, 32, 7, 2
2019/7/10, 278, 24, 6, 2
2019/7/11, 13, 24, 5, 2
2019/7/12, 137, 82, 13, 2
2019/7/13, 17, 24, 8, 2
2019/7/14, 12, 25, 7, 2
2019/7/15, 10, 26, 9, 2
2019/7/16, 22, 26, 10, 2
2019/7/17, 17, 23, 10, 2
2019/7/18, 16, 25, 10, 2
2019/7/19, 37, 25, 8, 2
2019/7/20, 32, 21, 8, 2
2019/7/21, 19, 23, 7, 2
2019/7/22, 20, 21, 6, 2
2019/7/23, 199, 22, 6, 2
2019/7/24, 13, 20, 6, 2
2019/7/25, 64, 30, 6, 2
2019/7/26, 52, 50, 9, 31
2019/7/27, 13, 20, 25, 1
2019/7/28, 19, 38, 8, 3
2019/7/29, 22, 37, 9, 3
2019/7/30, 28, 46, 13, 3
2019/7/31, 25, 46, 9, 5
2019/8/1, 40, 44, 12, 3
2019/8/2, 30, 41, 8, 3
2019/8/3, 23, 36, 7, 3
2019/8/4, 21, 36, 8, 3
2019/8/5, 31, 21, 20, 3
2019/8/6, 18, 8, 38, 3
2019/8/7, 56, 22, 32, 3
2019/8/8, 19, 29, 7, 3
2019/8/9, 25, 34, 8, 3
2019/8/10, 32, 44, 13, 3
2019/8/11, 27, 36, 11, 3
2019/8/12, 23, 39, 8, 3
2019/8/13, 23, 38, 10, 3
2019/8/14, 64, 34, 12, 3
2019/8/15, 29, 42, 11, 3
2019/8/16, 41, 42, 13, 3
2019/8/17, 62, 44, 14, 4
2019/8/18, 34, 34, 7, 2
2019/8/19, 25, 41, 7, 2
2019/8/20, 37, 70, 18, 3
2019/8/21, 42, 46, 12, 3
2019/8/22, 42, 42, 11, 3
2019/8/23, 31, 38, 7, 2
2019/8/24, 23, 35, 7, 2
2019/8/25, 23, 37, 10, 1
2019/8/26, 27, 43, 4, 1
2019/8/27, 141, 80, 13, 1
2019/8/28, 26, 38, 9, 1
2019/8/29, 26, 36, 9, 1
2019/8/30, 30, 42, 9, 1
2019/8/31, 30, 45, 14, 1
2019/9/1, 129, 46, 8, 1
2019/9/2, 17, 43, 7, 1
2019/9/3, 20, 40, 9, 1
2019/9/4, 19, 36, 8, 1
2019/9/5, 67, 34, 8, 1
2019/9/6, 24, 32, 9, 1
2019/9/7, 23, 37, 8, 1
2019/9/8, 21, 38, 7, 1
2019/9/9, 19, 38, 5, 1
2019/9/10, 19, 32, 7, 1
2019/9/11, 18, 36, 6, 1
2019/9/12, 20, 38, 7, 1
2019/9/13, 25, 36, 8, 1
2019/9/14, 22, 33, 8, 1
2019/9/15, 24, 35, 8, 1
2019/9/16, 22, 29, 7, 1
2019/9/17, 24, 40, 9, 1
2019/9/18, 19, 38, 8, 1
2019/9/19, 27, 36, 9, 1
2019/9/20, 19, 27, 4, 1
2019/9/21, 31, 43, 8, 2
2019/9/22, 15, 30, 4, 1
2019/9/23, 18, 34, 8, 1
2019/9/24, 62, 31, 16, 1
2019/9/25, 25, 27, 13, 1
2019/9/26, 30, 46, 9, 2
2019/9/27, 27, 36, 9, 1
2019/9/28, 27, 32, 13, 1
2019/9/29, 20, 32, 8, 1
2019/9/30, 20, 31, 10, 1
2019/10/1, 21, 31, 12, 2
2019/4/5, 176, 18, 14, 4
2019/4/6, 34, 17, 12, 5
2019/4/7, 42, 18, 10, 4
2019/4/8, 32, 16, 15, 5
2019/4/9, 43, 15, 13, 4
2019/4/10, 43, 15, 12, 4
2019/4/11, 31, 19, 12, 3
2019/4/12, 32, 17, 11, 3
2019/4/13, 23, 20, 12, 4
2019/4/14, 30, 18, 8, 4
2019/4/15, 30, 18, 9, 3
2019/4/16, 44, 18, 9, 3
2019/4/17, 17, 19, 6, 3
2019/4/18, 10, 17, 9, 3
2019/4/19, 10, 19, 7, 3
2019/4/20, 17, 17, 9, 3
2019/4/21, 16, 21, 7, 3
2019/4/22, 13, 17, 6, 3
2019/4/23, 14, 18, 7, 3
2019/4/24, 14, 22, 10, 3
2019/4/25, 24, 22, 12, 4
2019/4/26, 26, 24, 14, 4
2019/4/27, 33, 24, 11, 4
2019/4/28, 28, 22, 6, 3
2019/4/29, 22, 20, 10, 3
2019/4/30, 23, 20, 11, 3
2019/5/1, 33, 20, 11, 3
2019/5/2, 39, 17, 13, 3
2019/5/3, 35, 20, 8, 3
2019/5/4, 12, 17, 9, 3
2019/5/6, 24, 18, 9, 3
2019/5/7, 241, 22, 6, 2
2019/5/8, 218, 26, 7, 3
2019/5/9, 37, 27, 6, 2
2019/5/10, 27, 24, 9, 3
2019/5/11, 28, 24, 9, 3
2019/5/12, 21, 21, 8, 2
2019/5/13, 21, 23, 11, 3
2019/5/14, 21, 34, 13, 3
2019/5/15, 458, 21, 9, 3
2019/5/16, 895, 21, 9, 2
2019/5/17, 895, 21, 9, 2
2019/5/18, 895, 26, 12, 3
2019/5/19, 895, 58, 10, 2
2019/5/20, 895, 24, 8, 2
2019/5/21, 895, 23, 8, 2
2019/5/22, 895, 16, 9, 2
2019/5/23, 895, 12, 8, 2
2019/5/24, 895, 14, 10, 2
2019/5/25, 895, 22, 9, 2
2019/5/31, 35, 26, 9, 2
2019/6/1, 22, 18, 11, 2
2019/6/2, 30, 22, 8, 2
2019/6/3, 34, 24, 10, 2
2019/6/4, 48, 22, 6, 2
2019/6/5, 41, 24, 7, 2
2019/6/6, 28, 21, 5, 2
2019/6/7, 26, 24, 7, 2
2019/6/8, 26, 25, 6, 2
2019/6/9, 22, 28, 4, 2
2019/6/10, 20, 23, 8, 2
2019/6/11, 22, , , 
2019/6/13, 25, 30, 5, 2
2019/6/14, 19, 20, 5, 2
2019/6/15, 15, 32, 13, 2
2019/1/8, 39, 15, 19, 7
2019/1/9, 24, 16, 17, 6
2019/1/10, 20, 14, 19, 7
2019/1/11, 28, 16, 28, 13
2019/1/12, 47, 16, 30, 12
2019/1/13, 54, 18, 27, 12
2019/1/14, 55, 15, 30, 8
2019/1/15, 47, 16, 16, 7
2019/1/16, 20, 18, 18, 6
2019/1/17, 27, 16, 15, 5
2019/1/18, 18, 16, 17, 6
2019/1/19, 25, 16, 12, 5
2019/1/20, 30, , , 
2019/1/22, 77, 14, 24, 9
2019/1/23, 49, 17, 26, 11
2019/1/24, 46, 17, 25, 8
2019/1/25, 56, 15, 21, 9
2019/1/26, 43, 17, 23, 8
2019/1/27, 63, 19, 14, 7
2019/1/28, 52, 14, 24, 6
2019/1/29, 53, 18, 22, 6
2019/1/30, 63, 18, 22, 10
2019/1/31, 62, 15, 22, 8
2019/2/1, 41, 14, 18, 6
2019/2/2, 32, , , 
2019/3/2, 25, 15, 12, 5
2019/3/3, 35, 18, 9, 4
2019/3/4, 92, 16, 17, 6
2019/3/5, 41, 15, 12, 7
2019/3/6, 39, 14, 12, 8
2019/3/7, 38, 16, 7, 4
2019/3/8, 18, 16, 11, 5
2019/3/9, 35, 16, 10, 6
2019/3/10, 34, 18, 9, 6
2019/3/11, 35, 12, 12, 8
2019/3/12, 46, , , 
2018/10/2, 46, 15, 13, 2
2018/10/3, 59, 21, 12, 2
2018/10/4, 46, 23, 8, 2
2018/10/5, 32, 22, 7, 2
2018/10/6, 21, 19, 8, 2
2018/10/7, 23, 23, 12, 3
2018/10/8, 47, 24, 10, 2
2018/10/9, 53, 46, 10, 2
2018/10/10, 43, 9, 18, 3
2018/10/11, 55, 20, 10, 2
2018/10/12, 44, 18, 11, 2
2018/10/13, 44, 16, 13, 2
2018/10/14, 65, 20, 13, 3
2018/10/15, 87, 45, 11, 3
2018/10/16, 124, 18, 8, 3
2018/10/17, 131, 17, 11, 3
2018/10/18, 84, 18, 10, 3
2018/10/19, 64, 15, 10, 3
2018/10/20, 61, 16, 9, 3
2018/10/21, 57, 19, 8, 2
2018/10/22, 39, 18, 9, 4
2018/10/23, 33, 14, 9, 3
2018/10/24, 45, 19, 8, 3
2018/10/25, 40, 21, 7, 3
2018/10/26, 21, 17, 7, 2
2018/10/27, 12, 19, 9, 3
2018/10/28, 31, 17, 10, 5
2018/10/29, 46, 13, 12, 7
2018/10/30, 63, 13, 12, 7
2018/10/31, 56, 14, 11, 6
2018/11/1, 50, 14, 12, 7
2018/11/2, 53, 19, 10, 5
2018/11/3, 40, 17, 13, 6
2018/11/4, 45, 64, 12, 6
2018/11/5, 48, 13, 13, 7
2018/11/6, 48, 17, 13, 7
2018/11/7, 49, 14, 14, 11
2018/11/8, 58, 16, 14, 10
2018/11/9, 68, 17, 14, 11
2018/11/10, 52, 13, 16, 11
2018/11/11, 31, 15, 15, 8
2018/11/15, 22, 11, 12, 5
2018/11/16, 24, , 14, 5
2018/11/17, 37, , 17, 7
2018/11/18, 44, , 19, 12
2018/11/19, 58, , 23, 12
2018/11/20, 66, , 24, 13
2018/11/21, 62, , 22, 10
2018/11/22, 58, , 23, 13
2018/11/23, 60, , 17, 11
2018/11/24, 43, , 16, 11
2018/11/25, 46, , 13, 8
2018/11/26, 28, , 16, 10
2018/11/27, 51, , 17, 9
2018/11/28, 47, , 14, 8
2018/11/29, 46, , 13, 7
2018/11/30, 28, , 14, 6
2018/12/1, 24, , 13, 4
2018/12/2, 22, , 11, 4
2018/12/3, 15, , 10, 4
2018/12/4, 23, , 16, 9
2018/12/5, 44, , 19, 9
2018/12/6, 36, , 15, 7
2018/12/7, 40, 76, 20, 11
2018/12/8, 168, 9, 21, 7
2018/12/9, 34, 12, 22, 6
2018/12/10, 28, 12, 24, 7
2018/12/11, 37, 17, 21, 6
2018/12/12, 20, 14, 25, 4
2018/12/13, 26, 15, 20, 5
2018/12/14, 16, 13, 20, 6
2018/12/15, 27, 10, 30, 10
2018/12/16, 53, 10, 29, 7
2018/12/17, 53, 10, 28, 8
2018/12/18, 44, 11, 28, 8
2018/12/19, 45, 11, 29, 9
2018/12/20, 44, 14, 25, 7
2018/12/21, 25, 10, 20, 6
2018/12/22, 24, 12, 18, 5
2018/12/23, 23, 15, 18, 6
2018/12/24, 30, 12, 19, 6
2018/12/25, 25, 14, 15, 5
2018/12/26, 26, 17, 13, 5
2018/12/27, 17, 11, 14, 4
2018/12/28, 13, , , 
2018/7/2, 34, 24, 11, 2
2018/7/3, 34, 20, 11, 2
2018/7/4, 41, 21, 9, 2
2018/7/5, 33, 21, 9, 1
2018/7/6, 23, 23, 9, 
2018/7/7, 19, 24, 11, 2
2018/7/8, 23, 33, 14, 2
2018/7/9, 35, 34, 15, 2
2018/7/10, 39, 36, 17, 2
2018/7/11, 51, 39, 16, 2
2018/7/12, 56, 28, 12, 2
2018/7/13, 47, 26, 10, 2
2018/7/14, 33, 26, 12, 2
2018/7/15, 31, 29, 11, 2
2018/7/16, 16, 33, 13, 1
2018/7/17, 18, 29, 13, 2
2018/7/18, 30, 28, 13, 2
2018/7/19, 32, 28, 12, 3
2018/7/20, 33, 30, 14, 2
2018/7/21, 33, 30, 12, 2
2018/7/22, 29, 24, 11, 2
2018/7/23, 23, 27, 12, 2
2018/7/24, 21, 26, 13, 2
2018/7/25, 24, 33, 13, 2
2018/7/26, 37, 34, 18, 2
2018/7/27, 62, 37, 14, 2
2018/7/28, 54, 31, 13, 2
2018/7/29, 44, 29, 11, 2
2018/7/30, 30, 29, 14, 2
2018/7/31, 38, 28, 13, 2
2018/8/1, 40, 25, 12, 
2018/8/2, 41, 35, 11, 2
2018/8/3, 27, 33, 12, 2
2018/8/4, 28, 32, 13, 2
2018/8/5, 30, 33, 13, 2
2018/8/6, 31, 30, 16, 2
2018/8/7, 40, 29, 14, 2
2018/8/8, 39, 31, 13, 
2018/8/9, 29, 38, 12, 
2018/8/10, 23, 35, 12, 
2018/8/11, 30, 29, 13, 2
2018/8/12, 32, 27, 10, 2
2018/8/13, 25, 27, 13, 2
2018/8/14, 25, 29, 15, 2
2018/8/15, 35, 33, 18, 2
2018/8/16, 31, 39, 20, 2
2018/8/18, 44, 34, 15, 2
2018/8/19, 38, 29, 13, 2
2018/8/20, 31, 32, 17, 2
2018/8/21, 32, 36, 13, 
2018/8/22, 24, 34, 15, 2
2018/8/23, 24, 28, 15, 2
2018/8/24, 24, 31, 19, 2
2018/8/25, 38, 33, 18, 3
2018/8/26, 40, 37, 20, 2
2018/8/27, 40, 35, 19, 2
2018/8/28, 144, 40, 18, 2
2018/8/29, 41, 38, 22, 2
2018/8/30, 51, 44, 21, 2
2018/8/31, 47, 36, 16, 2
2018/9/1, 39, 35, 15, 2
2018/9/2, 34, 34, 13, 2
2018/9/3, 37, 29, 14, 2
2018/9/4, 40, 34, 16, 2
2018/9/5, 38, 40, 18, 2
2018/9/6, 43, 38, 17, 2
2018/9/7, 49, 39, 16, 2
2018/9/8, 26, 40, 13, 2
2018/9/9, 28, 38, 13, 2
2018/9/10, 27, 31, 16, 2
2018/9/11, 25, 16, 13, 2
2018/9/12, 20, 34, 24, 2
2018/9/13, 46, 31, 17, 2
2018/9/14, 48, 28, 20, 2
2018/9/15, 57, 34, 18, 2
2018/9/16, 52, 36, 13, 2
2018/9/17, 34, 32, 17, 2
2018/9/18, 35, 29, 16, 2
2018/9/19, 31, 31, 19, 2
2018/9/20, 36, 35, 16, 14
2018/9/21, 51, 23, 13, 2
2018/9/22, 54, 26, 10, 2
2018/9/23, 39, 25, 7, 2
2018/9/24, 29, 23, 11, 3
2018/9/25, 39, 25, 9, 2
2018/9/26, 38, 18, 9, 2
2018/9/27, 33, 19, 8, 2
2018/9/28, 29, 21, 14, 2
2018/9/29, 57, 20, 11, 2
2018/9/30, 46, 22, 10, 2
2018/10/1, 42, 16, 12, 2
2018/4/3, 50, 30, 12, 2
2018/4/4, 15, 29, 15, 3
2018/4/5, 25, 27, 15, 3
2018/4/6, 29, 26, 16, 3
2018/4/7, 31, 27, 14, 3
2018/4/8, 27, 26, 15, 4
2018/4/9, 40, 28, 14, 3
2018/4/10, 41, 26, 17, 3
2018/4/11, 43, 27, 16, 3
2018/4/12, 26, 29, 14, 2
2018/4/13, 189, 27, 14, 2
2018/4/14, 40, 29, 12, 2
2018/4/15, 30, 31, 12, 2
2018/4/16, 29, 29, 14, 3
2018/4/17, 28, 31, 13, 3
2018/4/18, 28, 31, 15, 4
2018/4/19, 29, 29, 12, 3
2018/4/20, 31, 29, 12, 2
2018/4/21, 31, 28, 10, 2
2018/4/22, 12, 28, 13, 2
2018/4/23, 22, 32, 14, 3
2018/4/24, 31, 32, 14, 3
2018/4/25, 34, 30, 14, 3
2018/4/26, 33, 30, 14, 3
2018/4/27, 30, 30, 19, 3
2018/4/28, 74, 31, 30, 3
2018/4/29, 39, 28, 25, 2
2018/4/30, 29, 27, 26, 2
2018/5/1, 28, 26, 31, 2
2018/5/2, 35, 29, 25, 2
2018/5/3, 26, 26, 23, 2
2018/5/4, 19, 23, 26, 2
2018/5/5, 21, 28, 25, 2
2018/5/6, 27, 25, 26, 1
2018/5/7, 34, 23, 24, 1
2018/5/8, 29, 26, 23, 1
2018/5/9, 31, 23, 23, 1
2018/5/10, 27, 23, 24, 1
2018/5/11, 15, 25, 24, 1
2018/5/12, 14, 23, 23, 1
2018/5/13, 19, 21, 20, 1
2018/5/14, 6, 23, 23, 1
2018/5/15, 10, 24, 23, 1
2018/5/16, 16, 24, 27, 1
2018/5/17, 23, 30, 23, 1
2018/5/18, 24, 25, 23, 1
2018/5/19, 29, 23, 23, 1
2018/5/20, 25, 24, 22, 1
2018/5/21, 13, 24, 24, 1
2018/5/22, 19, 23, 22, 1
2018/5/23, 21, 25, 21, 1
2018/5/24, 23, 21, 20, 40
2018/5/25, 94, 27, 15, 1
2018/5/26, 28, 25, 13, 1
2018/5/27, 31, 26, 10, 1
2018/5/28, 55, 23, 15, 1
2018/5/29, 51, 22, 12, 1
2018/5/30, 25, 32, 13, 1
2018/5/31, 26, 30, 17, 1
2018/6/1, 23, 26, 17, 1
2018/6/2, 19, 24, 18, 1
2018/6/3, 18, 27, 19, 1
2018/6/4, 26, 22, 21, 1
2018/6/5, 21, 25, 16, 1
2018/6/6, 18, 29, 17, 1
2018/6/7, 26, 30, 17, 1
2018/6/8, 20, 28, 16, 
2018/6/9, 24, 31, 16, 
2018/6/10, 23, 31, 16, 1
2018/6/11, 29, 28, 19, 1
2018/6/13, 38, 24, 21, 1
2018/6/14, 30, 26, 20, 1
2018/6/15, 474, 27, 17, 1
2018/6/16, 45, 28, 16, 1
2018/6/17, 22, 26, 15, 1
2018/6/18, 23, 58, 16, 24
2018/6/19, 72, 29, 13, 2
2018/6/20, 24, 30, 12, 1
2018/6/21, 21, 28, 15, 2
2018/6/22, 28, 27, 16, 
2018/6/23, 37, 30, 13, 2
2018/6/24, 26, 27, 12, 1
2018/6/25, 24, 25, 13, 2
2018/6/26, 32, 31, 13, 1
2018/6/27, 35, 33, 13, 2
2018/6/28, 35, 29, 12, 2
2018/6/29, 39, 33, 14, 2
2018/6/30, 48, 34, 16, 2
2018/7/1, 51, 36, 13, 
2018/1/2, 24, 20, 13, 2
2018/1/3, 22, 21, 10, 2
2018/1/4, 19, 22, 14, 4
2018/1/5, 27, 20, 18, 4
2018/1/6, 38, 20, 16, 4
2018/1/7, 29, 20, 11, 3
2018/1/8, 24, 21, 14, 4
2018/1/9, 30, 21, 12, 4
2018/1/10, 22, 20, 12, 3
2018/1/11, 22, 20, 14, 3
2018/1/12, 24, 22, 19, 11
2018/1/13, 45, 31, 19, 3
2018/1/14, 37, 20, 17, 3
2018/1/15, 34, 19, 14, 3
2018/1/16, 15, 22, 13, 2
2018/1/17, 16, 21, 13, 3
2018/1/18, 19, 22, 12, 2
2018/1/19, 11, 18, 17, 1
2018/1/20, 14, 21, 14, 2
2018/1/21, 16, 22, 18, 3
2018/1/22, 37, 26, 12, 3
2018/1/23, 36, 21, 16, 2
2018/1/24, 54, 18, 13, 1
2018/1/25, 18, 19, 11, 2
2018/1/26, 9, 21, 14, 2
2018/1/27, 17, 21, 13, 2
2018/1/28, 17, 20, 12, 2
2018/1/29, 2, 21, 12, 2
2018/1/30, 1, 22, 13, 3
2018/1/31, 2, 23, 14, 3
2018/2/1, 1, 25, 21, 3
2018/2/2, 2, 26, 17, 4
2018/2/3, 84, 26, 19, 5
2018/2/4, 2, 21, 19, 5
2018/2/5, 2, 19, 22, 30
2018/2/6, 203, 20, 26, 6
2018/2/7, 68, 25, 18, 4
2018/2/8, 59, 23, 19, 5
2018/2/9, 79, 23, 25, 5
2018/2/10, 71, 23, 19, 4
2018/2/11, 60, 24, 14, 3
2018/2/12, 54, 23, 18, 3
2018/2/13, 60, 20, 18, 3
2018/2/14, 34, 21, 18, 3
2018/2/15, 38, 24, 17, 3
2018/2/16, 46, 25, 20, 4
2018/2/17, 53, 23, 18, 4
2018/2/18, 58, 21, 13, 2
2018/2/19, 17, 22, 15, 3
2018/2/20, 26, 23, 16, 3
2018/2/21, 37, 22, 19, 3
2018/2/22, 41, 25, 23, 4
2018/2/23, 50, 24, 18, 4
2018/2/24, 41, 25, 15, 3
2018/2/25, 38, 25, 15, 3
2018/2/26, 36, 24, 18, 2
2018/2/27, 28, 25, 21, 3
2018/2/28, 45, 24, 19, 3
2018/3/1, 34, 25, 16, 2
2018/3/2, 22, 25, 17, 3
2018/3/3, 44, 19, 20, 3
2018/3/4, 62, 24, 18, 3
2018/3/5, 64, 25, 16, 2
2018/3/6, 24, 22, 19, 3
2018/3/7, 53, 22, 19, 2
2018/3/8, 60, 19, 19, 3
2018/3/9, 56, 26, 14, 2
2018/3/10, 16, 26, 15, 2
2018/3/11, 24, 25, 17, 3
2018/3/12, 36, 25, 17, 3
2018/3/13, 34, 24, 14, 3
2018/3/14, 36, 26, 14, 3
2018/3/15, 48, 22, 16, 2
2018/3/16, 18, 20, 18, 2
2018/3/17, 19, 26, 16, 2
2018/3/18, 24, 23, 19, 4
2018/3/19, 56, 26, 18, 4
2018/3/20, 75, 28, 11, 3
2018/3/21, 83, 29, 16, 3
2018/3/22, 130, 23, 20, 5
2018/3/23, 60, 25, 17, 3
2018/3/24, 99, 27, 11, 4
2018/3/25, 96, 28, 14, 3
2018/3/26, 26, 25, 17, 3
2018/3/27, 30, 26, 18, 4
2018/3/28, 57, 26, 14, 3
2018/3/29, 92, 26, 12, 2
2018/3/30, 66, 23, 16, 2
2018/3/31, 61, , , 
2017/10/5, 38, 6, 9, 1
2017/10/6, 43, 6, 12, 2
2017/10/7, 40, 6, 13, 2
2017/10/8, 42, 6, 12, 2
2017/10/9, 46, 5, 10, 2
2017/10/10, 63, 5, 12, 2
2017/10/11, 20, 6, 10, 
2017/10/12, 22, 6, 7, 
2017/10/13, 32, 6, 9, 1
2017/10/14, 38, 6, 12, 1
2017/10/15, 29, 6, 8, 1
2017/10/16, 25, 5, 7, 1
2017/10/17, 18, 5, 6, 1
2017/10/18, 26, 6, 9, 1
2017/10/19, 82, 6, 11, 10
2017/10/20, 65, 6, 14, 4
2017/10/21, 52, 6, 12, 5
2017/10/22, 50, 6, 12, 4
2017/10/23, 44, 6, 12, 4
2017/10/24, 52, 6, 14, 4
2017/10/25, 68, 6, 19, 5
2017/10/26, 134, 6, 20, 5
2017/10/27, 85, 6, 16, 4
2017/10/28, 47, , 16, 3
2017/10/29, 46, , 8, 2
2017/10/30, 21, , 4, 2
2017/10/31, 11, , 6, 2
2017/11/1, 19, , 7, 2
2017/11/2, 24, , 6, 2
2017/11/3, 35, , 10, 4
2017/11/4, 58, 182, 15, 5
2017/11/5, 49, 24, 18, 5
2017/11/6, 54, 24, 19, 4
2017/11/7, 35, 25, 14, 3
2017/11/8, 85, 20, 17, 3
2017/11/9, 105, 14, 19, 3
2017/11/10, 74, 15, 16, 3
2017/11/11, 58, 20, 15, 3
2017/11/12, 57, 18, 20, 4
2017/11/13, 44, 20, 19, 5
2017/11/14, 48, 18, 20, 5
2017/11/15, 62, 16, 23, 4
2017/11/16, 67, 18, 22, 4
2017/11/17, 103, 19, 19, 7
2017/11/18, 84, 17, 20, 4
2017/11/19, 51, 23, 16, 4
2017/11/20, 61, 21, 17, 4
2017/11/21, 51, 24, 11, 3
2017/11/22, 24, 25, 9, 3
2017/11/24, 19, 17, 13, 2
2017/11/25, 24, 23, 12, 3
2017/11/26, 20, 23, 11, 3
2017/11/27, 33, 21, 14, 5
2017/11/28, 43, 19, 17, 5
2017/11/29, 52, 16, 20, 6
2017/11/30, 24, 19, 15, 3
2017/12/1, 23, 22, 14, 2
2017/12/2, 38, 20, 15, 4
2017/12/3, 48, 18, 16, 5
2017/12/4, 56, 16, 18, 6
2017/12/5, 36, 14, 20, 7
2017/12/6, 43, 41, 15, 6
2017/12/14, 274, 17, 21, 5
2017/12/15, 68, 15, 25, 13
2017/12/16, 62, 15, 23, 8
2017/12/17, 60, 17, 21, 8
2017/12/18, 60, 15, 23, 9
2017/12/19, 66, 15, 24, 11
2017/12/20, 44, 24, 16, 10
2017/12/21, 45, 15, 16, 4
2017/12/22, 96, 14, 21, 4
2017/12/23, 84, 11, 19, 3
2017/12/24, 27, 24, 10, 4
2017/12/25, 20, 22, 9, 2
2017/12/26, 13, 19, 11, 2
2017/12/27, 29, 22, 15, 2
2017/12/28, 57, 16, 22, 4
2017/12/29, 56, 16, 24, 7
2017/12/30, 57, 24, 21, 8
2017/12/31, 48, 24, 17, 6
2017/7/2, 34, , 9, 1
2017/7/3, 44, , 10, 1
2017/7/4, 52, , 7, 2
2017/7/5, 54, , 4, 1
2017/7/6, 21, , 5, 1
2017/7/7, 27, , 4, 
2017/7/8, 15, , 5, 
2017/7/9, 23, , 5, 2
2017/7/10, 24, , 8, 1
2017/7/11, 30, , 9, 1
2017/7/12, 35, , 10, 1
2017/7/13, 36, , 8, 1
2017/7/14, 36, , 7, 1
2017/7/15, 33, , 7, 1
2017/7/16, 36, , 8, 2
2017/7/17, 40, , 12, 10
2017/7/18, 53, , 14, 1
2017/7/19, 53, , 10, 1
2017/7/20, 51, , 7, 
2017/7/21, 40, , 9, 1
2017/7/22, 38, , 8, 
2017/7/23, 50, , 7, 1
2017/7/24, 38, , , 
2017/7/26, 39, , 9, 
2017/7/27, 34, , 10, 1
2017/7/28, 43, , 9, 1
2017/7/29, 47, 500, 7, 1
2017/7/30, 43, , 5, 
2017/7/31, 25, , 7, 1
2017/8/1, 32, , 10, 1
2017/8/2, 44, , 12, 1
2017/8/3, 46, , 17, 2
2017/8/4, 47, , 13, 1
2017/8/5, 41, , 13, 1
2017/8/6, 37, , 12, 1
2017/8/7, 30, , 13, 1
2017/8/8, 37, , 10, 1
2017/8/9, 32, , 9, 1
2017/8/10, 34, , 9, 1
2017/8/11, 36, , 13, 1
2017/8/12, 39, , 12, 1
2017/8/13, 59, , 9, 1
2017/8/14, 45, , 8, 1
2017/8/15, 43, , 7, 1
2017/8/16, 41, , 9, 
2017/8/17, 32, , 9, 
2017/8/18, 30, , 8, 
2017/8/19, 39, , 9, 1
2017/8/20, 40, , 8, 1
2017/8/21, 43, 2, 7, 1
2017/8/22, 37, 4, 9, 1
2017/8/23, 47, 4, 7, 
2017/8/24, 37, 4, 7, 
2017/8/25, 27, 5, 7, 
2017/8/26, 32, 4, 5, 1
2017/8/27, 28, 4, 6, 1
2017/8/28, 36, 4, 8, 1
2017/8/29, 47, 4, 8, 1
2017/8/30, 43, 4, 5, 
2017/8/31, 32, 4, 6, 
2017/9/1, 27, 4, 5, 
2017/9/2, 23, 4, 6, 1
2017/9/3, 23, 5, 7, 1
2017/9/4, 28, 5, 9, 1
2017/9/5, 32, , 13, 1
2017/9/6, 40, , 27, 1
2017/9/7, 75, , , 
2017/9/12, 44, , 11, 1
2017/9/13, 61, 6, 10, 1
2017/9/14, 47, 6, 10, 1
2017/9/15, 48, 6, 13, 1
2017/9/16, 52, , 15, 1
2017/9/17, 57, , 12, 1
2017/9/18, 66, , 10, 1
2017/9/19, 54, 6, 11, 18
2017/9/20, 53, 6, 18, 2
2017/9/21, 103, 6, 15, 2
2017/9/22, 82, 7, 13, 1
2017/9/23, 57, 6, 9, 1
2017/9/24, 117, 6, 10, 1
2017/9/25, 29, 5, 12, 1
2017/4/2, 19, 26, 5, 2
2017/4/3, 9, 24, 10, 3
2017/4/4, 14, 26, 11, 4
2017/4/5, 17, 28, 7, 3
2017/4/6, 18, 27, 10, 4
2017/4/7, 19, 25, 13, 4
2017/4/8, 17, 31, 8, 2
2017/4/9, 9, 27, 4, 2
2017/4/10, 4, 28, 7, 3
2017/4/11, 11, , , 
2017/4/20, 19, 24, 11, 3
2017/4/21, 9, 24, 12, 3
2017/4/22, 9, 24, 7, 3
2017/4/23, 11, 25, 5, 2
2017/4/24, 14, 26, 4, 2
2017/4/25, 5, 29, 5, 2
2017/4/26, 6, 24, 9, 2
2017/4/27, 7, 25, 10, 4
2017/4/28, 9, 27, 11, 3
2017/4/29, 10, 24, 8, 2
2017/4/30, 8, 31, 6, 2
2017/5/1, 7, 30, 9, 3
2017/5/2, 10, 21, 14, 3
2017/5/3, 14, 22, 7, 2
2017/5/4, 17, 24, 7, 2
2017/5/5, 4, 27, 9, 2
2017/5/6, 8, 26, 7, 1
2017/5/7, 10, 27, 5, 1
2017/5/8, 8, 28, 9, 1
2017/5/9, 7, 22, 10, 1
2017/5/10, 9, 19, 11, 2
2017/5/11, 10, 23, 7, 1
2017/5/12, 8, 27, 8, 1
2017/5/13, 9, 27, 8, 1
2017/5/14, 10, 24, 5, 1
2017/5/15, 11, 23, 7, 1
2017/5/16, 9, 20, 7, 11
2017/5/17, 187, 18, 5, 1
2017/5/18, 6, 17, 8, 1
2017/5/19, 6, 21, 8, 1
2017/5/20, 6, 22, 7, 1
2017/5/21, 5, 22, 5, 1
2017/5/22, 5, 25, 7, 1
2017/5/23, 6, 21, 7, 1
2017/5/24, 4, 26, 5, 1
2017/5/25, 4, 28, 8, 1
2017/5/26, 5, 25, 7, 1
2017/5/27, 5, 26, 7, 1
2017/5/28, 5, 27, 6, 1
2017/5/29, 6, 30, 9, 1
2017/5/30, 6, 32, 7, 1
2017/5/31, 7, 29, 6, 1
2017/6/1, 7, 28, 5, 1
2017/6/2, 6, 26, 6, 1
2017/6/3, 6, 29, 6, 1
2017/6/4, 5, 27, 6, 1
2017/6/5, 8, 22, 9, 1
2017/6/6, 7, 31, 8, 1
2017/6/7, 8, 28, 6, 1
2017/6/8, 7, 32, 6, 1
2017/6/9, 8, 28, 5, 1
2017/6/10, 8, 23, 5, 1
2017/6/11, 7, 27, 4, 1
2017/6/12, 8, 24, 5, 1
2017/6/13, 7, 26, 6, 1
2017/6/14, 7, 24, 8, 1
2017/6/15, 6, 25, 5, 33
2017/6/16, 87, 22, 5, 
2017/6/17, 20, 24, 7, 
2017/6/18, 21, 29, 6, 1
2017/6/19, 23, 26, 5, 1
2017/6/20, 29, 39, 7, 1
2017/6/21, 23, 26, 6, 
2017/6/22, 18, 23, 5, 
2017/6/23, 23, 22, 6, 
2017/6/24, 27, 24, 6, 2
2017/6/25, 22, 25, 6, 1
2017/6/26, 24, 22, 6, 1
2017/6/27, 24, 14, 5, 1
2017/6/28, 26, 2, 6, 1
2017/6/29, 29, , 7, 2
2017/6/30, 28, , 7, 2
2017/7/1, 32, , 8, 1
2017/1/3, 35, 17, 25, 5
2017/1/4, 47, 16, 35, 8
2017/1/5, 55, 18, 22, 9
2017/1/6, 83, 16, 21, 6
2017/1/7, 20, 22, 13, 4
2017/1/8, 14, 23, 10, 4
2017/1/9, 20, 24, 9, 3
2017/1/10, 25, 20, 17, 3
2017/1/11, 17, 19, 21, 4
2017/1/12, 28, 19, 22, 4
2017/1/13, 43, 20, 18, 4
2017/1/14, 23, 16, 18, 3
2017/1/15, 30, 13, 23, 4
2017/1/16, 41, 20, 19, 5
2017/1/17, 43, 21, 26, 6
2017/1/18, 55, 18, 27, 6
2017/1/19, 47, 16, 23, 5
2017/1/20, 37, 15, 18, 4
2017/1/21, 24, 11, 16, 3
2017/1/22, 26, 17, 12, 3
2017/1/23, 27, 17, 17, 4
2017/1/24, 45, 16, 19, 4
2017/1/25, 54, 17, 19, 4
2017/1/26, 37, 15, 15, 2
2017/1/27, 15, 16, 7, 2
2017/1/28, 7, 17, 9, 3
2017/1/29, 12, 18, 9, 3
2017/1/30, 16, 18, 22, 5
2017/1/31, 27, 19, 14, 5
2017/2/1, 23, 19, 5, 2
2017/2/2, 13, 20, 14, 3
2017/2/3, 23, 21, 23, 5
2017/2/4, 34, 18, 26, 7
2017/2/5, 47, 18, 27, 8
2017/2/6, 43, 18, 19, 5
2017/2/7, 32, 17, 21, 3
2017/2/8, 36, 18, 25, 4
2017/2/9, 40, 18, 28, 6
2017/2/10, 44, 20, 24, 4
2017/2/11, 41, 10, 27, 4
2017/2/12, 46, 22, 7, 2
2017/2/13, 21, 21, 8, 3
2017/2/14, 27, 19, 16, 4
2017/2/15, 41, 21, 9, 2
2017/2/16, 22, 18, 7, 2
2017/2/17, 13, 21, 5, 2
2017/2/18, 12, 23, 15, 4
2017/2/19, 39, 22, 22, 5
2017/2/20, 58, 21, 25, 6
2017/2/21, 63, 21, 21, 6
2017/2/22, 54, 17, 21, 7
2017/2/23, 44, 21, 14, 3
2017/2/24, 16, 16, 13, 3
2017/2/25, 25, 23, 21, 5
2017/2/26, 45, 23, 16, 5
2017/2/27, 30, 17, 21, 5
2017/2/28, 36, 19, 22, 5
2017/3/1, 42, 16, 20, 5
2017/3/2, 47, 20, 18, 7
2017/3/3, 47, 18, 19, 5
2017/3/4, 40, 13, 14, 2
2017/3/5, 20, 22, 16, 3
2017/3/6, 19, 21, 13, 3
2017/3/7, 36, 23, 10, 2
2017/3/8, 38, 24, 11, 2
2017/3/9, 44, 24, 10, 2
2017/3/10, 37, 21, 16, 3
2017/3/11, 56, 23, 12, 4
2017/3/12, 50, 23, 7, 2
2017/3/13, 895, 19, 14, 2
2017/3/14, 37, 23, 8, 1
2017/3/15, 24, 27, 7, 13
2017/3/16, 88, 22, 9, 3
2017/3/17, 15, 26, 6, 3
2017/3/18, 17, 26, 8, 2
2017/3/19, 8, 28, 10, 3
2017/3/20, 21, 25, 12, 4
2017/3/21, 27, 24, 6, 3
2017/3/22, 10, 27, 7, 4
2017/3/23, 10, 27, 8, 4
2017/3/24, 20, 29, 9, 5
2017/3/25, 23, 30, 8, 4
2017/3/26, 18, 28, 8, 6
2017/3/27, 21, 30, 7, 5
2017/3/28, 17, 30, 7, 3
2017/3/29, 11, 27, 9, 5
2017/3/30, 18, 27, 8, 4
2017/3/31, 15, 25, 9, 4
2017/4/1, 18, 23, 10, 4
2016/10/2, 90, 17, 7, 2
2016/10/3, 49, , , 
2016/10/6, 102, , , 
2016/11/4, 150, 19, 10, 3
2016/11/5, 52, 24, 6, 4
2016/11/6, 48, 25, 1, 3
2016/11/7, 47, 24, 2, 4
2016/11/8, 75, 24, 1, 4
2016/11/9, 91, 23, 4, 4
2016/11/10, 83, 28, 3, 3
2016/11/11, 80, 28, 9, 3
2016/11/12, 79, 25, 8, 3
2016/11/13, 80, 24, 7, 2
2016/11/14, 58, 21, 16, 4
2016/11/15, 112, 18, 13, 2
2016/11/16, 69, 16, 7, 1
2016/11/17, 29, 23, 7, 1
2016/11/18, 13, 23, 7, 1
2016/11/19, 26, 23, 7, 2
2016/11/20, 55, 25, 12, 3
2016/11/21, 27, 24, 15, 3
2016/11/22, 64, 25, 15, 3
2016/11/23, 34, 23, 18, 5
2016/11/24, 44, 22, 18, 5
2016/11/25, 40, 21, 15, 4
2016/11/26, 32, 22, 11, 4
2016/11/27, 20, 22, 19, 6
2016/11/28, 38, 22, 19, 5
2016/11/29, 42, 24, 20, 4
2016/11/30, 75, 31, 12, 4
2016/12/1, 28, 16, 14, 1
2016/12/2, 13, 18, 9, 1
2016/12/3, 8, 26, 11, 2
2016/12/4, 11, 24, 20, 4
2016/12/5, 20, 27, 14, 3
2016/12/6, 16, 23, 11, 1
2016/12/7, 21, 24, 12, 3
2016/12/8, 33, 25, 8, 12
2016/12/9, 26, 23, 10, 2
2016/12/10, 24, 23, 12, 3
2016/12/11, 17, 27, 9, 2
2016/12/12, 14, 24, 18, 3
2016/12/13, 23, 23, 14, 2
2016/12/14, 17, 25, 5, 2
2016/12/15, 9, 25, 12, 2
2016/12/16, 16, 25, 15, 3
2016/12/17, 24, 24, 18, 3
2016/12/18, 27, 14, 15, 2
2016/12/19, 29, 16, 16, 3
2016/12/20, 36, 16, 20, 5
2016/12/21, 43, 20, 23, 6
2016/12/22, 45, 18, 26, 6
2016/12/23, 41, 15, 29, 7
2016/12/24, 55, 18, 24, 6
2016/12/25, 42, 7, 32, 5
2016/12/26, 48, 14, 22, 3
2016/12/27, 26, 13, 27, 5
2016/12/28, 37, 17, 27, 5
2016/12/29, 35, 22, 17, 7
2016/12/30, 21, 23, 24, 7
2016/12/31, 29, 16, 28, 6
2017/1/1, 42, 18, 20, 4
2017/1/2, 23, 17, 24, 4
2016/7/2, 32, 38, 5, 
2016/7/3, 31, 36, 4, 
2016/7/4, 27, 32, 6, 
2016/7/5, 37, 34, 3, 
2016/7/6, 23, 38, 3, 
2016/7/7, 25, 47, 5, 
2016/7/8, 27, 41, 4, 
2016/7/9, 18, 36, 4, 
2016/7/10, 24, 33, 3, 
2016/7/11, 19, 38, 1, 
2016/7/12, 23, 35, 4, 1
2016/7/13, 25, 41, 5, 
2016/7/14, 27, 45, 5, 
2016/7/15, 25, 46, 5, 1
2016/7/16, 35, 43, 5, 
2016/7/17, 33, 44, 8, 
2016/7/18, 52, 43, 11, 
2016/7/19, 71, 36, 9, 
2016/7/20, 48, 41, 1, 
2016/7/21, 35, 42, 2, 
2016/7/22, 30, 32, 4, 
2016/7/23, 29, 35, 5, 
2016/7/24, 30, 33, 5, 
2016/7/25, 35, 36, 6, 
2016/7/26, 35, 35, 6, 
2016/7/27, 35, 36, 6, 
2016/7/28, 36, 37, 5, 
2016/7/29, 29, 38, 5, 
2016/7/30, 29, 43, 6, 
2016/7/31, 42, 44, 5, 
2016/8/1, 28, 44, 7, 
2016/8/2, 44, 45, 10, 7
2016/8/3, 36, 43, 9, 
2016/8/4, 50, 39, 9, 
2016/8/5, 40, 38, 11, 
2016/8/6, 39, 44, 6, 
2016/8/7, 40, 38, 7, 
2016/8/8, 37, 38, 5, 
2016/8/9, 29, 40, 5, 
2016/8/10, 35, 53, 9, 1
2016/8/11, 51, 42, 5, 
2016/8/12, 46, 38, 5, 
2016/8/13, 31, 41, 4, 
2016/8/14, 35, 37, 3, 
2016/8/15, 30, 30, 5, 
2016/8/16, 24, 34, 5, 
2016/8/17, 45, 28, 7, 
2016/8/18, 40, 37, 8, 
2016/8/19, 41, 43, 10, 
2016/8/20, 54, 51, 7, 1
2016/8/21, 55, 52, 6, 
2016/8/22, 48, 43, 9, 
2016/8/23, 50, 45, 11, 
2016/8/24, 50, 42, 10, 
2016/8/25, 52, 40, 8, 
2016/8/26, 83, 36, 9, 
2016/8/27, 68, 39, 7, 1
2016/8/28, 74, 49, 7, 
2016/8/29, 54, 45, 12, 
2016/8/30, 52, 32, 13, 1
2016/8/31, 79, 35, 9, 
2016/9/1, 57, 42, 6, 
2016/9/2, 43, 32, 8, 
2016/9/3, 64, 37, 7, 
2016/9/4, 44, 37, 2, 
2016/9/5, 25, 36, 8, 
2016/9/6, 35, 37, 7, 
2016/9/7, 35, 37, 7, 
2016/9/8, 47, 31, 11, 1
2016/9/9, 42, 30, 9, 1
2016/9/10, 32, 30, 10, 1
2016/9/11, 43, 27, 5, 1
2016/9/12, 20, 34, 3, 
2016/9/13, 21, 29, 11, 1
2016/9/14, 35, 33, 7, 1
2016/9/15, 41, 30, 7, 
2016/9/16, 22, 21, 9, 
2016/9/17, 28, 28, 6, 1
2016/9/18, 17, 32, 9, 
2016/9/19, 23, 34, 8, 1
2016/9/20, 31, 37, 5, 1
2016/9/21, 43, 28, 2, 1
2016/9/22, 46, 26, 4, 
2016/9/23, 94, 22, 9, 1
2016/9/24, 18, 26, 3, 1
2016/9/25, 25, 28, 7, 1
2016/9/26, 31, 27, 5, 1
2016/9/27, 49, 31, 3, 2
2016/9/28, 49, 26, 4, 1
2016/9/29, 32, 26, 3, 1
2016/9/30, 21, 22, 3, 1
2016/10/1, 20, 27, 12, 2
2016/4/2, 30, 39, 8, 3
2016/4/3, 40, 37, 7, 3
2016/4/4, 30, 40, 9, 3
2016/4/5, 42, 33, 11, 4
2016/4/6, 127, 36, 11, 4
2016/4/7, 66, 39, 8, 3
2016/4/8, 55, 39, 8, 2
2016/4/9, 62, 37, 8, 2
2016/4/10, 51, 34, 7, 2
2016/4/11, 23, 33, 8, 2
2016/4/12, 30, 38, 8, 1
2016/4/13, 27, 37, 9, 3
2016/4/14, 30, 38, 7, 2
2016/4/15, 25, 36, 8, 1
2016/4/16, 42, 39, 6, 1
2016/4/17, 32, 41, 7, 2
2016/4/18, 48, 40, 7, 2
2016/4/19, 42, 36, 9, 2
2016/4/20, 48, 35, 7, 1
2016/4/21, 65, 41, 6, 1
2016/4/22, 51, 43, 9, 2
2016/4/23, 19, 37, 11, 2
2016/4/24, 54, 42, 8, 2
2016/4/25, 53, 41, 5, 2
2016/4/26, 72, 37, 9, 1
2016/4/27, 50, 36, 5, 1
2016/4/28, 43, 38, 7, 1
2016/4/29, 29, 38, 6, 
2016/4/30, 8, , , 
2016/5/5, 29, 39, 6, 1
2016/5/6, 29, 41, 7, 1
2016/5/7, 11, 42, 6, 
2016/5/8, 8, 45, 4, 1
2016/5/9, 10, 42, 8, 1
2016/5/10, 54, 42, 8, 1
2016/5/11, 36, 47, 6, 1
2016/5/12, 20, 43, 8, 1
2016/5/13, 36, 32, 10, 1
2016/5/14, 35, 37, 9, 1
2016/5/15, 57, 33, 7, 1
2016/5/16, 63, 42, 6, 
2016/5/17, 32, 43, 7, 
2016/5/18, 54, 41, 7, 
2016/5/19, 61, 37, 5, 
2016/5/20, 23, 39, 4, 
2016/5/21, 20, 40, 6, 1
2016/5/22, 34, 42, 7, 
2016/5/23, 40, 39, 7, 
2016/5/24, 25, 39, 6, 
2016/5/25, 17, 40, 5, 1
2016/5/26, 26, 38, 7, 
2016/5/27, 28, 39, 8, 
2016/5/28, 21, 46, 5, 
2016/5/29, 21, 53, 6, 
2016/5/30, 11, 35, 8, 
2016/5/31, 13, 41, 5, 1
2016/6/1, 35, 35, 9, 
2016/6/2, 32, 42, 6, 
2016/6/3, 32, 40, 8, 
2016/6/4, 50, 42, 5, 
2016/6/5, 39, 44, 6, 
2016/6/6, 31, 45, 5, 
2016/6/7, 25, 39, 6, 
2016/6/8, 10, 37, 5, 
2016/6/9, 23, 35, 5, 1
2016/6/10, 13, 38, 4, 
2016/6/11, 16, 38, 5, 
2016/6/12, 27, 43, 5, 
2016/6/13, 28, 46, 5, 
2016/6/14, 28, 55, 6, 1
2016/6/15, 44, 37, 7, 
2016/6/16, 45, 34, 5, 
2016/6/17, 15, 35, 4, 1
2016/6/18, 29, 38, 6, 
2016/6/19, 39, 42, 5, 
2016/6/20, 42, 38, 6, 
2016/6/21, 46, 34, 6, 
2016/6/22, 42, 31, 6, 1
2016/6/23, 37, 38, 9, 
2016/6/24, 58, 37, 4, 
2016/6/25, 49, 39, 6, 
2016/6/26, 43, 49, 7, 
2016/6/27, 39, 46, 6, 
2016/6/28, 43, 39, 7, 
2016/6/29, 49, 41, 5, 
2016/6/30, 36, 40, 8, 1
2016/7/1, 101, 36, 6, 
2016/1/5, 20, , , 3
2016/1/6, 12, , , 2
2016/1/7, 19, , , 3
2016/1/8, 18, , , 3
2016/1/9, 17, , , 2
2016/1/10, 14, , , 2
2016/1/11, 34, , , 3
2016/1/12, 52, , , 3
2016/1/13, 53, , , 3
2016/1/14, 49, , , 2
2016/1/15, 19, , , 3
2016/1/16, 23, , , 3
2016/1/17, 39, , , 3
2016/1/18, 50, , , 3
2016/1/19, 32, , , 2
2016/1/20, 23, , , 3
2016/1/21, 34, , , 3
2016/1/22, 57, , , 3
2016/1/23, 36, , , 3
2016/1/24, 21, , , 2
2016/1/25, 37, , , 2
2016/1/26, 26, , , 1
2016/1/27, 33, , , 2
2016/1/28, 44, , , 2
2016/1/29, 56, , , 3
2016/1/30, 47, , , 3
2016/1/31, 33, , , 3
2016/2/1, 51, , , 2
2016/2/2, 39, , , 3
2016/2/3, 32, , , 16
2016/2/4, 45, , , 25
2016/2/5, 54, , , 15
2016/2/6, 42, , , 14
2016/2/7, 33, , , 7
2016/2/8, 12, , , 14
2016/2/9, 22, , , 21
2016/2/10, 46, , , 23
2016/2/11, 53, , , 23
2016/2/12, 60, , , 23
2016/2/13, 48, , , 29
2016/2/14, 58, , , 21
2016/2/15, 51, , , 28
2016/2/16, 62, , , 24
2016/2/17, 56, , , 14
2016/2/18, 43, , , 16
2016/2/19, 45, , , 19
2016/2/20, 49, , , 23
2016/2/21, 62, , , 26
2016/2/22, 28, , 21, 10
2016/2/23, 34, , 15, 12
2016/2/24, 33, , 24, 15
2016/2/25, 59, , 19, 14
2016/2/26, 42, , 19, 13
2016/2/27, 49, , 16, 10
2016/2/28, 47, , 14, 12
2016/2/29, 40, , 12, 8
2016/3/1, 55, , 15, 10
2016/3/2, 87, , 13, 14
2016/3/3, 58, 44, 8, 4
2016/3/4, 64, 39, 10, 3
2016/3/5, 19, 39, 5, 2
2016/3/6, 22, 40, 7, 4
2016/3/7, 11, 37, 8, 3
2016/3/8, 27, 41, 8, 3
2016/3/9, 30, 40, 8, 3
2016/3/10, 34, 35, 7, 3
2016/3/11, 52, 36, 13, 5
2016/3/12, 38, 36, 11, 5
2016/3/13, 42, 37, 8, 4
2016/3/14, 35, 31, 12, 4
2016/3/15, 36, 36, 8, 3
2016/3/16, 15, 33, 7, 3
2016/3/17, 28, 24, 8, 4
2016/3/18, 37, , 11, 6
2016/3/19, 45, , 11, 5
2016/3/20, 58, , 9, 4
2016/3/21, 22, , 11, 6
2016/3/22, 31, , 10, 5
2016/3/23, 39, 34, 17, 10
2016/3/24, 55, 39, 11, 6
2016/3/25, 74, 40, 7, 4
2016/3/26, 79, 37, 8, 2
2016/3/27, 26, 37, 6, 2
2016/3/28, 30, 36, 9, 4
2016/3/29, 38, 35, 7, 2
2016/3/30, 12, 37, 8, 3
2016/3/31, 28, 37, 8, 2
2016/4/1, 19, 41, 9, 4
2015/10/2, 28, , , 2
2015/10/3, 10, , , 
2015/10/4, 8, , , 2
2015/10/5, 8, , , 2
2015/10/6, 19, , , 2
2015/10/7, 21, , , 2
2015/10/8, 6, , , 2
2015/10/9, 5, , , 3
2015/10/10, 12, , , 
2015/10/11, 11, , , 3
2015/10/12, 22, , , 3
2015/10/13, 24, , , 3
2015/10/14, 13, , , 2
2015/10/15, 9, , , 3
2015/10/16, 14, , , 3
2015/10/17, 20, , , 3
2015/10/18, 20, , , 3
2015/10/19, 21, , , 3
2015/10/20, 23, , , 3
2015/10/21, 36, , , 3
2015/10/22, 27, , , 3
2015/10/23, 36, , , 3
2015/10/24, 24, , , 3
2015/10/25, 12, , , 2
2015/10/26, 9, , , 
2015/10/27, 4, , , 3
2015/10/28, 4, , , 
2015/10/29, 7, , , 3
2015/10/30, 12, , , 3
2015/10/31, 17, , , 3
2015/11/1, 14, , , 3
2015/11/2, 10, , , 2
2015/11/3, 13, , , 3
2015/11/4, 20, , , 3
2015/11/5, 23, , , 3
2015/11/6, 32, , , 3
2015/11/7, 28, , , 3
2015/11/8, 31, , , 2
2015/11/9, 14, , , 2
2015/11/10, 12, , , 3
2015/11/11, 9, , , 2
2015/11/12, 7, , , 2
2015/11/13, 5, , , 2
2015/11/14, 6, , , 2
2015/11/15, 12, , , 3
2015/11/16, 26, , , 2
2015/11/17, 17, , , 2
2015/11/18, 18, , , 3
2015/11/19, 23, , , 3
2015/11/20, 29, , , 3
2015/11/21, 23, , , 3
2015/11/22, 26, , , 4
2015/11/23, 35, , , 3
2015/11/24, 43, , , 4
2015/11/25, 48, , , 3
2015/11/26, 43, , , 3
2015/11/27, 31, , , 3
2015/11/28, 19, , , 2
2015/11/29, 23, , , 2
2015/11/30, 15, , , 2
2015/12/1, 12, , , 1
2015/12/2, 5, , , 1
2015/12/3, 7, , , 1
2015/12/4, 6, , , 1
2015/12/5, 11, , , 1
2015/12/6, 16, , , 2
2015/12/7, 12, , , 2
2015/12/8, 14, , , 2
2015/12/9, 22, , , 2
2015/12/10, 28, , , 2
2015/12/11, 45, , , 2
2015/12/12, 47, , , 2
2015/12/13, 49, , , 2
2015/12/14, 50, , , 3
2015/12/15, 52, , , 3
2015/12/16, 31, , , 3
2015/12/17, 39, , , 3
2015/12/18, 40, , , 3
2015/12/19, 49, , , 3
2015/12/20, 52, , , 3
2015/12/21, 45, , , 3
2015/12/22, 15, , , 4
2015/12/23, 30, , , 3
2015/12/24, 23, , , 3
2015/12/25, 25, , , 3
2015/12/26, 19, , , 3
2015/12/27, 24, , , 3
2015/12/28, 21, , , 3
2015/12/29, 31, , , 3
2015/12/30, 40, , , 3
2015/12/31, 24, , , 
2015/7/3, 74, , , 2
2015/7/4, 60, , , 
2015/7/5, 58, , , 
2015/7/6, 73, , , 3
2015/7/7, 56, , , 3
2015/7/8, 49, , , 3
2015/7/9, 37, , , 4
2015/7/10, 71, , , 3
2015/7/11, 63, , , 3
2015/7/12, 58, , , 3
2015/7/13, 50, , , 2
2015/7/14, 31, , , 2
2015/7/16, 102, , , 2
2015/7/17, 57, , , 2
2015/7/18, 53, , , 2
2015/7/19, 48, , , 
2015/7/20, 51, , , 2
2015/7/21, 57, , , 2
2015/7/22, 55, , , 2
2015/7/23, 48, , , 2
2015/7/24, 46, , , 2
2015/7/25, 63, , , 2
2015/7/26, 64, , , 2
2015/7/27, 67, , , 2
2015/7/28, 52, , , 2
2015/7/29, 42, , , 2
2015/7/30, 41, , , 2
2015/7/31, 59, , , 2
2015/8/1, 59, , , 2
2015/8/2, 77, , , 2
2015/8/3, 46, , , 2
2015/8/4, 51, , , 2
2015/8/5, 49, , , 2
2015/8/6, 52, , , 2
2015/8/7, 41, , , 2
2015/8/8, 41, , , 2
2015/8/9, 35, , , 2
2015/8/10, 30, , , 2
2015/8/11, 50, , , 2
2015/8/12, 45, , , 2
2015/8/13, 59, , , 2
2015/8/14, 35, , , 2
2015/8/15, 50, , , 2
2015/8/16, 46, , , 2
2015/8/17, 46, , , 2
2015/8/18, 30, , , 2
2015/8/19, 33, , , 2
2015/8/20, 57, , , 2
2015/8/21, 50, , , 1
2015/8/22, 28, , , 1
2015/8/23, 19, , , 1
2015/8/24, 17, , , 
2015/8/25, 18, , , 
2015/8/26, 11, , , 
2015/8/27, 16, , , 
2015/8/28, 11, , , 
2015/8/29, 15, , , 
2015/8/30, 9, , , 
2015/8/31, 9, , , 
2015/9/1, 21, , , 
2015/9/2, 16, , , 
2015/9/3, 21, , , 2
2015/9/4, 20, , , 1
2015/9/5, 34, , , 1
2015/9/6, 29, , , 
2015/9/7, 16, , , 1
2015/9/8, 107, , , 1
2015/9/9, 28, , , 1
2015/9/10, 40, , , 2
2015/9/11, 46, , , 1
2015/9/12, 59, , , 1
2015/9/13, 59, , , 1
2015/9/14, 47, , , 
2015/9/15, 13, , , 
2015/9/16, 15, , , 2
2015/9/17, 9, , , 2
2015/9/18, 15, , , 2
2015/9/19, 15, , , 2
2015/9/20, 25, , , 2
2015/9/21, 30, , , 2
2015/9/22, 27, , , 2
2015/9/23, 28, , , 2
2015/9/24, 19, , , 2
2015/9/25, 11, , , 2
2015/9/26, 14, , , 2
2015/9/27, 14, , , 2
2015/9/28, 12, , , 2
2015/9/29, 18, , , 2
2015/9/30, 19, , , 2
2015/10/1, 19, , , 2
2015/4/2, 29, , , 2
2015/4/3, 43, , , 1
2015/4/4, 23, , , 1
2015/4/5, 17, , , 1
2015/4/6, 34, , , 2
2015/4/7, 82, , , 2
2015/4/8, 62, , , 1
2015/4/9, 45, , , 1
2015/4/10, 47, , , 1
2015/4/11, 58, , , 1
2015/4/12, 18, , , 1
2015/4/13, 19, , , 1
2015/4/14, 31, , , 1
2015/4/15, 43, , , 2
2015/4/16, 49, , , 2
2015/4/17, 34, , , 2
2015/4/18, 48, , , 2
2015/4/19, 53, , , 
2015/4/21, 20, , , 2
2015/4/22, 74, , , 2
2015/4/23, 22, , , 
2015/4/24, 21, , , 2
2015/4/25, 38, , , 2
2015/4/26, 42, , , 2
2015/4/27, 62, , , 2
2015/4/28, 63, , , 
2015/4/29, 28, , , 
2015/5/1, 49, , , 2
2015/5/2, 53, , , 
2015/5/3, 17, , , 
2015/5/4, 36, , , 
2015/5/5, 18, , , 
2015/5/6, 32, , , 
2015/5/7, 41, , , 2
2015/5/8, 43, , , 2
2015/5/9, 43, , , 
2015/5/10, 13, , , 
2015/5/11, 17, , , 
2015/5/12, 44, , , 
2015/5/13, 27, , , 2
2015/5/14, 17, , , 2
2015/5/15, 18, , , 2
2015/5/16, 30, , , 2
2015/5/17, 42, , , 
2015/5/18, 35, , , 
2015/5/19, 50, , , 
2015/5/20, 67, , , 2
2015/5/21, 63, , , 
2015/5/22, 73, , , 2
2015/5/23, 66, , , 2
2015/5/24, 50, , , 
2015/5/25, 28, , , 2
2015/5/26, 39, , , 
2015/5/27, 37, , , 
2015/5/28, 42, , , 
2015/5/29, 49, , , 
2015/5/30, 55, , , 
2015/5/31, 55, , , 
2015/6/1, 35, , , 
2015/6/2, 38, , , 1
2015/6/3, 58, , , 2
2015/6/4, 53, , , 1
2015/6/5, 42, , , 2
2015/6/6, 50, , , 
2015/6/7, 59, , , 
2015/6/8, 37, , , 2
2015/6/9, 42, , , 2
2015/6/10, 62, , , 
2015/6/11, 44, , , 
2015/6/12, 33, , , 2
2015/6/13, 31, , , 2
2015/6/14, 30, , , 2
2015/6/15, 29, , , 
2015/6/16, 28, , , 
2015/6/17, 23, , , 2
2015/6/18, 40, , , 
2015/6/19, 39, , , 
2015/6/20, 51, , , 
2015/6/21, 66, , , 
2015/6/22, 40, , , 
2015/6/23, 42, , , 
2015/6/24, 44, , , 
2015/1/2, 39, , , 2
2015/1/3, 27, , , 1
2015/1/4, 19, , , 1
2015/1/5, 23, , , 2
2015/1/6, 32, , , 1
2015/1/7, 21, , , 1
2015/1/8, 24, , , 1
2015/1/9, 20, , , 1
2015/1/10, 27, , , 2
2015/1/11, 37, , , 2
2015/1/12, 43, , , 2
2015/1/13, 47, , , 2
2015/1/14, 59, , , 2
2015/1/15, 69, , , 3
2015/1/16, 69, , , 2
2015/1/17, 40, , , 2
2015/1/18, 39, , , 1
2015/1/19, 20, , , 2
2015/1/20, 49, , , 2
2015/1/21, 73, , , 3
2015/1/22, 74, , , 3
2015/1/23, 51, , , 4
2015/1/24, 72, , , 2
2015/1/25, 62, , , 3
2015/1/26, 59, , , 2
2015/1/27, 59, , , 3
2015/1/28, 67, , , 2
2015/1/29, 64, , , 2
2015/1/30, 58, , , 2
2015/1/31, 47, , , 2
2015/2/1, 58, , , 2
2015/2/2, 37, , , 2
2015/2/3, 46, , , 2
2015/2/4, 42, , , 2
2015/2/5, 14, , , 2
2015/2/6, 28, , , 2
2015/2/7, 49, , , 2
2015/2/8, 51, , , 2
2015/2/9, 34, , , 2
2015/2/10, 34, , , 2
2015/2/11, 21, , , 2
2015/2/12, 113, , , 2
2015/2/13, 123, , , 2
2015/2/14, 115, , , 1
2015/2/17, 69, , , 2
2015/2/18, 33, , , 2
2015/2/19, 24, , , 2
2015/2/20, 32, , , 2
2015/2/21, 21, , , 2
2015/2/22, 53, , , 2
2015/2/23, 52, , , 2
2015/2/24, 72, , , 3
2015/2/25, 55, , , 2
2015/2/26, 38, , , 2
2015/2/27, 33, , , 3
2015/2/28, 67, , , 3
2015/3/1, 51, , , 2
2015/3/2, 38, , , 2
2015/3/3, 30, , , 2
2015/3/4, 41, , , 2
2015/3/5, 28, , , 2
2015/3/6, 34, , , 2
2015/3/7, 67, , , 3
2015/3/8, 99, , , 2
2015/3/9, 63, , , 2
2015/3/10, 48, , , 2
2015/3/11, 46, , , 2
2015/3/12, 57, , , 2
2015/3/13, 59, , , 2
2015/3/14, 33, , , 2
2015/3/15, 68, , , 2
2015/3/16, 73, , , 2
2015/3/17, 43, , , 2
2015/3/18, 26, , , 2
2015/3/19, 25, , , 2
2015/3/20, 46, , , 1
2015/3/21, 20, , , 1
2015/3/22, 17, , , 2
2015/3/23, 19, , , 2
2015/3/24, 37, , , 2
2015/3/25, 31, , , 2
2015/3/26, 46, , , 2
2015/3/27, 52, , , 2
2015/3/28, 62, , , 2
2015/3/29, 45, , , 2
2015/3/30, 40, , , 1
2015/3/31, 26, , , 1
2015/4/1, 23, , , 1
2014/10/2, 28, , , 1
2014/10/3, 33, , , 2
2014/10/4, 60, , , 1
2014/10/5, 53, , , 1
2014/10/6, 38, , , 1
2014/10/7, 29, , , 1
2014/10/8, 34, , , 1
2014/10/9, 36, , , 1
2014/10/10, 48, , , 3
2014/10/11, 65, , , 3
2014/10/12, 73, , , 2
2014/10/13, 77, , , 5
2014/10/14, 51, , , 3
2014/10/15, 65, , , 3
2014/10/16, 51, , , 2
2014/10/17, 35, , , 2
2014/10/18, 30, , , 1
2014/10/19, 18, , , 1
2014/10/20, 21, , , 2
2014/10/21, 43, , , 7
2014/10/22, 80, , , 4
2014/10/23, 44, , , 5
2014/10/24, 64, , , 5
2014/10/25, 63, , , 4
2014/10/26, 47, , , 3
2014/10/27, 43, , , 2
2014/10/28, 34, , , 
2014/11/12, 204, , , 4
2014/11/13, 105, , , 4
2014/11/14, 115, , , 5
2014/11/15, 106, , , 2
2014/11/16, 81, , , 2
2014/11/17, 41, , , 3
2014/11/18, 52, , , 2
2014/11/19, 55, , , 2
2014/11/20, 57, , , 2
2014/11/21, 68, , , 2
2014/11/22, 55, , , 1
2014/11/23, 19, , , 1
2014/11/24, 34, , , 1
2014/11/25, 48, , , 2
2014/11/26, 47, , , 2
2014/11/27, 38, , , 1
2014/11/28, 19, , , 2
2014/11/29, 31, , , 1
2014/11/30, 31, , , 1
2014/12/1, 29, , , 1
2014/12/2, 19, , , 2
2014/12/3, 26, , , 2
2014/12/4, 43, , , 2
2014/12/5, 32, , , 2
2014/12/6, 40, , , 2
2014/12/7, 55, , , 2
2014/12/8, 58, , , 2
2014/12/9, 52, , , 1
2014/12/10, 39, , , 1
2014/12/11, 50, , , 2
2014/12/12, 68, , , 2
2014/12/13, 53, , , 1
2014/12/14, 27, , , 2
2014/12/15, 30, , , 1
2014/12/16, 41, , , 2
2014/12/17, 43, , , 3
2014/12/18, 65, , , 2
2014/12/19, 57, , , 2
2014/12/20, 58, , , 2
2014/12/21, 52, , , 2
2014/12/22, 32, , , 2
2014/12/23, 25, , , 1
2014/12/24, 22, , , 2
2014/12/25, 28, , , 2
2014/12/26, 46, , , 3
2014/12/27, 61, , , 2
2014/12/28, 47, , , 2
2014/12/29, 38, , , 
2014/7/2, 33, , , 1
2014/7/3, 37, , , 1
2014/7/4, 35, , , 1
2014/7/5, 31, , , 
2014/7/6, 25, , , 
2014/7/7, 13, , , 
2014/7/8, 24, , , 
2014/7/11, 16, , , 1
2014/7/12, 23, , , 1
2014/7/13, 30, , , 1
2014/7/14, 29, , , 
2014/7/15, 18, , , 1
2014/7/16, 14, , , 2
2014/7/17, 22, , , 1
2014/7/18, 19, , , 1
2014/7/19, 10, , , 1
2014/7/20, 7, , , 
2014/7/21, 7, , , 
2014/7/22, 13, , , 1
2014/7/23, 15, , , 1
2014/7/24, 24, , , 1
2014/7/25, 28, , , 1
2014/7/26, 30, , , 1
2014/7/27, 32, , , 1
2014/7/28, 33, , , 
2014/7/29, 18, , , 
2014/7/30, 18, , , 
2014/7/31, 22, , , 1
2014/8/1, 22, , , 1
2014/8/2, 32, , , 1
2014/8/3, 36, , , 1
2014/8/4, 38, , , 1
2014/8/5, 40, , , 1
2014/8/6, 25, , , 
2014/8/7, 17, , , 1
2014/8/8, 25, , , 1
2014/8/9, 35, , , 
2014/8/12, 35, , , 
2014/8/13, 33, , , 1
2014/8/14, 25, , , 1
2014/8/15, 46, , , 1
2014/8/16, 61, , , 1
2014/8/17, 50, , , 1
2014/8/18, 46, , , 1
2014/8/19, 64, , , 1
2014/8/20, 68, , , 
2014/8/21, 52, , , 1
2014/8/22, 44, , , 1
2014/8/23, 41, , , 
2014/8/24, 35, , , 1
2014/8/25, 43, , , 1
2014/8/26, 55, , , 1
2014/8/27, 60, , , 1
2014/8/28, 59, , , 1
2014/8/29, 63, , , 1
2014/8/30, 49, , , 1
2014/8/31, 28, , , 1
2014/9/1, 30, , , 1
2014/9/2, 37, , , 1
2014/9/3, 57, , , 1
2014/9/4, 58, , , 1
2014/9/5, 52, , , 1
2014/9/6, 46, , , 1
2014/9/7, 44, , , 1
2014/9/8, 37, , , 1
2014/9/9, 44, , , 
2014/9/10, 31, , , 
2014/9/11, 29, , , 
2014/9/12, 28, , , 
2014/9/13, 27, , , 
2014/9/14, 31, , , 1
2014/9/15, 31, , , 
2014/9/16, 33, , , 
2014/9/17, 31, , , 1
2014/9/18, 26, , , 1
2014/9/19, 36, , , 1
2014/9/20, 37, , , 1
2014/9/21, 23, , , 1
2014/9/22, 21, , , 1
2014/9/23, 34, , , 1
2014/9/24, 32, , , 1
2014/9/25, 26, , , 1
2014/9/26, 27, , , 1
2014/9/27, 33, , , 1
2014/9/28, 38, , , 1
2014/9/29, 17, , , 1
2014/9/30, 20, , , 1
2014/10/1, 27, , , 1
2014/4/2, 38, , , 8
2014/4/3, 39, , , 6
2014/4/4, 35, , , 6
2014/4/5, 32, , , 8
2014/4/6, 47, , , 6
2014/4/7, 35, , , 5
2014/4/8, 51, , , 4
2014/4/9, 54, , , 4
2014/4/10, 29, , , 6
2014/4/11, 33, , , 6
2014/4/12, 31, , , 3
2014/4/13, 31, , , 3
2014/4/14, 24, , , 3
2014/4/15, 28, , , 4
2014/4/16, 33, , , 5
2014/4/17, 23, , , 4
2014/4/18, 46, , , 4
2014/4/19, 46, , , 3
2014/4/20, 69, , , 2
2014/4/21, 26, , , 2
2014/4/22, 23, , , 2
2014/4/23, 21, , , 3
2014/4/24, 32, , , 3
2014/4/25, 48, , , 3
2014/4/26, 36, , , 3
2014/4/27, 48, , , 2
2014/4/28, 34, , , 2
2014/4/29, 43, , , 1
2014/4/30, 27, , , 2
2014/5/1, 16, , , 2
2014/5/2, 26, , , 2
2014/5/3, 16, , , 2
2014/5/6, 59, , , 2
2014/5/7, 59, , , 2
2014/5/8, 31, , , 2
2014/5/9, 50, , , 2
2014/5/10, 35, , , 2
2014/5/11, 41, , , 2
2014/5/12, 40, , , 2
2014/5/13, 30, , , 1
2014/5/14, 19, , , 
2014/5/15, 19, , , 1
2014/5/16, 23, , , 1
2014/5/17, 28, , , 1
2014/5/18, 31, , , 
2014/5/19, 30, , , 
2014/5/20, 15, , , 
2014/5/21, 17, , , 
2014/5/22, 14, , , 
2014/5/23, 18, , , 
2014/5/24, 30, , , 1
2014/5/25, 19, , , 
2014/5/26, 19, , , 
2014/5/27, 19, , , 
2014/5/28, 17, , , 
2014/5/29, 24, , , 
2014/5/30, 32, , , 
2014/5/31, 36, , , 
2014/6/1, 26, , , 
2014/6/2, 109, , , 
2014/6/3, 36, , , 
2014/6/4, 29, , , 
2014/6/5, 20, , , 
2014/6/6, 38, , , 
2014/6/7, 56, , , 
2014/6/8, 45, , , 
2014/6/9, 30, , , 
2014/6/10, 31, , , 1
2014/6/11, 19, , , 1
2014/6/12, 22, , , 1
2014/6/13, 20, , , 
2014/6/14, 18, , , 1
2014/6/15, 23, , , 1
2014/6/16, 27, , , 1
2014/6/17, 31, , , 
2014/6/18, 30, , , 
2014/6/19, 31, , , 1
2014/6/20, 32, , , 1
2014/6/21, 43, , , 1
2014/6/22, 47, , , 
2014/6/23, 18, , , 
2014/6/24, 24, , , 1
2014/6/25, 21, , , 1
2014/6/26, 26, , , 
2014/6/27, 30, , , 
2014/6/28, 51, , , 1
2014/6/29, 42, , , 
2014/6/30, 26, , , 1
2014/7/1, 27, , , 1
2014/1/2, 29, , , 2
2014/1/3, 58, , , 3
2014/1/4, 92, , , 2
2014/1/5, 88, , , 3
2014/1/6, 87, , , 3
2014/1/7, 89, , , 3
2014/1/8, 89, , , 2
2014/1/9, 51, , , 3
2014/1/10, 79, , , 3
2014/1/11, 88, , , 3
2014/1/12, 90, , , 2
2014/1/13, 61, , , 3
2014/1/14, 64, , , 2
2014/1/15, 49, , , 2
2014/1/16, 63, , , 2
2014/1/17, 63, , , 3
2014/1/18, 94, , , 2
2014/1/19, 56, , , 2
2014/1/20, 62, , , 2
2014/1/21, 69, , , 3
2014/1/22, 72, , , 2
2014/1/23, 58, , , 2
2014/1/24, 31, , , 2
2014/1/25, 40, , , 2
2014/1/26, 31, , , 2
2014/1/27, 18, , , 2
2014/1/28, 26, , , 1
2014/1/29, 30, , , 2
2014/1/30, 30, , , 1
2014/1/31, 20, , , 1
2014/2/1, 39, , , 1
2014/2/2, 38, , , 1
2014/2/3, 37, , , 1
2014/2/4, 60, , , 1
2014/2/5, 66, , , 2
2014/2/6, 70, , , 2
2014/2/7, 87, , , 2
2014/2/8, 87, , , 2
2014/2/9, 71, , , 2
2014/2/10, 75, , , 2
2014/2/11, 55, , , 2
2014/2/12, 51, , , 2
2014/2/13, 41, , , 2
2014/2/14, 66, , , 2
2014/2/15, 51, , , 2
2014/2/16, 47, , , 1
2014/2/17, 36, , , 1
2014/2/18, 45, , , 1
2014/2/19, 46, , , 2
2014/2/20, 51, , , 2
2014/2/21, 75, , , 2
2014/2/22, 72, , , 2
2014/2/23, 69, , , 2
2014/2/24, 75, , , 2
2014/2/25, 73, , , 2
2014/2/26, 62, , , 3
2014/2/27, 23, , , 4
2014/2/28, 24, , , 6
2014/3/1, 33, , , 8
2014/3/2, 47, , , 6
2014/3/3, 37, , , 10
2014/3/4, 78, , , 6
2014/3/5, 72, , , 6
2014/3/6, 43, , , 6
2014/3/7, 72, , , 6
2014/3/8, 52, , , 4
2014/3/9, 57, , , 5
2014/3/10, 63, , , 7
2014/3/11, 56, , , 4
2014/3/12, 23, , , 3
2014/3/13, 14, , , 3
2014/3/14, 22, , , 4
2014/3/15, 29, , , 6
2014/3/16, 39, , , 5
2014/3/17, 36, , , 5
2014/3/18, 20, , , 7
2014/3/19, 45, , , 7
2014/3/20, 38, , , 4
2014/3/21, 30, , , 8
2014/3/22, 38, , , 6
2014/3/23, 29, , , 8
2014/3/24, 38, , , 7
2014/3/25, 38, , , 5
2014/3/26, 38, , , 7
2014/3/27, 35, , , 7
2014/3/28, 30, , , 5
2014/3/29, 36, , , 4
2014/3/30, 18, , , 3
2014/3/31, 20, , , 10
2014/4/1, 33, , , 10
2023/2/10, , 32, 11, 3
2023/1/17, , 20, 20, 4
2023/1/18, , 25, 11, 5
2023/1/19, , 22, 15, 4
2023/1/20, , 21, 17, 6
2023/1/21, , 21, 18, 6
2023/1/22, , 24, 13, 5
2023/1/23, , 24, 15, 5
2023/1/24, , 25, 15, 5
2023/1/25, , 25, 13, 4
2021/11/8, , 16, 24, 9
2021/8/30, , 35, 22, 2
2021/9/20, , 35, 18, 2
2021/5/31, , 500, 7, 2
2020/11/30, , 16, 15, 7
2020/12/21, , 18, 26, 11
2020/7/20, , 48, 6, 
2020/4/1, , 27, 2, 
2020/6/15, , 35, , 1
2020/6/16, , 36, , 1
2020/6/17, , 35, , 1
2020/6/18, , 35, 2, 1
2020/6/29, , 26, 1, 
2020/1/1, , 27, 6, 4
2019/7/2, , 25, 9, 2
2019/7/3, , 26, 9, 2
2019/7/4, , 24, 8, 2
2019/7/5, , 20, 6, 2
2019/7/6, , 20, 7, 2
2019/4/4, , 15, 17, 3
2019/5/5, , 22, 9, 3
2019/5/26, , 26, 7, 2
2019/5/27, , 22, 8, 2
2019/5/28, , 23, 10, 2
2019/5/29, , 27, 8, 2
2019/5/30, , 30, 9, 2
2019/6/12, , 32, 6, 2
2019/6/16, , 34, 8, 2
2019/6/17, , 28, 8, 2
2019/6/18, , 29, 6, 2
2019/6/19, , 29, 7, 2
2019/6/20, , 26, 8, 2
2019/6/21, , 34, 10, 2
2019/6/22, , 35, 9, 2
2019/6/23, , 35, 6, 2
2019/6/24, , 34, 8, 2
2019/6/25, , 27, 7, 2
2019/6/26, , 22, 7, 2
2019/6/27, , 20, 7, 2
2019/6/28, , 29, 6, 2
2019/6/29, , 24, 5, 2
2019/6/30, , 23, 3, 2
2019/7/1, , 21, 6, 2
2019/1/7, , 9, 29, 10
2019/1/21, , 11, 36, 17
2019/3/1, , 14, 8, 5
2018/11/12, , 18, 14, 8
2018/11/13, , 15, 11, 5
2018/11/14, , 8, 12, 4
2018/8/17, , 35, 17, 2
2018/4/2, , 26, 13, 2
2018/6/12, , 25, 17, 
2018/1/1, , 18, 12, 2
2017/10/2, , 5, 6, 1
2017/10/3, , 5, 5, 
2017/10/4, , 5, 9, 1
2017/12/7, , 22, 9, 2
2017/12/8, , 21, 9, 2
2017/12/9, , 21, 9, 3
2017/12/10, , 22, 11, 2
2017/12/11, , 19, 13, 2
2017/12/12, , 17, 21, 5
2017/12/13, , 16, 24, 4
2017/9/26, , 6, 12, 1
2017/9/27, , 6, 8, 1
2017/9/28, , 6, 7, 
2017/9/29, , 6, 9, 
2017/9/30, , 6, 10, 1
2017/10/1, , 5, 6, 1
2017/4/19, , 24, 12, 3
2016/10/5, , 26, 8, 1
2016/11/3, , 16, 18, 4
2016/5/4, , 39, 8, 29
2017/7/25, , , 13, 1
2017/9/11, , , 8, 1
2016/1/4, , , , 2
2015/7/15, , , , 2
2015/4/20, , , , 1
2015/1/1, , , , 2
2015/2/15, , , , 1
2015/2/16, , , , 3
2014/11/11, , , , 5
2014/7/10, , , , 2
2014/8/11, , , , 1
2014/5/4, , , , 2
2014/5/5, , , , 2
2014/1/1, , , , 1