date, pm10, o3, no2, so2, co
2023/1/3, 20, , 9, , 
2023/1/4, 830, 19, 15, , 8
2023/1/5, 868, , 15, , 1
2023/1/6, 868, 82, 18, , 3
2023/1/7, 868, , 17, , 11
2023/1/8, 868, , , , 
2022/10/2, 30, , 14, , 29
2022/10/3, 31, , 11, , 12
2022/10/4, 36, , 10, , 8
2022/10/5, 21, , 11, , 3
2022/10/6, 27, , 11, , 11
2022/10/7, 15, , 11, , 11
2022/10/8, 11, , 9, , 2
2022/10/9, 19, , 7, , 3
2022/10/10, 10, , 9, , 
2022/10/11, 18, , 10, , 11
2022/10/12, 25, , 11, , 6
2022/10/13, 35, , 13, , 14
2022/10/14, 44, , 12, , 18
2022/10/15, 38, , 13, , 18
2022/10/16, 37, , 13, , 15
2022/10/17, 40, , 13, , 9
2022/10/18, 34, , 9, , 5
2022/10/19, 25, , 10, , 3
2022/10/20, 18, , 10, , 9
2022/10/21, 29, , 12, , 4
2022/10/22, 32, , 16, , 
2022/10/23, 51, , 14, , 
2022/10/24, 35, , 9, , 7
2022/10/25, 14, , 11, , 3
2022/10/26, 31, , 12, , 8
2022/10/27, 38, , 13, , 12
2022/10/28, 33, 12, 11, , 5
2022/10/29, 31, 14, 12, , 5
2022/10/30, 40, 124, 15, , 12
2022/10/31, 43, 75, 13, , 18
2022/11/1, 34, , 17, , 
2022/11/2, 28, , 12, , 
2022/11/3, 40, 47, 13, , 
2022/11/4, 44, 52, 14, 3, 9
2022/11/5, 41, 47, 17, , 10
2022/11/6, 48, , 16, , 2
2022/11/7, 45, 86, 14, , 
2022/11/8, 41, 34, 10, , 7
2022/11/9, 25, 11, 14, , 8
2022/11/10, 40, 28, 18, , 4
2022/11/11, 49, 42, 13, , 14
2022/11/12, 27, , 14, , 10
2022/11/13, 46, 33, 11, , 5
2022/11/14, 34, 26, 12, , 
2022/11/15, 40, 12, 13, , 8
2022/11/16, 49, 26, 13, , 1
2022/11/17, 43, 40, 12, , 
2022/11/18, 37, 18, 11, , 
2022/11/19, 27, 24, 14, , 
2022/11/20, 37, 32, 10, , 7
2022/11/21, 18, 28, 11, , 6
2022/11/22, 19, 46, 13, , 9
2022/11/23, 24, 33, 15, , 12
2022/11/24, 32, 23, 14, 2, 3
2022/11/25, 587, , 10, 1, 10
2022/11/26, 868, , , , 
2022/11/30, 33, 28, 12, 491, 10
2022/12/1, 35, , 8, 446, 4
2022/12/2, 13, , 10, , 4
2022/12/3, 27, , 9, , 2
2022/12/4, 24, , 8, , 4
2022/12/5, 16, 4, 17, , 
2022/12/6, 40, 40, 20, , 1
2022/12/7, 43, 26, 14, , 
2022/12/8, 34, 18, 15, , 
2022/12/9, 53, 40, 14, , 6
2022/12/10, 47, 33, 17, , 10
2022/12/11, 48, 23, 15, , 10
2022/12/12, 41, , 18, , 7
2022/12/13, 41, , 10, , 9
2022/12/14, 38, , 9, , 3
2022/12/15, 25, , 16, , 7
2022/12/16, 44, , 21, , 17
2022/12/17, 71, , 22, , 
2022/12/18, 62, , 14, , 15
2022/12/19, 37, , 17, , 17
2022/12/20, 47, , 15, , 4
2022/12/21, 52, 18, 23, , 
2022/12/22, 64, 6, 16, , 4
2022/12/23, 37, 44, 16, , 6
2022/12/24, 41, 33, 11, , 7
2022/12/25, 24, , 9, , 11
2022/12/26, 18, , 12, , 9
2022/12/27, 28, , 12, , 8
2022/12/28, 28, 25, 17, , 9
2022/12/29, 48, 11, 10, , 9
2022/12/30, 23, , 9, , 
2022/12/31, 20, , 14, , 12
2023/1/1, 30, , 19, , 
2023/1/2, 61, , 8, , 
2022/9/2, 275, 61, 8, , 
2022/9/3, 25, 36, 6, , 
2022/9/4, 11, 67, 5, , 6
2022/9/5, 5, 64, 4, , 4
2022/9/6, 11, 71, 7, , 4
2022/9/7, 19, 46, 11, , 8
2022/9/8, 13, 17, 11, , 5
2022/9/9, 11, 114, 10, , 3
2022/9/10, 32, 44, 12, , 11
2022/9/11, 37, 60, 12, , 3
2022/9/12, 24, 161, 10, , 2
2022/9/13, 17, , 10, 1, 
2022/9/14, 32, , 11, , 
2022/9/15, 37, , 12, , 4
2022/9/16, 21, 15, 9, , 1
2022/9/17, 8, 66, 6, , 
2022/9/18, 8, , 6, , 7
2022/9/23, 96, 3, 6, , 500
2022/9/24, 17, 5, 7, , 42
2022/9/25, 33, 5, 11, 1, 10
2022/9/26, 29, 5, 9, , 
2022/9/27, 23, 4, 8, 1, 6
2022/9/28, 12, 14, 7, 1, 12
2022/9/29, 14, 175, 8, , 25
2022/9/30, 25, , 10, , 9
2022/10/1, 33, , 11, , 25
2022/4/4, 50, , , , 
2022/4/5, 480, , , , 
2022/1/4, 54, 34, 24, 2, 32
2022/1/5, 66, 20, 28, 2, 
2022/1/6, 58, 8, 19, 2, 1
2022/1/7, 49, 56, 18, , 3
2022/1/8, 58, , 19, 1, 1
2022/1/9, 45, , 20, 1, 7
2022/1/10, 54, , 7, , 3
2022/1/11, 39, , 9, , 
2022/1/12, 27, , 11, , 17
2022/1/13, 33, 18, 16, , 
2022/1/14, 36, 29, 23, 2, 77
2022/1/15, 46, 27, 11, 1, 
2022/1/16, 39, 36, 11, , 
2022/1/17, 75, 35, 24, 1, 
2022/1/18, 73, 25, 30, 2, 
2022/1/19, 65, 29, 16, 2, 
2022/1/20, 36, 29, 25, 3, 
2022/1/21, 64, 20, 12, , 
2022/1/22, 51, 20, 9, , 
2022/1/23, 36, 31, 9, , 
2022/1/24, 36, 28, 9, , 
2022/1/25, 53, 26, 8, , 
2022/1/26, 19, 32, 17, , 
2022/1/27, 41, 27, 16, 1, 141
2022/1/28, 42, 26, 8, , 98
2022/1/29, 32, 26, 10, , 57
2022/1/30, 25, 31, 17, 1, 164
2022/1/31, 37, 29, , , 238
2022/2/1, 73, 15, , , 
2022/2/2, 1, 28, , , 63
2022/2/3, 22, 23, , , 
2022/2/4, 281, 16, 11, , 83
2022/2/5, 524, 30, 11, , 86
2022/2/6, 36, 11, 17, 2, 13
2022/2/7, 54, , , , 
2022/2/8, 35, , , , 
2022/2/9, 28, , , , 
2022/2/10, 49, , , , 
2022/2/11, 38, , , , 
2022/2/12, 39, , , , 
2022/2/13, 41, , , , 
2022/2/14, 25, , , , 
2022/2/15, 39, , , , 
2022/2/16, 50, , , , 
2022/2/17, 53, , , , 
2022/2/18, 29, , , , 
2022/2/19, 44, , , , 
2022/2/20, 38, , , , 
2022/2/21, 38, , , , 
2022/2/22, 42, , , , 
2022/2/23, 46, , , , 
2022/2/24, 88, , , , 
2022/2/25, 53, , , , 
2022/2/26, 41, , , , 
2022/2/27, 34, , , , 
2022/2/28, 36, , , , 
2022/3/1, 31, , , , 
2022/3/2, 45, , , , 
2022/3/3, 321, , , , 
2022/3/4, 499, , , , 
2022/3/5, 45, , , , 
2022/3/8, 54, , , , 
2022/3/9, 57, , , , 
2022/3/10, 32, , , , 
2022/3/11, 37, , , , 
2022/3/12, 41, , , , 
2022/3/13, 52, , , , 
2022/3/14, 44, , , , 
2022/3/15, 47, , , , 
2022/3/16, 43, , , , 
2022/3/17, 53, , , , 
2022/3/18, 38, , , , 
2022/3/19, 48, , , , 
2022/3/20, 54, , , , 
2022/3/21, 48, , , , 
2022/3/22, 57, , , , 
2022/3/23, 36, , , , 
2022/3/24, 50, , , , 
2022/3/25, 35, , , , 
2021/10/2, 32, , , , 
2021/10/3, 18, , , , 
2021/10/4, 17, 18, 4, , 
2021/10/5, 24, 32, 5, , 
2021/10/6, 21, 33, 7, , 
2021/10/7, 27, 35, 13, , 
2021/10/8, 42, 37, 11, 4, 
2021/10/9, 41, 36, 10, 3, 
2021/10/10, 45, 38, 12, 1, 
2021/10/11, 37, 45, 5, , 
2021/10/12, 27, 48, 10, , 
2021/10/13, 46, 28, 8, , 
2021/10/14, 39, 29, 7, 1, 
2021/10/15, 38, 32, 10, , 
2021/10/16, 45, 22, 3, , 
2021/10/17, 24, 27, 5, , 
2021/10/18, 23, 32, 11, , 
2021/10/19, 38, 36, 11, , 
2021/10/20, 40, 30, 5, , 
2021/10/21, 32, 24, 6, , 
2021/10/22, 32, 27, 9, , 
2021/10/23, 35, 37, 13, 8, 
2021/10/24, 41, 34, 15, , 
2021/10/25, 54, 21, 20, , 
2021/10/26, 50, 24, 13, , 
2021/10/27, 38, 32, 8, 3, 
2021/10/28, 24, 40, 13, 1, 
2021/10/29, 35, 38, 9, , 
2021/10/30, 44, 37, 21, , 
2021/10/31, 56, , , , 
2021/11/4, 47, 32, 9, , 
2021/11/5, 36, 32, 9, , 34
2021/11/6, 33, 33, 10, 11, 
2021/11/7, 37, 34, 11, , 
2021/11/8, 38, 33, 16, , 
2021/11/9, 45, 38, 13, , 
2021/11/10, 40, 38, 26, 1, 
2021/11/11, 50, 41, 26, 1, 
2021/11/12, 55, 35, 14, 1, 2
2021/11/13, 47, 29, 12, 1, 8
2021/11/14, 37, 36, 11, , 20
2021/11/15, 29, 34, 16, , 1
2021/11/16, 37, 37, 26, , 19
2021/11/17, 45, 44, 35, 1, 6
2021/11/18, 60, 39, 19, 1, 9
2021/11/19, 54, 26, 9, , 
2021/11/20, 26, 31, 11, , 
2021/11/21, 25, 36, 15, 2, 25
2021/11/22, 39, 29, 11, , 3
2021/11/23, 36, 30, 10, , 
2021/11/24, 31, 27, 25, 1, 2
2021/11/25, 55, 32, 19, 2, 30
2021/11/26, 50, 24, 11, , 
2021/11/27, 31, 28, 17, , 
2021/11/28, 35, 35, 16, , 1
2021/11/29, 50, 31, 11, , 21
2021/11/30, 36, 37, 26, 1, 18
2021/12/1, 51, 4, 34, , 
2021/12/2, 58, 27, 20, , 
2021/12/3, 48, 27, 21, , 37
2021/12/4, 49, 30, 22, , 
2021/12/5, 59, 32, 23, 1, 31
2021/12/6, 63, 37, 26, 1, 7
2021/12/7, 59, 37, 25, , 25
2021/12/8, 55, 32, 32, 2, 1
2021/12/9, 61, 25, 34, 4, 19
2021/12/10, 66, 29, 25, 3, 19
2021/12/11, 62, 32, 23, 4, 7
2021/12/12, 74, 37, 11, , 10
2021/12/13, 219, 33, 17, , 
2021/12/14, 530, 26, 15, , 
2021/12/15, 42, 32, 14, , 
2021/12/16, 38, 13, 31, 1, 11
2021/12/17, 48, 38, 32, 2, 28
2021/12/18, 68, 29, 24, 1, 29
2021/12/19, 71, 18, 23, 3, 4
2021/12/20, 56, 27, 18, , 7
2021/12/21, 38, 176, 23, 1, 24
2021/12/22, 50, 30, 34, 3, 7
2021/12/23, 53, 33, 36, 2, 4
2021/12/24, 60, , 42, 1, 
2021/12/25, 67, , 23, 2, 26
2021/12/26, 55, , 20, 1, 8
2021/12/27, 37, , 30, 3, 20
2021/12/28, 55, , 9, , 21
2021/12/29, 30, , 11, , 17
2021/12/30, 34, , 28, 1, 5
2021/12/31, 57, 67, 25, 1, 
2022/1/1, 56, , 13, 1, 
2022/1/2, 49, 44, 4, , 24
2022/1/3, 54, 16, 9, , 26
2021/7/2, 12, 15, , 4, 
2021/7/3, 18, 20, , 3, 
2021/7/4, 27, 24, , 4, 
2021/7/5, 27, 21, , 11, 
2021/7/6, 24, 15, , 9, 
2021/7/7, 32, 14, , 9, 
2021/7/8, 239, 17, , 7, 
2021/7/9, 868, 13, , 7, 
2021/7/10, 868, 19, , 7, 
2021/7/11, 867, 16, , 1, 
2021/7/12, 868, 13, , 6, 
2021/7/13, 431, 14, , 4, 
2021/7/14, 46, 15, , 10, 
2021/7/15, 34, 15, , 3, 
2021/7/16, 38, 14, , 3, 
2021/7/17, 37, 17, , 7, 
2021/7/18, 50, 14, , 13, 
2021/7/19, 48, 18, , 3, 
2021/7/20, 38, 23, , 6, 
2021/7/21, 39, 17, , 8, 
2021/7/22, 42, 17, , 10, 
2021/7/23, 36, 18, , 4, 
2021/7/24, 55, 28, , 3, 
2021/7/25, 96, 21, , , 
2021/7/26, 152, 21, , , 
2021/7/27, 46, 25, , , 
2021/7/28, 40, 22, , , 
2021/7/29, 42, 19, , , 
2021/7/30, 79, 16, , 6, 
2021/7/31, 32, 14, , 7, 
2021/8/1, 48, 6, , 9, 
2021/8/2, 65, 21, , 3, 
2021/8/3, 41, 21, , 9, 
2021/8/4, 34, 15, , 10, 
2021/8/5, 38, 16, , 7, 
2021/8/6, 30, 19, , 5, 
2021/8/7, 86, 20, , 4, 
2021/8/8, 42, 17, , 2, 
2021/8/9, 33, 17, , 1, 
2021/8/10, 26, 16, , 4, 
2021/8/11, 84, 19, , , 
2021/8/12, 99, 25, , , 
2021/8/13, 45, 125, , 5, 
2021/8/14, 37, 3, , 6, 
2021/8/15, 41, , , 6, 
2021/8/16, 35, , , 7, 
2021/8/17, 30, , , 9, 
2021/8/18, 39, , , 8, 
2021/8/19, 37, , , 5, 
2021/8/20, 40, , , 3, 
2021/8/21, 41, , , 6, 
2021/8/22, 23, , , 5, 
2021/8/23, 11, , , 4, 
2021/8/24, 34, , , 2, 
2021/8/25, 51, , , 5, 
2021/8/26, 27, , , 7, 
2021/8/27, 85, , , 4, 
2021/8/28, 177, 2, 18, 6, 4
2021/8/29, 341, 3, 10, 4, 4
2021/8/30, 232, 15, 8, 8, 4
2021/8/31, 16, 21, 9, 8, 3
2021/9/1, 29, 31, 7, 4, 3
2021/9/2, 64, 26, 8, 1, 1
2021/9/3, 38, 18, 8, , 1
2021/9/4, 23, , , , 
2021/9/7, 186, 36, , , 1
2021/9/8, 93, 30, 3, , 1
2021/9/9, 37, 32, 6, 1, 2
2021/9/10, 39, 41, 5, , 
2021/9/11, 35, 36, 5, , 
2021/9/12, 124, 29, 2, , 
2021/9/13, 18, 30, 6, , 7
2021/9/14, 30, 34, 9, , 10
2021/9/15, 34, 33, 6, , 
2021/9/16, 16, 27, 7, , 
2021/9/17, 14, 19, 12, , 
2021/9/18, 20, 26, 10, , 
2021/9/19, 23, 27, 10, , 
2021/9/20, 36, 27, 12, 4, 
2021/9/21, 43, 32, 7, , 
2021/9/22, 90, 23, , , 
2021/9/23, 152, , , , 
2021/9/24, 29, , , , 
2021/9/25, 39, , , , 
2021/9/26, 39, , , , 
2021/9/27, 34, , , , 
2021/9/28, 454, , , , 
2021/9/29, 867, , , , 
2021/9/30, 868, , , , 
2021/10/1, 469, , , , 
2021/4/2, 61, 19, , 5, 
2021/4/3, 16, 23, , 7, 
2021/4/4, 24, 26, , 7, 
2021/4/5, 32, 27, , 5, 
2021/4/6, 44, 29, , 6, 
2021/4/7, 45, 27, , 8, 
2021/4/8, 39, 35, , 8, 
2021/4/9, 53, 28, , 7, 
2021/4/10, 252, 20, , 7, 
2021/4/11, 868, 25, , 6, 
2021/4/12, 868, 29, , 9, 
2021/4/13, 560, 30, , 7, 
2021/4/14, 45, 28, , 7, 
2021/4/15, 54, 27, , 6, 
2021/4/16, 44, 29, , 5, 
2021/4/17, 48, 30, , 9, 
2021/4/18, 51, 22, , 7, 
2021/4/19, 39, 25, , 7, 
2021/4/20, 46, 21, , 7, 
2021/4/21, 81, 24, , 6, 
2021/4/22, 46, 21, , 7, 
2021/4/23, 47, 16, , 7, 
2021/4/24, 55, 67, , 11, 
2021/4/25, 36, , , 7, 
2021/4/26, 53, , , , 
2021/4/28, 50, 31, , 6, 
2021/4/29, 89, 25, , 7, 
2021/4/30, 88, 28, , , 
2021/5/1, 46, 17, , , 
2021/5/2, 42, 32, , , 
2021/5/3, 23, 26, , 9, 
2021/5/4, 43, 34, , 10, 
2021/5/5, 52, 22, , 8, 
2021/5/6, 58, 20, , 3, 
2021/5/7, 58, 18, , 7, 
2021/5/8, 40, , , , 
2021/5/12, 32, 26, , 3, 
2021/5/13, 69, 17, , 4, 
2021/5/14, 21, 16, , 4, 
2021/5/15, 22, 23, , 4, 
2021/5/16, 35, 34, , 6, 
2021/5/17, 863, 29, , 1, 
2021/5/18, 794, 19, , 5, 
2021/5/28, 6, 28, , , 
2021/5/29, 6, 31, , 3, 
2021/5/30, 5, 23, , 8, 
2021/6/1, 5, 23, , 3, 
2021/6/2, 11, 23, , 9, 
2021/6/3, 2, 26, , 3, 
2021/6/4, 12, 24, , 4, 
2021/6/5, 6, 29, , 2, 
2021/6/6, 7, 32, , 3, 
2021/6/7, 5, 35, , 6, 
2021/6/8, 4, 27, , 2, 
2021/6/9, 37, 24, , 9, 
2021/6/10, 48, 21, , 9, 
2021/6/11, 82, 19, , 10, 
2021/6/12, 98, 17, , 6, 
2021/6/13, 27, 13, , 6, 
2021/6/14, 13, 11, , 4, 
2021/6/15, 15, 19, , 6, 
2021/6/16, 26, 23, , 3, 
2021/6/17, 31, 18, , 2, 
2021/6/18, 25, 18, , 3, 
2021/6/19, 73, 14, , 7, 
2021/6/20, 21, 19, , 7, 
2021/6/21, 22, 24, , 7, 
2021/6/22, 15, 20, , 9, 
2021/6/23, 26, 21, , 4, 
2021/6/24, 69, 21, , 6, 
2021/6/25, 65, 18, , 9, 
2021/6/26, 68, 22, , 7, 
2021/6/27, 71, 12, , 6, 
2021/6/28, 18, 9, , 7, 
2021/6/29, 18, 18, , 6, 
2021/6/30, 67, 16, , 7, 
2021/7/1, 26, 15, , 4, 
2021/1/5, 41, 22, , 9, 6
2021/1/6, 56, 17, , 8, 9
2021/1/7, 60, 21, , 8, 6
2021/1/8, 57, 23, , 9, 5
2021/1/9, 60, 14, , 9, 4
2021/1/10, 46, 17, , 6, 3
2021/1/11, 20, 13, , 6, 3
2021/1/12, 35, 10, , 10, 3
2021/1/13, 44, 15, , 7, 3
2021/1/14, 35, 15, , 8, 8
2021/1/15, 62, 16, , 8, 7
2021/1/16, 57, 21, , 7, 8
2021/1/17, 62, 17, , 8, 7
2021/1/18, 57, 20, , 10, 6
2021/1/19, 54, 21, , 5, 6
2021/1/20, 66, 18, , 7, 3
2021/1/21, 43, 18, , 16, 5
2021/1/22, 77, 17, , 8, 3
2021/1/23, 35, , , , 
2021/1/24, 84, , , , 
2021/1/25, 40, , , , 
2021/1/26, 41, , , , 
2021/1/27, 36, , , , 
2021/1/28, 50, , , , 
2021/1/29, 38, , , , 
2021/1/30, 37, , , , 
2021/1/31, 61, , , , 
2021/2/1, 50, , , , 
2021/2/2, 37, , , , 
2021/2/3, 52, , , , 
2021/2/4, 53, , , , 
2021/2/5, 59, , , , 
2021/2/6, 32, , , , 
2021/2/7, 28, , , , 
2021/2/8, 44, 15, , 5, 7
2021/2/9, 44, 26, , 9, 8
2021/2/10, 49, 27, , 6, 6
2021/2/11, 56, 18, , 5, 
2021/2/12, 113, 16, , 8, 
2021/2/13, 46, 22, , 5, 
2021/2/14, 60, 24, , 4, 
2021/2/15, 56, 19, , 7, 
2021/2/16, 80, 18, , 6, 
2021/2/17, 48, 22, , 7, 
2021/2/18, 35, 18, , 6, 
2021/2/19, 29, 20, , 7, 
2021/2/20, 33, 26, , 10, 
2021/2/21, 51, 33, , 7, 
2021/2/22, 63, 25, , 8, 
2021/2/23, 59, 27, , 8, 
2021/2/24, 50, 27, , 8, 
2021/2/25, 54, 19, , 9, 
2021/2/26, 42, 27, , 10, 
2021/2/27, 60, 30, , 7, 
2021/2/28, 59, 31, , 7, 
2021/3/1, 50, 24, , 6, 
2021/3/2, 48, 17, , 7, 
2021/3/3, 41, 25, , 8, 
2021/3/4, 47, 30, , 8, 
2021/3/5, 60, 21, , 6, 
2021/3/6, 59, 23, , 7, 
2021/3/7, 41, 30, , 10, 
2021/3/8, 57, 22, , 4, 
2021/3/9, 36, 27, , 5, 
2021/3/10, 37, 25, , 8, 
2021/3/11, 63, 25, , 7, 
2021/3/12, 58, 27, , 7, 
2021/3/13, 56, 29, , 6, 
2021/3/14, 48, 21, , 7, 
2021/3/15, 52, 18, , 8, 
2021/3/16, 47, 19, , 10, 
2021/3/17, 63, 22, , 5, 
2021/3/18, 33, 29, , 7, 
2021/3/19, 60, 28, , 5, 
2021/3/20, 59, 27, , 5, 
2021/3/21, 46, 27, , 6, 
2021/3/22, 100, 19, , 9, 
2021/3/23, 51, 15, , 7, 
2021/3/24, 42, 18, , 6, 
2021/3/25, 54, 23, , 6, 
2021/3/26, 69, 19, , 6, 
2021/3/27, 57, 33, , 8, 
2021/3/28, 52, 24, , 8, 
2021/3/29, 62, 21, , 6, 
2021/3/30, 37, 30, , 5, 
2021/3/31, 49, 30, , 4, 
2021/4/1, 59, 23, , 4, 
2020/10/2, 36, , 4, 8, 3
2020/10/3, 42, , 2, 5, 2
2020/10/4, 26, , 3, 5, 3
2020/10/5, 38, , 3, 5, 2
2020/10/6, 40, , 5, 6, 3
2020/10/7, 46, , 5, 8, 3
2020/10/8, 44, , 6, 8, 3
2020/10/9, 42, , 5, 5, 4
2020/10/10, 42, , 4, 4, 3
2020/10/11, 43, , 5, , 4
2020/10/12, 35, , 5, , 3
2020/10/13, 45, , 1, , 3
2020/10/14, 26, , 3, , 3
2020/10/15, 29, , 5, , 3
2020/10/16, 41, , 3, , 1
2020/10/17, 37, , 9, , 3
2020/10/18, 28, , 4, , 3
2020/10/19, 29, 14, 5, 12, 3
2020/10/20, 46, 19, 5, 7, 3
2020/10/21, 44, 19, 4, 6, 2
2020/10/22, 32, 24, 5, 6, 3
2020/10/23, 35, 23, 7, 10, 4
2020/10/24, 50, 20, 4, 5, 3
2020/10/25, 37, 22, 6, 5, 5
2020/10/26, 42, 21, 9, 11, 4
2020/10/27, 48, 27, 9, 12, 3
2020/10/28, 61, 19, 7, 7, 6
2020/10/29, 51, 17, 2, 6, 4
2020/10/30, 35, 21, 4, 4, 3
2020/10/31, 36, 21, 7, 9, 4
2020/11/1, 50, 21, 4, 6, 2
2020/11/2, 45, 17, 1, 4, 2
2020/11/3, 25, 18, 3, 6, 3
2020/11/4, 34, 17, 4, 7, 3
2020/11/5, 40, 18, 3, 5, 2
2020/11/6, 557, 17, 4, 7, 1
2020/11/7, 39, 25, 7, 6, 5
2020/11/8, 51, 25, 7, 6, 7
2020/11/9, 48, 28, 10, 8, 7
2020/11/10, 52, 18, 9, 9, 5
2020/11/11, 48, 20, 8, 7, 6
2020/11/12, 55, 31, 5, 7, 5
2020/11/13, 49, 26, 5, 7, 3
2020/11/14, 49, 24, 7, 7, 5
2020/11/15, 57, 22, 5, 6, 4
2020/11/16, 52, 14, 2, 9, 2
2020/11/17, 19, 15, 3, 3, 2
2020/11/18, 24, 16, 2, 6, 2
2020/11/19, 57, 15, 3, 6, 2
2020/11/20, 27, 16, 4, 7, 2
2020/11/21, 40, 13, 3, 6, 3
2020/11/22, 25, 16, 3, 7, 2
2020/11/23, 35, 14, 5, 6, 2
2020/11/24, 36, 14, 9, 10, 6
2020/11/25, 49, 18, 7, 8, 5
2020/11/26, 47, 34, 10, 10, 6
2020/11/27, 57, 25, 10, 9, 7
2020/11/28, 54, 23, 12, 10, 9
2020/11/29, 64, 20, 4, 8, 3
2020/11/30, 51, 16, 2, 6, 2
2020/12/1, 25, 15, 6, 12, 3
2020/12/2, 48, 15, 6, 7, 4
2020/12/3, 44, 20, 7, 10, 4
2020/12/4, 57, 9, 4, 5, 4
2020/12/5, 45, 12, 5, 7, 5
2020/12/6, 41, 14, , 7, 4
2020/12/7, 42, 8, 4, 5, 4
2020/12/8, 48, 15, 8, 5, 3
2020/12/9, 40, 17, 11, 10, 5
2020/12/10, 45, 11, , 12, 10
2020/12/11, 54, 7, 9, 7, 9
2020/12/12, 20, 19, 6, 8, 6
2020/12/13, 45, 14, 4, 5, 7
2020/12/14, 32, 17, 5, 4, 4
2020/12/15, 51, 13, 4, 5, 3
2020/12/16, 42, 16, 8, 6, 6
2020/12/17, 49, 20, 6, 8, 4
2020/12/18, 55, 17, 7, 7, 6
2020/12/19, 53, 18, 7, 7, 5
2020/12/20, 51, 19, 5, 6, 4
2020/12/21, 46, 18, 7, 7, 4
2020/12/22, 47, 19, 8, 11, 9
2020/12/23, 60, 15, 5, 7, 4
2020/12/24, 39, 16, 5, 7, 4
2020/12/25, 50, 21, 2, 6, 2
2020/12/26, 50, 16, 11, 10, 6
2020/12/27, 62, 17, , 8, 11
2020/12/28, 69, 16, , 8, 7
2020/12/29, 125, 22, , 11, 8
2020/12/30, 62, 23, , 7, 3
2020/12/31, 51, 25, , 6, 5
2021/1/1, 50, 21, , 12, 8
2021/1/2, 92, 22, , 9, 4
2021/1/3, 36, 20, , 7, 5
2021/1/4, 48, 23, , 7, 6
2020/7/2, 48, 21, 5, 5, 2
2020/7/3, 41, 20, 5, 6, 1
2020/7/4, 44, 20, 5, 7, 1
2020/7/5, 36, 22, 5, 7, 2
2020/7/6, 30, 20, 6, 7, 2
2020/7/7, 33, 23, 7, 8, 2
2020/7/8, 39, 28, 8, 9, 2
2020/7/9, 38, 21, 6, 6, 1
2020/7/10, 20, 27, 10, 6, 3
2020/7/11, 31, 16, 4, 6, 2
2020/7/12, 28, 15, 4, 6, 1
2020/7/13, 25, 23, 6, 4, 1
2020/7/14, 34, 26, 6, 5, 2
2020/7/15, 42, 28, 7, 5, 2
2020/7/16, 43, 20, 5, 5, 2
2020/7/17, 50, 19, 4, 7, 2
2020/7/18, 62, 20, 6, 5, 1
2020/7/19, 60, 23, 6, 5, 1
2020/7/20, 48, 27, 12, 8, 4
2020/7/21, 41, 32, 8, 7, 3
2020/7/22, 28, 22, 7, 7, 2
2020/7/23, 34, 23, 6, 7, 1
2020/7/24, 28, 21, 6, 7, 3
2020/7/25, 31, 25, 8, 8, 2
2020/7/26, 31, 20, 8, 7, 1
2020/7/27, 13, 15, 9, 7, 3
2020/7/28, 14, 21, 8, 6, 1
2020/7/29, 26, 15, 7, 6, 2
2020/7/30, 20, 18, 5, 5, 2
2020/7/31, 17, 15, 4, 6, 1
2020/8/1, 25, 12, 5, 6, 
2020/8/2, 26, 16, 5, 5, 2
2020/8/3, 30, 17, 5, 4, 1
2020/8/4, 25, 6, 9, 7, 2
2020/8/5, 34, , , , 
2020/8/7, 33, 15, 4, 3, 2
2020/8/8, 30, 13, 3, 5, 2
2020/8/9, 19, 14, 3, 3, 2
2020/8/10, 15, 13, 5, 3, 2
2020/8/11, 22, 12, 3, 5, 2
2020/8/12, 21, 14, 3, 4, 1
2020/8/13, 26, 17, 4, 7, 1
2020/8/14, 32, 19, 5, 6, 1
2020/8/15, 32, 17, 6, 6, 2
2020/8/16, 32, 13, 3, 6, 4
2020/8/17, 26, 12, 4, 6, 2
2020/8/18, 27, 15, 4, 7, 2
2020/8/19, 310, 16, 5, 6, 2
2020/8/20, 485, 22, 10, 6, 2
2020/8/21, 32, 26, 9, 7, 3
2020/8/22, 43, 23, 6, 8, 3
2020/8/23, 28, 21, 5, 8, 3
2020/8/24, 32, 18, 1, 5, 2
2020/8/25, 21, 17, 1, 5, 1
2020/8/26, 21, 13, 1, 5, 1
2020/8/27, 11, 16, 2, 5, 2
2020/8/28, 17, 21, 3, 7, 2
2020/8/29, 22, 19, 2, 7, 2
2020/8/30, 27, 24, 2, 7, 2
2020/8/31, 26, 14, 3, 7, 2
2020/9/1, 17, 11, 4, 8, 2
2020/9/2, 23, 25, 3, 7, 2
2020/9/3, 36, 19, 2, 4, 2
2020/9/4, 40, 13, 2, 6, 2
2020/9/5, 34, 13, 1, 7, 1
2020/9/6, 20, 13, 1, 5, 2
2020/9/7, 10, 16, 2, 6, 2
2020/9/8, 12, 25, 4, 9, 3
2020/9/9, 31, 23, 4, 10, 3
2020/9/10, 23, 15, 1, 6, 2
2020/9/11, 19, 14, 1, 7, 2
2020/9/12, 15, 16, 3, 6, 2
2020/9/13, 19, 19, 2, 6, 1
2020/9/14, 18, 21, 4, 7, 3
2020/9/15, 32, 16, 5, 6, 4
2020/9/16, 20, 17, 4, 6, 3
2020/9/17, 26, 17, 3, 5, 2
2020/9/18, 24, 19, 2, 6, 2
2020/9/19, 17, 16, 4, 8, 3
2020/9/20, 26, 21, 3, 8, 2
2020/9/21, 25, 22, 4, 4, 3
2020/9/22, 35, 9, 7, 4, 4
2020/9/23, 44, 12, 2, 6, 3
2020/9/24, 38, 45, 3, 5, 3
2020/9/25, 38, 19, 5, 8, 3
2020/9/26, 47, , 6, 7, 4
2020/9/27, 45, , 6, 8, 5
2020/9/28, 47, , 4, 6, 3
2020/9/29, 43, 13, 3, 6, 3
2020/9/30, 33, 22, 4, 7, 3
2020/10/1, 36, 36, 4, 7, 3
2020/4/2, 34, 26, 9, 6, 3
2020/4/3, 35, 25, 9, 7, 3
2020/4/4, 37, 23, 5, 6, 1
2020/4/5, 31, 23, 4, 6, 2
2020/4/6, 30, 25, 6, 5, 3
2020/4/7, 28, 23, 8, 6, 2
2020/4/8, 30, 22, 8, 6, 3
2020/4/9, 36, 21, 5, 6, 2
2020/4/10, 32, 21, 5, 8, 1
2020/4/11, 27, 19, 5, 7, 2
2020/4/12, 41, 23, 2, 5, 1
2020/4/13, 43, 24, 5, 5, 1
2020/4/14, 17, 30, 11, 8, 4
2020/4/15, 51, 21, 7, 6, 4
2020/4/16, 42, 27, 7, 5, 3
2020/4/17, 34, 23, 8, 7, 4
2020/4/18, 30, 27, 7, 4, 2
2020/4/19, 35, 22, 3, 3, 1
2020/4/20, 26, 22, 7, 7, 2
2020/4/21, 27, 30, 6, 7, 4
2020/4/22, 45, 29, 5, 6, 2
2020/4/23, 37, 27, 7, 8, 2
2020/4/24, 36, 33, 8, 8, 3
2020/4/25, 56, 36, 9, 7, 4
2020/4/26, 57, 30, 4, 5, 3
2020/4/27, 31, 33, 6, 7, 3
2020/4/28, 44, 29, 9, 6, 3
2020/4/29, 36, 27, 8, 4, 3
2020/4/30, 38, 30, 8, 5, 2
2020/5/1, 28, 31, 5, 5, 1
2020/5/2, 22, 31, 7, 4, 2
2020/5/3, 28, 30, 5, 4, 3
2020/5/4, 30, 26, 6, 6, 3
2020/5/5, 32, 25, 5, 6, 2
2020/5/6, 18, 24, 5, 7, 2
2020/5/7, 30, 28, 6, 6, 2
2020/5/8, 27, 27, 7, 5, 3
2020/5/9, 27, 27, 8, 7, 3
2020/5/10, 23, 28, 5, 5, 2
2020/5/11, 56, 26, 6, 6, 1
2020/5/12, 23, 29, 9, 8, 3
2020/5/13, 31, 32, 8, 7, 3
2020/5/14, 31, 28, 8, 5, 3
2020/5/15, 34, 29, 10, 6, 4
2020/5/16, 40, 22, 4, 6, 2
2020/5/17, 31, 36, 6, 6, 3
2020/5/18, 44, 30, 7, 6, 3
2020/5/19, 36, 30, 9, 6, 3
2020/5/20, 40, 26, 10, 10, 4
2020/5/21, 33, 20, 7, 7, 3
2020/5/22, 34, 33, 6, 7, 3
2020/5/23, 43, 29, 8, 6, 3
2020/5/24, 34, 30, 6, 5, 3
2020/5/25, 23, 29, 6, 4, 3
2020/5/26, 27, 38, 6, 6, 4
2020/5/27, 45, 29, 6, 5, 4
2020/5/28, 46, 27, 9, 4, 3
2020/5/29, 39, 23, 8, 5, 1
2020/5/30, 30, 24, 3, 6, 1
2020/5/31, 19, 25, 4, 6, 2
2020/6/1, 726, 25, 6, 7, 3
2020/6/2, 521, 22, 5, 6, 1
2020/6/3, 30, 21, 4, 7, 1
2020/6/4, 23, 20, 5, 6, 1
2020/6/5, 25, 19, 4, 6, 1
2020/6/6, 27, 20, 5, 7, 1
2020/6/7, 25, 25, 3, 7, 2
2020/6/8, 30, 23, 5, 5, 1
2020/6/9, 29, 26, 10, 6, 1
2020/6/10, 30, 23, 8, 6, 2
2020/6/11, 23, 20, 3, 6, 2
2020/6/12, 21, 21, 4, 5, 2
2020/6/13, 24, 26, 7, 7, 1
2020/6/14, 35, 27, 4, 7, 2
2020/6/15, 27, 27, 6, 4, 1
2020/6/16, 31, 19, 8, 6, 2
2020/6/17, 33, 19, 7, 4, 2
2020/6/18, 35, 22, 7, 6, 2
2020/6/19, 36, 21, 7, 4, 3
2020/6/20, 24, 20, 6, 5, 2
2020/6/21, 27, 22, 4, 6, 1
2020/6/22, 27, 26, 7, 7, 2
2020/6/23, 23, 22, 4, 5, 1
2020/6/24, 23, 20, 6, 6, 1
2020/6/25, 26, 16, 5, 5, 1
2020/6/26, 27, 14, 9, 5, 2
2020/6/27, 20, 21, 7, 7, 2
2020/6/28, 41, 29, 7, 7, 3
2020/6/29, 62, 27, 6, 7, 1
2020/6/30, 25, 26, 6, 6, 1
2020/7/1, 43, 26, 6, 6, 2
2020/1/2, 50, , 3, , 
2020/1/3, 29, , 7, 2, 
2020/1/4, 11, , 8, 1, 
2020/1/5, 20, , 18, 1, 
2020/1/6, 42, , 25, 2, 
2020/1/7, 48, , 15, , 
2020/1/8, 39, , 20, 3, 
2020/1/9, 54, , 29, 2, 
2020/1/10, 66, , 13, 1, 
2020/1/11, 38, , 11, 1, 
2020/1/12, 34, , 15, 1, 
2020/1/13, 49, , 18, 1, 
2020/1/14, 50, , 17, , 
2020/1/15, 47, , 14, , 
2020/1/16, 38, , 8, , 
2020/1/17, 34, , 9, , 
2020/1/18, 28, , 9, , 
2020/1/19, 31, , 8, , 
2020/1/20, 20, , 9, , 
2020/1/21, 15, , 11, 1, 
2020/1/22, 33, , 11, 3, 
2020/1/23, 35, , 17, 1, 
2020/1/24, 36, , 15, , 
2020/1/25, 41, , 13, 2, 
2020/1/26, 35, , 10, , 
2020/1/27, 28, , 16, 1, 
2020/1/28, 30, , 14, 1, 
2020/1/29, 24, , 14, 1, 
2020/1/30, 46, , 11, , 
2020/1/31, 65, , 10, , 
2020/2/1, 34, , 8, , 
2020/2/2, 28, , 11, 1, 
2020/2/3, 38, , 12, , 
2020/2/4, 33, , 4, , 
2020/2/5, 7, , 3, , 
2020/2/6, 10, , 7, , 
2020/2/7, 9, , 20, 3, 
2020/2/8, 373, , 21, 2, 
2020/2/9, 41, , 17, 2, 
2020/2/10, 45, , 7, 4, 
2020/2/11, 21, , 10, 2, 
2020/2/12, 25, , 4, 1, 
2020/2/13, 20, , 9, 1, 
2020/2/14, 30, , 9, 1, 
2020/2/15, 32, , 11, 1, 
2020/2/16, 42, , 16, 2, 
2020/2/17, 47, , 20, 3, 
2020/2/18, 45, , 19, , 
2020/2/19, 42, , 10, 1, 
2020/2/20, 47, , 12, 2, 
2020/2/21, 50, , 6, , 
2020/2/22, 26, , 10, 1, 
2020/2/23, 42, , 14, 3, 
2020/2/24, 52, , 6, 1, 
2020/2/25, 24, , 14, 2, 
2020/2/26, 43, , 11, , 
2020/2/27, 43, , 8, 1, 
2020/2/28, 37, , 10, 1, 
2020/2/29, 48, , 17, 2, 
2020/3/1, 47, , 12, 2, 
2020/3/2, 51, , 5, , 
2020/3/3, 21, , 6, , 
2020/3/4, 54, , 13, , 13
2020/3/5, 745, 13, 8, , 9
2020/3/6, 164, 17, 7, , 26
2020/3/7, 103, 23, 14, 2, 5
2020/3/8, 52, 21, 9, , 4
2020/3/9, 37, 26, 10, 3, 3
2020/3/10, 38, 19, 6, 2, 2
2020/3/11, 25, 23, 9, 5, 3
2020/3/12, 35, 26, 12, 5, 3
2020/3/13, 38, 30, 16, 5, 4
2020/3/14, 45, 26, 14, 5, 4
2020/3/15, 28, 20, 7, 1, 3
2020/3/16, 32, 17, 9, 6, 1
2020/3/17, 29, 29, 13, 5, 2
2020/3/18, 36, , , , 
2020/3/20, 62, 27, 8, 8, 2
2020/3/21, 39, 22, 5, 7, 
2020/3/22, 34, 22, 5, 6, 2
2020/3/23, 26, 25, 9, 6, 2
2020/3/24, 30, 27, 18, 9, 4
2020/3/25, 50, 29, 12, 6, 1
2020/3/26, 70, 29, 13, 7, 1
2020/3/27, 38, 26, 8, 5, 2
2020/3/28, 37, 25, 5, 9, 3
2020/3/29, 32, 22, 3, 8, 2
2020/3/30, 41, 31, 7, 5, 2
2020/3/31, 37, 23, 5, 5, 2
2020/4/1, 41, 27, 7, 7, 3
2019/10/2, 23, 16, 7, 1, 3
2019/10/3, 29, 16, 8, , 3
2019/10/4, 34, 19, 6, , 3
2019/10/5, 25, 24, 9, 1, 3
2019/10/6, 32, 22, 6, , 3
2019/10/7, 24, 18, 9, , 6
2019/10/8, 33, 20, 6, , 3
2019/10/9, 26, 23, 13, 1, 4
2019/10/10, 44, 24, 16, , 4
2019/10/11, 42, 20, 14, 1, 6
2019/10/12, 51, 13, 6, , 4
2019/10/13, 23, 20, 7, , 4
2019/10/14, 23, 16, 7, , 4
2019/10/15, 26, 20, 9, , 5
2019/10/16, 33, 14, 9, 3, 4
2019/10/17, 32, 19, 10, , 4
2019/10/18, 23, 24, 11, , 5
2019/10/19, 26, 16, 10, , 5
2019/10/20, 20, 14, 12, , 6
2019/10/21, 15, 14, 8, , 5
2019/10/22, 17, 16, 11, , 5
2019/10/23, 21, 17, 11, , 4
2019/10/24, 30, 19, 8, 2, 4
2019/10/25, 29, 17, 9, 1, 4
2019/10/26, 33, 17, 13, , 5
2019/10/27, 28, 21, 17, 1, 11
2019/10/28, 57, 28, 16, 2, 8
2019/10/29, 49, 28, 13, , 5
2019/10/30, 43, 18, 15, , 6
2019/10/31, 40, 13, 11, , 5
2019/11/1, 24, 20, 14, , 3
2019/11/2, 39, 16, 10, , 4
2019/11/3, 32, 18, 7, , 3
2019/11/4, 19, 16, 9, , 5
2019/11/5, 32, 17, 7, , 4
2019/11/6, 30, 13, 9, , 4
2019/11/7, 25, 15, 7, 1, 4
2019/11/8, 24, 13, 6, 1, 2
2019/11/9, 23, 12, 9, 1, 3
2019/11/10, 25, 17, 13, , 6
2019/11/11, 49, 21, 19, 3, 8
2019/11/12, 50, 15, 8, 1, 3
2019/11/13, 37, 10, 13, , 5
2019/11/14, 35, 16, 14, 3, 7
2019/11/15, 35, 108, 9, , 4
2019/11/16, 63, , 12, 1, 4
2019/11/17, 42, , 18, , 8
2019/11/18, 46, , 13, , 5
2019/11/19, 35, , 16, , 7
2019/11/20, 39, , 17, 3, 8
2019/11/21, 50, , 15, 1, 7
2019/11/22, 51, , 12, 1, 5
2019/11/23, 34, , 12, , 5
2019/11/24, 46, , 10, , 4
2019/11/25, 35, , 16, 1, 
2019/11/26, 58, , 13, , 
2019/11/27, 34, , 17, 3, 
2019/11/28, 56, , 14, , 
2019/11/29, 53, , 15, 1, 
2019/11/30, 54, , 22, 2, 
2019/12/1, 593, , 13, , 3
2019/12/2, 867, 14, 11, , 4
2019/12/3, 455, 27, 23, 2, 11
2019/12/4, 62, , 17, 2, 6
2019/12/5, 48, , 21, 1, 6
2019/12/6, 55, , 21, 1, 7
2019/12/7, 48, , 19, 1, 
2019/12/8, 53, , 18, 1, 
2019/12/9, 48, , 22, 3, 
2019/12/10, 54, , 10, 1, 
2019/12/11, 31, 9, 9, , 
2019/12/12, 65, 17, 18, 1, 
2019/12/13, 49, 16, 19, 2, 9
2019/12/14, 54, 109, 26, 2, 5
2019/12/15, 49, 83, 20, 3, 
2019/12/16, 43, , 13, 1, 
2019/12/17, 28, , 18, 2, 
2019/12/18, 57, , 9, , 
2019/12/19, 34, , 15, 1, 
2019/12/20, 46, , 24, 3, 
2019/12/21, 65, , 13, , 
2019/12/22, 16, , 13, , 
2019/12/23, 20, , 20, , 
2019/12/24, 57, , 17, 1, 
2019/12/25, 39, , 13, 2, 
2019/12/26, 48, , 15, , 
2019/12/27, 33, , 16, , 
2019/12/28, 40, , 5, , 
2019/12/29, 12, , , , 
2019/7/2, 41, , 20, 1, 7
2019/7/3, 30, , 23, 1, 7
2019/7/4, 24, , 24, 1, 9
2019/7/5, 43, , 21, , 9
2019/7/6, 49, , 22, 1, 11
2019/7/7, 46, , 20, 2, 5
2019/7/8, 41, , 21, 2, 9
2019/7/9, 36, , 19, 1, 6
2019/7/10, 46, , 19, 2, 8
2019/7/11, 41, , 18, 2, 9
2019/7/12, 37, 3, 20, 2, 5
2019/7/13, 118, 3, , , 8
2019/7/14, 38, 2, , , 7
2019/7/15, 33, 2, , , 7
2019/7/16, 43, 1, , , 7
2019/7/17, 39, 2, , , 6
2019/7/18, 346, 8, , , 8
2019/7/19, 834, 19, , , 
2019/7/20, 41, , , , 
2019/7/21, 42, , , , 
2019/7/22, 46, , , , 
2019/7/23, 37, 13, 6, , 3
2019/7/24, 172, 14, 6, , 1
2019/7/25, 39, 18, 6, , 3
2019/7/26, 27, 23, 7, , 3
2019/7/27, 31, 17, 6, , 3
2019/7/28, 32, 18, 4, , 3
2019/7/29, 32, 19, 6, , 3
2019/7/30, 39, 17, 5, , 3
2019/7/31, 45, 10, 5, , 3
2019/8/1, 55, 16, 6, , 3
2019/8/2, 47, 18, 5, 1, 3
2019/8/3, 36, 20, 8, 2, 4
2019/8/4, 40, 20, 7, 1, 5
2019/8/5, 33, 18, 6, , 4
2019/8/6, 32, 17, 9, , 4
2019/8/7, 35, 18, 11, , 4
2019/8/8, 33, 19, 14, 1, 5
2019/8/9, 39, 21, 8, , 4
2019/8/10, 40, 13, 5, , 3
2019/8/11, 35, 17, 5, , 3
2019/8/12, 33, 16, 5, , 3
2019/8/13, 29, 18, 7, , 3
2019/8/14, 37, 17, 7, , 3
2019/8/15, 36, 18, 7, 1, 3
2019/8/16, 42, 21, 8, , 3
2019/8/17, 45, 20, 6, , 2
2019/8/18, 38, 20, 6, , 1
2019/8/19, 36, 14, 4, , 2
2019/8/20, 34, 15, 3, , 2
2019/8/21, 36, 18, 4, , 2
2019/8/22, 29, 25, 10, 1, 3
2019/8/23, 42, 22, 6, 1, 2
2019/8/24, 22, 26, 9, , 3
2019/8/25, 21, 22, 9, , 3
2019/8/26, 23, 13, 12, , 4
2019/8/27, 21, 22, 14, 8, 5
2019/8/28, 23, 20, 8, , 5
2019/8/29, 43, 16, 7, , 3
2019/8/30, 37, 20, 12, , 4
2019/8/31, 50, 17, 10, , 3
2019/9/1, 47, 13, 11, 3, 4
2019/9/2, 53, 17, 7, 1, 3
2019/9/3, 41, 17, 8, , 3
2019/9/4, 37, 14, 8, , 3
2019/9/5, 29, 19, 6, , 3
2019/9/6, 30, 19, 7, , 3
2019/9/7, 34, 21, 9, , 3
2019/9/8, 40, 21, 9, , 3
2019/9/9, 208, 21, 13, 1, 5
2019/9/10, 868, 20, 9, , 4
2019/9/11, 521, 16, 4, 1, 3
2019/9/12, 27, 16, 5, 1, 3
2019/9/13, 24, 16, 6, , 3
2019/9/14, 17, 18, 5, , 3
2019/9/15, 16, 23, 7, , 4
2019/9/16, 23, 24, 7, , 4
2019/9/17, 28, 23, 9, , 5
2019/9/18, 38, 31, 9, , 4
2019/9/19, 39, 24, 13, 3, 5
2019/9/20, 39, 19, 13, , 5
2019/9/21, 35, 19, 11, , 4
2019/9/22, 39, 20, 9, , 4
2019/9/23, 33, 19, 8, 1, 4
2019/9/24, 30, 27, 9, 2, 4
2019/9/25, 40, 29, 10, , 5
2019/9/26, 39, 26, 8, , 4
2019/9/27, 37, 21, 8, 1, 3
2019/9/28, 33, 16, 9, , 4
2019/9/29, 40, 14, 4, , 4
2019/9/30, 12, 11, 9, , 5
2019/10/1, 18, 14, 6, , 3
2019/4/2, 38, 9, 28, , 4
2019/4/3, 48, 15, 32, , 4
2019/4/4, 47, 10, 23, 1, 3
2019/4/5, 33, 10, 30, , 4
2019/4/6, 52, 17, 33, , 4
2019/4/7, 49, 15, 23, , 3
2019/4/8, 28, 6, 20, , 6
2019/4/9, 54, 7, 39, , 4
2019/4/10, 38, 9, 52, 1, 8
2019/4/11, 53, 18, 20, 1, 3
2019/4/12, 49, 20, 23, , 2
2019/4/13, 209, 21, 20, , 2
2019/4/14, 868, 11, 34, , 5
2019/4/15, 868, 4, 29, , 8
2019/4/16, 435, 13, 43, , 5
2019/4/17, 65, 12, 16, , 2
2019/4/18, 42, 20, 15, , 3
2019/4/19, 28, 5, 12, , 2
2019/4/20, 40, 6, 29, 1, 5
2019/4/21, 44, 8, 34, 1, 6
2019/4/22, 49, 6, 35, , 7
2019/4/23, 53, 13, 30, , 5
2019/4/24, 58, 13, 32, , 4
2019/4/25, 51, 12, 23, , 6
2019/4/26, 30, 3, 18, 1, 3
2019/4/27, 53, 8, 28, 1, 6
2019/4/28, 47, 9, 31, 1, 6
2019/4/29, 52, 15, 29, , 7
2019/4/30, 53, 13, 33, , 8
2019/5/1, 63, 6, 26, , 6
2019/5/2, 64, 8, 25, , 6
2019/5/3, 47, 15, 25, , 4
2019/5/4, 45, 12, 26, , 7
2019/5/5, 53, 5, 23, , 6
2019/5/6, 54, 14, 26, , 5
2019/5/7, 47, 16, 33, , 5
2019/5/8, 46, 21, 22, , 2
2019/5/9, 51, 11, 24, , 2
2019/5/10, 29, 11, 21, , 6
2019/5/11, 45, 11, 24, , 4
2019/5/12, 45, 10, 26, 1, 4
2019/5/13, 43, 8, 29, , 5
2019/5/14, 39, 9, 27, , 5
2019/5/15, 53, 4, 15, , 6
2019/5/16, 55, 7, 22, , 5
2019/5/17, 51, 12, 22, , 6
2019/5/18, 40, 14, 17, 2, 4
2019/5/19, 32, 6, 21, 1, 4
2019/5/20, 36, 7, 25, , 8
2019/5/21, 58, 14, 19, 1, 7
2019/5/22, 91, 7, 15, , 6
2019/5/23, 51, 6, 20, , 8
2019/5/24, 62, 4, 17, , 7
2019/5/25, 49, 4, 16, , 3
2019/5/26, 44, 5, 18, 1, 2
2019/5/27, 33, 4, 19, , 4
2019/5/28, 40, 5, 23, , 3
2019/5/29, 52, 28, 19, , 6
2019/5/30, 43, 5, 16, , 9
2019/5/31, 53, 3, 17, , 14
2019/6/1, 39, 3, 17, , 12
2019/6/2, 29, 2, 18, , 8
2019/6/3, 27, 2, 16, , 7
2019/6/4, 26, 5, 13, , 9
2019/6/5, 23, 2, 23, , 7
2019/6/6, 25, 1, 23, , 7
2019/6/7, 29, 1, 18, , 13
2019/6/8, 37, 27, 16, , 8
2019/6/9, 36, 84, 17, , 6
2019/6/10, 38, 47, 21, , 8
2019/6/11, 43, , 11, , 10
2019/6/12, 22, , 19, 1, 6
2019/6/13, 41, , 15, , 14
2019/6/14, 19, , 19, , 12
2019/6/15, 28, , 18, , 11
2019/6/16, 28, , 17, , 11
2019/6/17, 29, , 19, , 10
2019/6/18, 40, , 18, , 11
2019/6/19, 38, , 15, , 6
2019/6/20, 33, , 17, , 11
2019/6/21, 447, , 30, , 16
2019/6/22, 38, , 26, , 11
2019/6/23, 37, , 19, , 10
2019/6/24, 25, , 20, 1, 13
2019/6/25, 42, , 20, , 10
2019/6/26, 27, , 18, 2, 12
2019/6/27, 28, , 11, 2, 12
2019/6/28, 40, , 14, 1, 9
2019/6/29, 37, , 17, , 8
2019/6/30, 27, , 19, , 6
2019/7/1, 29, , 21, 2, 8
2019/1/8, 122, 26, 21, 9, 9
2019/1/9, 154, 24, 20, 10, 7
2019/1/10, 249, 32, 13, 9, 3
2019/1/11, 186, 21, 18, 9, 18
2019/1/12, 57, 20, 18, 10, 26
2019/1/13, 24, 17, 11, 9, 8
2019/1/14, 20, 18, 8, 9, 16
2019/1/15, 21, 19, 10, 9, 13
2019/1/16, 42, 19, 15, 9, 20
2019/1/17, 47, 22, 17, 8, 18
2019/1/18, 33, 23, 12, 8, 13
2019/1/19, 31, 22, 10, 9, 
2019/1/20, 30, 26, 11, 11, 7
2019/1/21, 42, 24, 9, 9, 1
2019/1/22, 124, 31, 27, 14, 24
2019/1/23, 359, 28, 20, 10, 15
2019/1/24, 386, 26, 9, 8, 4
2019/1/25, 320, 23, 20, 9, 4
2019/1/26, 53, 20, 14, 8, 
2019/1/27, 47, 28, 13, 11, 
2019/1/28, 29, 25, 10, 8, 
2019/1/29, 54, 27, 20, 10, 23
2019/1/30, 47, 23, 14, 10, 10
2019/1/31, 46, 22, 18, 9, 2
2019/2/1, 43, 16, 16, 9, 26
2019/2/2, 20, 24, 8, 8, 28
2019/2/3, 50, 26, 20, 10, 15
2019/2/4, 50, 25, 18, 12, 16
2019/2/5, 38, 21, 17, 9, 12
2019/2/6, 48, 16, 19, 10, 8
2019/2/7, 87, 7, 27, 9, 12
2019/2/8, 63, 2, 39, 1, 6
2019/2/9, 40, 2, 17, , 17
2019/2/10, 26, 5, 25, , 14
2019/2/11, 32, 6, 42, , 2
2019/2/12, 49, 6, 48, , 9
2019/2/13, 47, 14, 37, 1, 11
2019/2/14, 40, 19, 33, 1, 14
2019/2/15, 47, 28, 50, , 18
2019/2/16, 35, 6, 28, , 8
2019/2/17, 45, 11, 33, 1, 6
2019/2/18, 43, 6, 14, , 2
2019/2/19, 35, 8, 28, 1, 25
2019/2/20, 54, 10, 33, 1, 18
2019/2/21, 33, 11, 27, , 21
2019/2/22, 45, 9, 28, , 12
2019/2/23, 27, 12, 21, , 13
2019/2/24, 17, 5, 23, 1, 6
2019/2/25, 42, 18, 21, 1, 14
2019/2/26, 50, 24, 43, 1, 15
2019/2/27, 52, 2, 52, 2, 4
2019/2/28, 49, 6, 47, , 9
2019/3/1, 62, 1, 45, 1, 16
2019/3/2, 53, , 38, 1, 4
2019/3/3, 45, , 34, 1, 7
2019/3/4, 32, 3, 20, , 14
2019/3/5, 49, 9, 24, 1, 8
2019/3/6, 37, 10, 26, , 6
2019/3/7, 36, 5, 33, , 3
2019/3/8, 53, 4, 48, 2, 6
2019/3/9, 56, 9, 47, 1, 9
2019/3/10, 56, 4, 49, , 10
2019/3/11, 46, 4, 44, 2, 6
2019/3/12, 64, 2, 36, , 6
2019/3/13, 57, 15, 32, 1, 7
2019/3/14, 62, 9, 19, 1, 4
2019/3/15, 39, 2, 27, , 5
2019/3/16, 49, 10, 14, 1, 5
2019/3/17, 39, 9, 35, , 3
2019/3/18, 35, 10, 33, , 5
2019/3/19, 29, 7, 30, 1, 4
2019/3/20, 31, 9, 30, , 4
2019/3/21, 31, 2, 23, , 5
2019/3/22, 33, 4, 14, , 5
2019/3/23, 36, 5, 21, 1, 4
2019/3/24, 31, 4, 29, , 3
2019/3/25, 39, 4, 29, , 4
2019/3/26, 53, 4, 32, 1, 5
2019/3/27, 44, 7, 21, , 5
2019/3/28, 42, 5, 22, , 4
2019/3/29, 54, 9, 35, , 6
2019/3/30, 51, 8, 35, , 6
2019/3/31, 54, 2, 37, 1, 7
2019/4/1, 49, 8, 15, , 6
2018/10/2, 12, 19, 7, 9, 35
2018/10/3, 23, 19, 6, 8, 22
2018/10/4, 25, 20, 6, 8, 19
2018/10/5, 26, 24, 8, 9, 3
2018/10/6, 32, 25, 8, 8, 
2018/10/7, 32, 21, 9, 9, 28
2018/10/8, 28, 21, 13, 7, 21
2018/10/9, 27, 22, 8, 7, 11
2018/10/10, 19, 32, 9, 10, 10
2018/10/11, 31, 24, 9, 9, 17
2018/10/12, 36, 23, 11, 9, 8
2018/10/13, 38, 47, 13, 7, 3
2018/10/14, 54, 39, 10, 9, 17
2018/10/15, 35, 17, 8, 10, 4
2018/10/16, 36, 12, 6, 9, 3
2018/10/17, 23, 14, 5, 8, 6
2018/10/18, 19, 12, 5, 8, 
2018/10/19, 12, 15, 6, 8, 42
2018/10/20, 14, , , , 
2018/11/8, 40, 27, 15, 8, 12
2018/11/9, 44, 23, 11, 7, 6
2018/11/10, 46, 23, 8, 8, 13
2018/11/11, 23, 11, 15, 13, 10
2018/11/12, 42, , 18, 9, 16
2018/11/13, 51, , 9, 9, 11
2018/11/14, 26, , 11, 8, 41
2018/11/15, 28, , 18, 8, 7
2018/11/16, 46, 27, 26, 13, 26
2018/11/17, 64, 27, 27, 9, 28
2018/11/18, 69, 29, 22, 8, 26
2018/11/19, 51, 21, 16, 8, 16
2018/11/20, 43, 20, 14, 8, 8
2018/11/21, 48, 23, 16, 15, 21
2018/11/22, 52, 43, 18, 8, 30
2018/11/23, 349, 21, 25, 9, 11
2018/11/24, 59, 19, 22, 10, 31
2018/11/25, 44, 19, 11, 10, 11
2018/11/26, 28, 31, 15, 12, 22
2018/11/27, 47, 26, 9, 7, 23
2018/11/28, 45, 15, 11, 7, 2
2018/11/29, 23, 10, 20, 9, 21
2018/11/30, 25, 25, 12, 7, 30
2018/12/1, 25, 22, 5, 8, 34
2018/12/2, 17, 37, 8, 9, 3
2018/12/3, 14, 33, 28, 10, 24
2018/12/4, 62, 69, 12, 9, 30
2018/12/5, 43, 29, 11, 9, 33
2018/12/6, 31, 165, 12, 9, 17
2018/12/7, 43, , 24, 9, 11
2018/12/8, 53, , 12, 8, 1
2018/12/9, 29, , 8, 8, 
2018/12/10, 25, , 9, 9, 
2018/12/11, 29, 14, 14, 9, 16
2018/12/12, 47, 14, 16, 10, 19
2018/12/13, 57, 18, 6, 8, 35
2018/12/14, 20, 25, 14, 9, 39
2018/12/15, 29, 27, 20, 8, 42
2018/12/16, 141, 25, 26, 9, 27
2018/12/17, 207, 28, 30, 10, 19
2018/12/18, 287, 20, 23, 12, 10
2018/12/19, 250, 24, 7, 8, 
2018/12/20, 152, 26, 11, 8, 33
2018/12/21, 594, 20, 27, 10, 23
2018/7/2, 51, 29, 6, , 5
2018/7/3, 65, 33, 6, , 5
2018/7/4, 53, 34, 6, , 5
2018/7/5, 52, 25, 4, , 6
2018/7/6, 57, 23, 5, 80, 8
2018/7/7, 31, 16, 5, , 4
2018/7/8, 30, 17, 5, , 5
2018/7/9, 34, 14, 5, , 5
2018/7/10, 48, 17, 5, , 4
2018/7/11, 418, 18, 6, , 5
2018/7/12, 454, 17, 5, , 6
2018/7/13, 44, 19, 8, , 5
2018/7/14, 50, 20, 6, , 6
2018/7/15, 34, 18, 5, , 5
2018/7/16, 63, 20, 8, , 6
2018/7/17, 73, 31, 10, , 6
2018/7/18, 65, 26, 8, , 5
2018/7/19, 47, 24, 9, , 5
2018/7/20, 45, 27, 9, , 5
2018/7/21, 47, 24, 11, , 6
2018/7/22, 51, 24, 7, , 6
2018/7/23, 50, 25, 8, , 5
2018/7/24, 45, 24, 10, , 5
2018/7/25, 49, 22, 10, 1, 6
2018/7/26, 53, 18, 10, 1, 6
2018/7/27, 170, 30, 9, , 20
2018/7/28, 64, 15, 13, , 8
2018/7/29, 52, , , , 
2018/7/31, 40, 32, 8, , 11
2018/8/1, 36, 19, 5, , 11
2018/8/2, 31, 28, 5, 8, 7
2018/8/3, 25, 30, 9, 8, 18
2018/8/4, 32, 21, 6, 8, 19
2018/8/5, 28, 20, 4, 8, 21
2018/8/6, 19, 17, 4, 8, 15
2018/8/7, 20, 18, 4, 8, 12
2018/8/8, 23, 20, 6, 10, 9
2018/8/9, 34, 28, 6, 9, 13
2018/8/10, 39, 27, 6, 8, 8
2018/8/11, 38, 28, 8, 9, 4
2018/8/12, 40, 33, 9, 9, 
2018/8/13, 17, 25, 12, 10, 7
2018/8/14, 36, 30, 8, 8, 7
2018/8/15, 44, 34, 10, 9, 6
2018/8/16, 46, 27, 7, 9, 27
2018/8/17, 37, 28, 7, 9, 23
2018/8/18, 38, 26, 6, 10, 25
2018/8/19, 33, 37, 7, 10, 5
2018/8/20, 28, 24, 8, 8, 15
2018/8/21, 33, 20, 4, 8, 8
2018/8/22, 23, 22, 6, 9, 2
2018/8/23, 22, 22, 6, 9, 19
2018/8/24, 24, 27, 8, 9, 12
2018/8/25, 30, 26, 7, 8, 8
2018/8/26, 28, 24, 5, 8, 11
2018/8/27, 24, 27, 7, 9, 17
2018/8/28, 32, 22, 6, 9, 4
2018/8/29, 31, 20, 6, 9, 14
2018/8/30, 28, 21, 9, 8, 19
2018/8/31, 27, 23, 7, 10, 11
2018/9/1, 28, 18, 6, 11, 11
2018/9/2, 15, 30, 6, 10, 12
2018/9/3, 21, 26, 8, 9, 3
2018/9/4, 34, 26, 7, 8, 12
2018/9/5, 34, 21, 8, 7, 20
2018/9/6, 33, 19, 7, 6, 11
2018/9/7, 21, 23, 10, 8, 9
2018/9/8, 24, 28, 13, 8, 2
2018/9/9, 38, 17, 9, 9, 
2018/9/10, 17, 22, 14, 13, 
2018/9/11, 23, 23, 14, 10, 10
2018/9/12, 17, 31, 13, 10, 26
2018/9/13, 19, 22, 7, 8, 6
2018/9/14, 14, 21, 7, 9, 18
2018/9/15, 24, 30, 7, 10, 21
2018/9/16, 333, 25, 10, 8, 16
2018/9/17, 868, 23, 12, 9, 18
2018/9/18, 422, 20, 9, 7, 10
2018/9/19, 35, 22, 11, 8, 12
2018/9/20, 31, 25, 9, 9, 11
2018/9/21, 27, 24, 8, 8, 
2018/9/22, 30, 14, 4, 8, 
2018/9/23, 20, 18, 4, 8, 4
2018/9/24, 20, 19, 8, 9, 11
2018/9/25, 33, 17, 7, 8, 5
2018/9/26, 39, 18, 5, 9, 31
2018/9/27, 28, 19, 8, 8, 28
2018/9/28, 33, 17, 6, 10, 25
2018/9/29, 24, 17, 6, 9, 26
2018/9/30, 17, 19, 5, 8, 5
2018/10/1, 20, 13, 5, 8, 10
2018/4/2, 38, 34, 11, , 4
2018/4/3, 44, 31, 7, , 4
2018/4/4, 32, 31, 9, , 5
2018/4/5, 51, 38, 7, , 5
2018/4/6, 34, 20, 10, , 7
2018/4/7, 52, , , , 
2018/4/9, 40, 38, 6, , 5
2018/4/10, 39, 34, 6, , 6
2018/4/11, 53, 32, 7, , 6
2018/4/12, 22, 41, 9, , 6
2018/4/13, 30, 36, 8, , 5
2018/4/14, 38, 37, 7, , 5
2018/4/15, 35, 40, 6, , 5
2018/4/16, 75, 45, 12, , 7
2018/4/17, 65, 46, 11, , 6
2018/4/18, 58, 37, 9, , 6
2018/4/19, 77, 41, 6, , 5
2018/4/20, 63, 42, 9, , 7
2018/4/21, 55, 33, 9, , 7
2018/4/22, 46, 34, 7, , 5
2018/4/23, 81, 40, 9, , 5
2018/4/24, 89, 38, 9, , 7
2018/4/25, 49, 46, 8, , 6
2018/4/26, 54, 38, 8, , 6
2018/4/27, 40, 35, 6, , 3
2018/4/28, 39, 35, 6, , 5
2018/4/29, 34, 37, 7, , 6
2018/4/30, 29, 31, 8, , 8
2018/5/1, 32, 20, 15, , 9
2018/5/2, 37, 41, 10, , 6
2018/5/3, 868, 34, 14, , 8
2018/5/4, 868, 38, 10, , 7
2018/5/5, 728, 28, 6, , 6
2018/5/6, 23, 26, 7, , 6
2018/5/7, 23, 29, 8, 1, 5
2018/5/8, 33, 39, 9, 1, 4
2018/5/9, 41, 42, 10, , 7
2018/5/10, 53, 41, 9, , 7
2018/5/11, 37, 46, 9, , 6
2018/5/12, 40, 45, 7, , 7
2018/5/13, 37, 47, 7, , 6
2018/5/14, 41, 43, 9, , 7
2018/5/15, 43, 40, 7, , 6
2018/5/16, 34, 38, 7, , 7
2018/5/17, 43, 38, 7, , 6
2018/5/18, 50, 39, 10, , 2
2018/5/19, 46, 35, 9, , 6
2018/5/20, 43, 45, 7, , 4
2018/5/21, 43, 34, 6, , 7
2018/5/22, 38, 47, 7, , 4
2018/5/23, 76, 54, 8, , 5
2018/5/24, 50, 43, 7, , 4
2018/5/25, 46, 41, 6, , 5
2018/5/26, 42, 42, 7, , 4
2018/5/27, 38, 42, 7, , 6
2018/5/28, 38, 32, 10, , 6
2018/5/29, 94, 49, 11, 2, 8
2018/5/30, 54, 41, 8, , 10
2018/5/31, 53, 37, 6, , 4
2018/6/1, 47, 33, 7, , 16
2018/6/2, 47, 36, 6, , 8
2018/6/3, 46, 30, 4, , 20
2018/6/4, 37, 26, 6, , 15
2018/6/5, 31, 39, 8, , 10
2018/6/6, 40, 40, 8, , 16
2018/6/7, 43, 36, 6, , 32
2018/6/8, 40, 30, 5, , 12
2018/6/9, 39, 27, 4, 1, 8
2018/6/10, 33, 32, 4, , 24
2018/6/11, 31, 39, 7, , 14
2018/6/12, 47, 34, 7, , 14
2018/6/13, 36, 29, 6, , 
2018/6/14, 21, , 6, , 5
2018/6/15, 21, 31, 8, , 4
2018/6/16, 30, 71, 7, , 5
2018/6/17, 34, , 6, , 4
2018/6/18, 20, , 7, , 4
2018/6/19, 14, 22, 7, , 2
2018/6/20, 14, 34, 7, 1, 7
2018/6/21, 15, 32, 10, , 7
2018/6/22, 29, 31, 8, , 7
2018/6/23, 21, , , , 
2018/6/26, 31, 34, 7, , 6
2018/6/27, 23, 29, 5, , 5
2018/6/28, 20, 30, 7, , 6
2018/6/29, 37, 21, 7, , 6
2018/6/30, 43, , , , 
2018/1/12, 52, 17, 13, 3, 14
2018/1/13, 61, , , , 
2018/1/22, 33, 11, 25, 5, 19
2018/1/23, 45, , , , 
2018/1/25, 34, 16, 11, 3, 14
2018/1/26, 22, 20, 15, 2, 15
2018/1/27, 37, 22, 14, 3, 14
2018/1/28, 38, 15, 7, 4, 13
2018/1/29, 25, 16, 7, 2, 13
2018/1/30, 20, 23, 9, 1, 12
2018/1/31, 29, 26, 20, 4, 16
2018/2/1, 54, 5, 21, 4, 15
2018/2/2, 42, 23, 14, 4, 18
2018/2/3, 55, 24, 22, , 18
2018/2/4, 54, 24, 14, 1, 15
2018/2/5, 30, 25, 12, 2, 14
2018/2/6, 39, 25, 17, 3, 15
2018/2/7, 55, 24, 14, 1, 16
2018/2/8, 50, 13, 6, 2, 13
2018/2/9, 27, 7, 15, 3, 17
2018/2/10, 20, 16, 8, 2, 13
2018/2/11, 796, 17, 11, 4, 14
2018/2/12, 868, 18, 16, 3, 16
2018/2/13, 868, , 7, 2, 13
2018/2/14, 868, , 10, 3, 13
2018/2/15, 868, , 14, 3, 13
2018/2/16, 868, , 17, 2, 15
2018/2/17, 868, , 17, 1, 15
2018/2/18, 868, , 9, 3, 12
2018/2/19, 868, , 19, 4, 17
2018/2/20, 868, , 10, 2, 13
2018/2/21, 868, , 18, 1, 15
2018/2/22, 868, , 14, 1, 15
2018/2/23, 868, , 17, 2, 14
2018/2/24, 597, , 14, 2, 13
2018/2/25, 44, , 10, , 13
2018/2/26, 25, , 13, 3, 10
2018/2/27, 50, 14, 17, 3, 10
2018/2/28, 38, 4, 23, 1, 14
2018/3/1, 180, 2, 24, 1, 23
2018/3/2, 44, 37, 6, , 6
2018/3/3, 56, 43, 12, , 5
2018/3/4, 61, 42, 9, , 4
2018/3/5, 52, 30, 13, , 5
2018/3/6, 54, 40, 12, , 3
2018/3/7, 58, 27, 6, , 4
2018/3/8, 50, 39, 9, , 4
2018/3/9, 47, 29, 11, , 5
2018/3/10, 46, 26, 8, , 4
2018/3/11, 27, 32, 8, , 2
2018/3/12, 45, 30, 6, , 4
2018/3/13, 52, 34, 9, , 4
2018/3/14, 50, 34, 7, , 3
2018/3/15, 36, 26, 9, , 4
2018/3/16, 49, 29, 7, 1, 3
2018/3/17, 26, 29, 12, , 3
2018/3/18, 38, 28, 7, , 3
2018/3/19, 30, 28, 8, , 3
2018/3/20, 36, 34, 9, , 4
2018/3/21, 65, 40, 9, , 4
2018/3/22, 57, 34, 7, , 4
2018/3/23, 35, 35, 10, , 5
2018/3/24, 38, 35, 15, , 5
2018/3/25, 44, 35, 9, , 1
2018/3/26, 39, 41, 12, , 5
2018/3/27, 52, 46, 11, , 3
2018/3/28, 56, 38, 8, , 3
2018/3/29, 59, 37, 6, , 4
2018/3/30, 49, 37, 5, , 4
2018/3/31, 42, 43, 8, , 4
2018/4/1, 38, 28, 11, , 4
2017/10/2, 30, 18, 7, , 2
2017/10/3, 33, 20, 7, , 3
2017/10/4, 34, 11, 6, , 3
2017/10/5, 12, 15, 6, , 2
2017/10/6, 19, 19, 8, , 3
2017/10/7, 16, 22, 16, , 3
2017/10/8, 59, 19, 5, , 3
2017/10/9, 18, 22, 6, , 2
2017/10/10, 31, 20, 7, , 4
2017/10/11, 34, 17, 7, , 5
2017/10/12, 19, 16, 9, , 4
2017/10/13, 22, 18, 7, 1, 3
2017/10/14, 22, 19, 11, , 5
2017/10/15, 42, 18, 8, , 2
2017/10/16, 37, 17, 9, 1, 4
2017/10/17, 37, 19, 10, 1, 3
2017/10/18, 42, 21, 17, , 6
2017/10/19, 66, 12, 20, 19, 5
2017/10/20, 69, , 17, , 5
2017/10/21, 59, 19, 20, , 6
2017/10/22, 78, , 10, , 4
2017/10/23, 52, , 10, , 3
2017/10/24, 40, , 11, , 7
2017/10/25, 53, , 8, , 2
2017/10/26, 36, , 23, , 8
2017/10/27, 62, , 22, , 11
2017/10/28, 63, , 16, , 6
2017/10/29, 58, 12, 14, , 15
2017/10/30, 65, , 15, 50, 15
2017/10/31, 130, , 19, , 5
2017/11/1, 63, , , , 
2017/11/3, 60, , 13, 1, 7
2017/11/4, 57, , 14, 1, 3
2017/11/5, 64, , 14, , 4
2017/11/6, 50, 16, 20, , 18
2017/11/7, 96, 17, 17, 1, 3
2017/11/8, 56, 19, 19, 2, 15
2017/11/9, 69, 28, 10, , 1
2017/11/10, 49, 25, 8, , 4
2017/11/11, 42, 24, 8, , 6
2017/11/12, 35, 11, 9, , 3
2017/11/13, 38, 29, 8, , 4
2017/11/14, 31, 30, 10, , 3
2017/11/15, 37, 21, 17, , 3
2017/11/16, 54, 18, 20, , 6
2017/11/17, 67, 21, 18, , 9
2017/11/18, 58, 25, 24, , 11
2017/11/19, 65, 28, 10, , 2
2017/11/20, 49, 26, 15, , 5
2017/11/21, 46, 9, 19, , 19
2017/11/22, 72, 13, 31, 1, 1
2017/11/23, 131, 27, 17, 2, 14
2017/11/24, 59, 23, 28, 3, 20
2017/11/25, 67, 18, 31, 3, 26
2017/11/26, 72, 23, 17, 2, 21
2017/11/27, 59, 28, 15, 2, 14
2017/11/28, 53, 24, 24, 1, 19
2017/11/29, 61, 23, 13, 2, 15
2017/11/30, 44, 23, 13, 3, 12
2017/12/1, 45, 13, 13, 3, 10
2017/12/2, 52, 4, 28, 4, 16
2017/12/3, 41, , , , 
2017/12/6, 868, 24, 14, 1, 14
2017/12/7, 598, 6, 15, 1, 14
2017/12/8, 78, 3, 5, 2, 13
2017/12/9, 52, , 12, 4, 13
2017/12/10, 41, 48, 19, 3, 15
2017/12/11, 47, 40, 24, 2, 17
2017/12/12, 59, 15, 16, 2, 16
2017/12/13, 54, 31, 30, 1, 19
2017/12/14, 71, 11, 28, 1, 21
2017/12/15, 63, 20, 20, 3, 16
2017/12/16, 59, 16, 12, 3, 15
2017/12/17, 39, 12, 11, 3, 14
2017/12/18, 21, 26, 16, 3, 16
2017/12/19, 42, 21, 21, 3, 19
2017/12/20, 49, 30, 19, 2, 16
2017/12/21, 50, , , , 
2017/7/2, 19, 20, 4, , 1
2017/7/3, 28, 19, 5, , 
2017/7/4, 36, 20, 6, , 1
2017/7/5, 53, 25, 6, 1, 
2017/7/6, 54, 21, 4, , 4
2017/7/7, 41, 17, 4, , 2
2017/7/8, 32, 12, 3, , 
2017/7/9, 24, 15, 3, , 2
2017/7/10, 22, 16, 4, , 
2017/7/11, 24, 15, 10, , 5
2017/7/12, 15, 21, 13, , 6
2017/7/13, 56, 15, , , 1
2017/7/14, 101, 19, , , 2
2017/7/15, 870, 18, , , 5
2017/7/16, 870, 20, , 4, 
2017/7/17, 870, 25, , , 
2017/7/18, 870, 22, , , 
2017/7/19, 870, 19, , 1, 
2017/7/20, 870, 18, 3, 3, 1
2017/7/21, 509, 20, 5, 3, 
2017/7/22, 42, 21, 6, , 2
2017/7/23, 41, 23, 6, , 1
2017/7/24, 55, 23, 5, , 1
2017/7/25, 58, 19, 6, , 3
2017/7/26, 58, 13, 6, , 1
2017/7/27, 22, 23, 8, , 1
2017/7/28, 33, 24, 8, , 4
2017/7/29, 50, 24, 6, , 3
2017/7/30, 43, 22, 6, , 4
2017/7/31, 32, 23, 9, , 4
2017/8/1, 43, 12, 15, , 5
2017/8/2, 26, 21, 7, , 3
2017/8/3, 43, 24, 7, , 1
2017/8/4, 48, 28, 7, , 3
2017/8/5, 45, 26, 9, , 5
2017/8/6, 49, 36, 9, , 2
2017/8/7, 50, 28, 9, , 7
2017/8/8, 44, 24, 5, , 4
2017/8/9, 42, 19, 6, , 
2017/8/10, 40, 14, 4, , 
2017/8/11, 22, 15, 6, , 5
2017/8/12, 16, 22, 7, , 5
2017/8/13, 32, 27, 7, , 1
2017/8/14, 32, 30, 7, , 1
2017/8/15, 39, 33, 9, , 5
2017/8/16, 53, 27, 8, , 2
2017/8/17, 53, 26, 13, , 3
2017/8/18, 50, 22, 10, , 5
2017/8/19, 41, 21, 7, , 4
2017/8/20, 43, 20, 7, , 5
2017/8/21, 41, 18, 7, , 2
2017/8/22, 45, 19, 6, , 
2017/8/23, 26, 24, 5, , 2
2017/8/24, 29, 26, 9, , 7
2017/8/25, 42, 30, 12, , 3
2017/8/26, 50, 27, 11, , 3
2017/8/27, 39, 24, 6, , 2
2017/8/28, 34, 19, 8, , 5
2017/8/29, 29, 20, 6, , 2
2017/8/30, 23, 19, 12, , 8
2017/8/31, 25, 18, 15, , 6
2017/9/1, 28, 12, 14, , 5
2017/9/2, 25, 17, 8, , 4
2017/9/3, 33, 20, 7, , 
2017/9/4, 24, 14, 4, , 
2017/9/5, 11, , , , 
2017/9/29, 203, 17, 6, , 5
2017/9/30, 18, 17, 7, , 4
2017/10/1, 19, 11, 10, , 6
2017/4/2, 51, 29, 5, , 4
2017/4/3, 114, 30, 8, 1, 2
2017/4/4, 209, 29, 11, , 2
2017/4/5, 350, 35, 13, , 9
2017/4/6, 65, 33, 8, , 6
2017/4/7, 71, 35, 15, , 5
2017/4/8, 69, 30, 9, , 2
2017/4/9, 60, 25, 11, , 5
2017/4/10, 118, 37, 13, , 7
2017/4/11, 60, 31, 9, , 5
2017/4/12, 62, 30, 9, , 3
2017/4/13, 47, 28, 8, , 1
2017/4/14, 37, 33, 9, , 3
2017/4/15, 50, 36, 9, , 4
2017/4/16, 49, 34, 6, , 2
2017/4/17, 36, 34, 12, , 4
2017/4/18, 45, 29, 12, , 5
2017/4/19, 51, 12, 19, , 6
2017/4/20, 42, 38, 12, , 1
2017/4/21, 52, 38, 8, , 2
2017/4/22, 53, 37, 10, , 3
2017/4/23, 64, 31, 6, , 2
2017/4/24, 43, 39, 11, , 3
2017/4/25, 60, 37, 8, , 2
2017/4/26, 56, 36, 6, , 2
2017/4/27, 34, 42, 20, , 4
2017/4/28, 59, 38, 6, , 4
2017/4/29, 52, 31, 5, , 3
2017/4/30, 59, 29, 8, , 1
2017/5/1, 32, 24, 19, , 
2017/5/2, 70, 39, 15, , 8
2017/5/3, 72, 32, 10, , 8
2017/5/4, 67, 32, 10, , 4
2017/5/5, 105, 35, 9, , 1
2017/5/6, 53, 38, 17, , 4
2017/5/7, 60, 34, 10, , 6
2017/5/8, 47, 39, 10, , 6
2017/5/9, 67, 48, 10, , 8
2017/5/10, 75, 53, 12, , 7
2017/5/11, 78, 50, 19, , 7
2017/5/12, 71, 37, 14, , 3
2017/5/13, 67, 36, 11, , 3
2017/5/14, 59, 36, 8, , 6
2017/5/15, 50, 42, 9, , 2
2017/5/16, 53, 41, 13, , 4
2017/5/17, 65, 38, 12, , 3
2017/5/18, 58, 38, 14, , 
2017/5/19, 72, 14, 10, 2, 
2017/5/20, 68, , 11, , 
2017/5/21, 84, , 6, , 
2017/5/22, 65, , 9, , 
2017/5/23, 59, , 10, , 
2017/5/24, 60, 1, 9, , 
2017/5/25, 68, 1, 14, , 
2017/5/26, 52, , 13, , 
2017/5/27, 71, , 9, , 
2017/5/28, 59, , 7, , 
2017/5/29, 58, , 6, , 
2017/5/30, 51, , 6, , 
2017/5/31, 31, , 6, , 
2017/6/1, 36, , 7, 2, 
2017/6/2, 32, , 7, , 
2017/6/3, 37, , 9, 1, 
2017/6/4, 48, , 6, 1, 
2017/6/5, 41, , 11, , 
2017/6/6, 43, , 14, , 
2017/6/7, 50, , 8, 1, 
2017/6/8, 43, , 9, , 
2017/6/9, 44, , 18, , 
2017/6/10, 42, , , , 
2017/6/22, 458, 37, 9, , 14
2017/6/23, 53, 34, 10, , 2
2017/6/24, 58, 22, 9, , 
2017/6/25, 46, 21, 5, , 2
2017/6/26, 20, 20, 4, , 1
2017/6/27, 21, 20, 12, , 7
2017/6/28, 25, 30, 10, , 10
2017/6/29, 22, 29, 11, , 2
2017/6/30, 37, 23, 9, , 4
2017/7/1, 31, 16, 4, , 4
2017/1/3, 37, 31, 22, 1, 6
2017/1/4, 60, 26, 25, 2, 9
2017/1/5, 61, 17, 23, , 13
2017/1/6, 804, 19, 12, 2, 9
2017/1/7, 868, 16, 9, 1, 5
2017/1/8, 868, 18, 6, 3, 2
2017/1/9, 868, 22, 10, 3, 2
2017/1/10, 566, 23, 24, 2, 13
2017/1/11, 55, 23, 23, 2, 11
2017/1/12, 231, 29, 28, 1, 11
2017/1/13, 488, 28, 16, , 5
2017/1/14, 426, 22, 10, , 1
2017/1/15, 41, 20, 14, 1, 3
2017/1/16, 45, 24, 19, 1, 7
2017/1/17, 119, 11, 18, 2, 7
2017/1/18, 118, 14, 13, 2, 1
2017/1/19, 34, 20, 8, , 3
2017/1/20, 135, 21, 5, 3, 2
2017/1/21, 398, 23, 4, 3, 2
2017/1/22, 342, 24, 8, 1, 6
2017/1/23, 868, 19, 21, , 7
2017/1/24, 868, 31, 15, 20, 6
2017/1/25, 868, 25, 10, 1, 2
2017/1/26, 797, 34, 21, 1, 7
2017/1/27, 868, 26, 18, , 4
2017/1/28, 868, 28, 9, , 6
2017/1/29, 868, 23, 7, 2, 
2017/1/30, 868, 27, 17, 1, 1
2017/1/31, 868, 23, 23, , 7
2017/2/1, 495, 14, 5, 1, 1
2017/2/2, 38, 27, 13, , 7
2017/2/3, 44, 27, 15, 1, 3
2017/2/4, 51, 27, 14, 2, 4
2017/2/5, 45, 29, 11, 1, 1
2017/2/6, 42, 30, 19, 1, 11
2017/2/7, 53, 29, 23, 3, 10
2017/2/8, 74, 28, 22, 2, 5
2017/2/9, 55, 28, 11, , 3
2017/2/10, 52, 26, 14, , 3
2017/2/11, 52, 26, 16, , 6
2017/2/12, 48, 26, 17, 2, 5
2017/2/13, 44, 31, 15, 1, 5
2017/2/14, 92, 26, 12, 1, 7
2017/2/15, 50, 27, 18, 1, 3
2017/2/16, 90, 20, 9, 2, 5
2017/2/17, 55, 22, 6, 3, 1
2017/2/18, 40, 24, 6, 4, 3
2017/2/19, 27, 21, 5, 2, 4
2017/2/20, 18, 27, 7, 2, 2
2017/2/21, 18, 33, 13, 2, 3
2017/2/22, 43, 31, 16, 2, 4
2017/2/23, 41, 32, 16, , 8
2017/2/24, 50, 31, 12, 2, 7
2017/2/25, 111, 39, 16, , 2
2017/2/26, 73, 23, 11, , 6
2017/2/27, 39, 36, 16, 2, 8
2017/2/28, 357, 46, 21, , 4
2017/3/1, 266, 2, 39, , 8
2017/3/2, 113, 23, 7, , 2
2017/3/3, 47, 21, 7, 1, 6
2017/3/4, 33, 25, 7, 1, 7
2017/3/5, 32, 30, 8, 3, 7
2017/3/6, 24, 36, 14, 1, 2
2017/3/7, 49, 28, 13, 1, 3
2017/3/8, 89, 22, 7, 1, 1
2017/3/9, 41, 21, 16, 2, 30
2017/3/10, 34, 35, 14, , 5
2017/3/11, 36, 26, 16, , 3
2017/3/12, 47, 23, 11, , 2
2017/3/13, 36, 27, 11, , 3
2017/3/14, 36, 27, 11, , 1
2017/3/15, 36, 30, 13, , 4
2017/3/16, 48, 30, 14, , 5
2017/3/17, 49, 15, 14, , 1
2017/3/18, 42, 23, 8, , 4
2017/3/19, 47, 30, 8, , 1
2017/3/20, 46, 30, 8, 1, 3
2017/3/21, 47, 30, 11, , 6
2017/3/22, 56, 31, 14, , 6
2017/3/23, 60, 35, 14, , 3
2017/3/24, 58, 27, 11, , 6
2017/3/25, 50, 34, 12, , 2
2017/3/26, 65, 31, 11, , 6
2017/3/27, 51, 34, 10, , 6
2017/3/28, 28, 34, 15, , 6
2017/3/29, 62, , , , 
2017/3/31, 37, 38, 17, , 5
2017/4/1, 133, 26, 10, , 4
2016/10/31, 1, , 500, , 1
2016/11/1, 1, , 500, , 
2016/11/2, 1, , 500, , 
2016/11/3, 1, , 500, 450, 3
2016/11/4, 1, , 500, 73, 
2016/11/5, 1, , 500, , 
2016/11/6, 1, , 500, , 
2016/11/7, 1, , 500, 56, 
2016/11/8, 1, , 500, 5, 
2016/11/9, 1, , 500, , 
2016/11/10, 1, , 233, , 39
2016/11/11, 1, , 13, , 4
2016/11/12, 1, , 14, , 5
2016/11/13, 1, , 9, 17, 7
2016/11/14, 1, , 12, , 3
2016/11/15, 23, , 16, , 11
2016/11/16, 16, , 16, , 11
2016/11/17, 37, , 21, 2, 7
2016/11/18, 76, , 12, , 5
2016/11/19, 50, , 8, 2, 6
2016/11/20, 30, , 10, 1, 4
2016/11/21, 24, , 9, 1, 1
2016/11/22, 30, , 16, , 4
2016/11/23, 53, , 14, , 9
2016/11/24, 48, , 10, 1, 4
2016/11/25, 44, , 11, 2, 2
2016/11/26, 41, , 16, 2, 1
2016/11/27, 49, , 17, 2, 6
2016/11/28, 42, , 9, 2, 3
2016/11/29, 38, , 6, 2, 
2016/11/30, 49, , 9, 1, 4
2016/12/1, 28, , 11, 2, 5
2016/12/2, 53, , 14, , 2
2016/12/3, 868, , 5, 2, 
2016/12/4, 868, , 5, 2, 
2016/12/5, 868, , 7, 2, 5
2016/12/6, 868, , 26, 2, 9
2016/12/7, 868, , 30, , 8
2016/12/8, 868, , 23, 1, 6
2016/12/9, 868, , 10, 2, 2
2016/12/10, 868, , 8, , 4
2016/12/11, 868, , 14, 1, 3
2016/12/12, 868, , 22, , 12
2016/12/13, 868, , 27, , 9
2016/12/14, 868, , 20, , 7
2016/12/15, 868, , 16, , 4
2016/12/16, 698, , 21, , 8
2016/12/17, 60, , 10, , 1
2016/12/18, 47, , 16, 1, 6
2016/12/19, 47, , 8, 2, 5
2016/12/20, 33, , 8, 1, 2
2016/12/21, 31, , 9, 1, 1
2016/12/22, 31, , 10, , 3
2016/12/23, 35, , 16, , 3
2016/12/24, 46, , 20, 1, 12
2016/12/25, 60, , 17, , 5
2016/12/26, 59, , 17, , 9
2016/12/27, 61, , 9, , 3
2016/12/28, 49, , 14, , 8
2016/12/29, 56, , 10, , 4
2016/12/30, 39, , 9, 2, 3
2016/12/31, 27, 20, 15, 1, 5
2017/1/1, 53, 20, 9, , 2
2017/1/2, 38, 25, 14, 1, 9
2022/11/29, , 32, 14, 466, 2
2022/8/17, , 2, 15, , 475
2022/8/18, , 40, 14, , 41
2022/8/19, , 42, 11, , 23
2022/8/20, , 34, 11, , 11
2022/8/21, , 21, 11, , 8
2022/8/22, , 42, 9, , 2
2022/8/23, , 41, 10, , 1
2022/8/24, , 48, 11, , 
2022/8/25, , 90, 11, , 14
2022/8/26, , 31, 11, , 12
2022/8/27, , 56, 10, , 4
2022/8/28, , 47, 12, , 10
2022/8/29, , 35, 11, , 8
2022/8/30, , 38, 10, , 7
2022/8/31, , 15, 9, , 9
2022/9/1, , 39, 8, , 
2021/11/3, , 31, 9, , 
2021/9/6, , 29, , , 1
2021/4/27, , 5, , 7, 
2021/5/11, , 43, , 3, 
2021/5/27, , 21, , 6, 
2021/5/31, , 26, , 3, 
2020/8/6, , 15, 6, 5, 2
2020/3/19, , 12, 25, 6, 6
2018/11/7, , 16, 21, 8, 
2018/12/22, , 157, 32, 11, 8
2018/12/23, , 1, 18, 9, 25
2018/7/1, , 30, 4, , 3
2018/7/30, , 31, 9, , 11
2018/4/8, , 41, 8, , 4
2018/6/25, , 39, 7, , 5
2018/1/11, , 23, 16, 2, 20
2018/1/21, , 17, 14, 2, 15
2018/1/24, , 15, 10, 3, 13
2017/12/5, , 38, 26, 2, 16
2017/9/28, , 15, 4, , 
2017/6/21, , 20, 7, , 62
2017/3/30, , 26, 12, , 2
2020/1/1, , , 7, , 
2019/1/2, , , 14, 13, 8
2019/1/3, , , 13, 8, 20
2019/1/4, , , 11, 9, 5
2019/1/5, , , 18, 8, 10
2019/1/6, , , 22, 9, 13
2019/1/7, , , 25, 11, 22
2018/12/24, , , 19, 9, 5
2018/12/25, , , 25, 10, 23
2018/12/26, , , 19, 9, 16
2018/12/27, , , 7, 7, 21
2018/12/28, , , 13, 7, 15
2018/12/29, , , 25, 8, 14
2018/12/30, , , 10, 8, 17
2017/11/2, , , 15, , 3
2016/10/30, , , 500, , 
2021/5/26, , , , 5, 