date, pm25, pm10, no2, so2
2020/7/2, 74, , 8, 1
2020/7/3, 63, , 6, 1
2020/7/4, 54, , 7, 1
2020/7/5, 42, , 7, 1
2020/7/6, 44, , 7, 1
2020/7/7, 43, , 8, 2
2020/7/8, 66, , 10, 3
2020/7/9, 66, , 4, 2
2020/7/10, 37, , 17, 2
2020/7/11, 53, , , 1
2020/7/12, 39, , , 2
2020/7/13, 102, , , 1
2020/7/14, 35, , 6, 1
2020/7/15, 54, , 11, 1
2020/7/16, 60, , , 2
2020/7/17, 68, , , 2
2020/7/18, 76, , , 2
2020/7/19, 73, , , 2
2020/7/20, 77, 28, , 3
2020/7/21, 75, 32, , 2
2020/9/24, 110, 38, 11, 2
2020/9/25, 126, 41, 13, 2
2020/6/26, 70, 24, 5, 1
2020/6/27, 48, , 9, 1
2020/6/28, 76, , 8, 2
2020/6/29, 99, , 8, 1
2020/6/30, 55, , 7, 2
2020/7/1, 70, , 8, 1
2020/1/2, 419, , 3, 
2020/1/3, 548, , 7, 1
2020/1/4, 77, , , 
2020/1/6, 32, , 32, 6
2020/1/7, 73, , 23, 4
2020/1/8, 58, , 29, 6
2020/1/9, 385, , 32, 7
2020/1/10, 815, , 17, 4
2020/1/11, 491, , 15, 6
2020/1/12, 46, , 22, 5
2020/1/13, 66, , 23, 4
2020/1/14, 73, , 20, 3
2020/1/15, 58, , 17, 4
2020/1/16, 59, , 14, 2
2020/1/17, 40, , 14, 5
2020/1/18, 35, , 12, 1
2020/1/19, 45, , 13, 2
2020/1/20, 30, , 11, 1
2020/1/21, 17, , 14, 3
2020/1/22, 40, , 12, 3
2020/1/23, 44, , 19, 7
2020/1/24, 48, , 18, 5
2020/1/25, 59, , 14, 7
2020/1/26, 61, , 12, 2
2020/1/27, 43, , 18, 4
2020/1/28, 38, , 17, 2
2020/1/29, 25, , 18, 5
2020/1/30, 54, , 18, 7
2020/1/31, 104, , 21, 
2020/2/1, 24, , 12, 
2020/2/2, 52, , 18, 
2020/2/3, 66, , 16, 
2020/2/4, 56, , 5, 
2020/2/5, 14, , 3, 3
2020/2/6, 8, , 6, 1
2020/2/7, 97, , 25, 8
2020/2/8, 170, , 27, 7
2020/2/9, 72, , 21, 4
2020/2/10, 65, , 11, 3
2020/2/11, 44, , 13, 8
2020/2/12, 52, , 5, 2
2020/2/13, 51, , 13, 3
2020/2/14, 59, , 13, 2
2020/2/15, 46, , 17, 3
2020/2/16, 72, , 24, 6
2020/2/17, 94, , 25, 4
2020/2/18, 71, , 23, 5
2020/2/19, 65, , 12, 2
2020/2/20, 67, , 18, 4
2020/2/21, 83, , 9, 1
2020/2/22, 31, , 16, 3
2020/2/23, 53, , 16, 4
2020/2/24, 78, , 8, 4
2020/2/25, 41, , 17, 3
2020/2/26, 57, , 13, 2
2020/2/27, 48, , 12, 3
2020/2/28, 45, , 15, 3
2020/2/29, 61, , 22, 6
2020/3/1, 65, , 16, 4
2020/3/2, 81, , 10, 2
2020/3/3, 43, , 6, 1
2020/3/4, 41, , 5, 2
2020/3/5, 40, , 10, 4
2020/3/6, 54, , 11, 1
2020/3/7, 47, , 17, 5
2020/3/8, 65, , 10, 3
2020/3/9, 57, , 12, 3
2020/3/10, 67, , 9, 2
2020/3/11, 49, , 12, 2
2020/3/12, 51, , 19, 4
2020/3/13, 62, , 20, 3
2020/3/14, 96, , 16, 
2020/3/15, 811, , , 
2020/3/18, 57, , , 
2020/3/20, 30, , 9, 2
2020/3/21, 48, , 6, 1
2020/3/22, 66, , 6, 1
2020/3/23, 60, , 10, 2
2020/3/24, 557, 555, 18, 3
2020/3/25, 814, 35, 11, 2
2019/10/2, 34, , 9, 6
2019/10/3, 45, , 11, 6
2019/10/4, 46, , 10, 6
2019/10/5, 34, , 9, 6
2019/10/6, 40, , 13, 6
2019/10/7, 37, , 7, 6
2019/10/8, 33, , 8, 6
2019/10/9, 25, , 12, 7
2019/10/10, 45, , 19, 7
2019/10/11, 55, , 15, 8
2019/10/12, 52, , 9, 6
2019/10/13, 38, , 9, 6
2019/10/14, 44, , 10, 6
2019/10/15, 40, , 12, 6
2019/10/16, 73, , 10, 6
2019/10/17, 41, , 11, 6
2019/10/18, 30, , 12, 7
2019/10/19, 29, , 11, 6
2019/10/20, 29, , 11, 6
2019/10/21, 17, , 10, 6
2019/10/22, 122, , 14, 6
2019/10/23, 36, , 13, 6
2019/10/24, 41, , 11, 7
2019/10/25, 33, , 10, 7
2019/10/26, 42, , 14, 7
2019/10/27, 56, , 17, 7
2019/10/28, 72, , 20, 7
2019/10/29, 70, , 15, 7
2019/10/30, 65, , 16, 7
2019/10/31, 60, , 13, 6
2019/11/1, 37, , 14, 7
2019/11/2, 40, , 12, 6
2019/11/3, 27, , 7, 6
2019/11/4, 26, , 13, 6
2019/11/5, 32, , 12, 6
2019/11/6, 36, , 11, 6
2019/11/7, 38, , 10, 6
2019/11/8, 28, , 10, 6
2019/11/9, 30, , 9, 7
2019/11/10, 28, , 13, 7
2019/11/11, 86, , 18, 7
2019/11/12, 45, , 9, 6
2019/11/13, 98, , 20, 6
2019/11/14, 129, , 20, 7
2019/11/15, 24, , 14, 7
2019/11/16, 37, , 20, 7
2019/11/17, 56, , 28, 7
2019/11/18, 61, , 19, 6
2019/11/19, 33, , 25, 8
2019/11/20, 74, , 21, 7
2019/11/21, 65, , 22, 8
2019/11/22, 617, , 17, 8
2019/11/23, 33, , 17, 6
2019/11/24, 70, , 12, 6
2019/11/25, 44, , 24, 7
2019/11/26, 154, 95, , 7
2019/11/27, 128, , 24, 2
2019/11/28, 87, , 15, 4
2019/11/29, 72, , 21, 4
2019/11/30, 83, , 32, 7
2019/12/1, 106, , 12, 3
2019/12/2, 51, , 17, 3
2019/12/3, 49, , 28, 6
2019/12/4, 63, , 27, 6
2019/12/5, 54, , 31, 6
2019/12/6, 65, , 30, 7
2019/12/7, 64, , 22, 7
2019/12/8, 73, , 21, 5
2019/12/9, 70, , 23, 7
2019/12/10, 70, , 19, 4
2019/12/11, 62, , 11, 2
2019/12/12, 37, , 20, 6
2019/12/13, 60, , 26, 8
2019/12/14, 73, , 32, 11
2019/12/15, 73, , 25, 8
2019/12/16, 79, , 15, 3
2019/12/17, 33, , 21, 4
2019/12/18, 62, , 14, 2
2019/12/19, 35, , 19, 9
2019/12/20, 113, , 31, 8
2019/12/21, 92, , 17, 4
2019/12/22, 52, , 16, 3
2019/12/23, 43, , 23, 4
2019/12/24, 69, , 20, 7
2019/12/25, 59, , 15, 6
2019/12/26, 79, , 18, 3
2019/12/27, 40, , 18, 4
2019/12/28, 63, , 10, 3
2019/12/29, 43, , , 
2019/9/19, 73, , 13, 6
2019/9/20, 44, , 13, 10
2019/9/21, 41, , 13, 6
2019/9/22, 49, , 14, 6
2019/9/23, 53, , 11, 6
2019/9/24, 37, , 13, 6
2019/9/25, 53, , 12, 6
2019/9/26, 55, , 14, 7
2019/9/27, 59, , 10, 6
2019/9/28, 43, , 9, 6
2019/9/29, 51, , 11, 7
2019/9/30, 13, , 7, 6
2019/10/1, 88, , 10, 6
2023/7/2, , 15, , 
2023/7/3, , 21, 6, 
2023/7/4, , 25, 5, 
2023/7/5, , 26, 5, 
2023/7/6, , 24, 4, 
2023/7/7, , 19, 5, 
2023/7/8, , 14, 6, 
2023/7/9, , 53, 5, 
2023/7/10, , 21, 4, 
2023/7/11, , 17, 5, 
2023/7/12, , 27, 5, 
2023/7/13, , 24, 7, 
2023/7/14, , 27, 6, 
2023/7/15, , 34, 4, 
2023/7/16, , 645, , 
2023/4/2, , 38, 5, 
2023/4/3, , 37, 7, 
2023/4/4, , 61, 7, 
2023/4/5, , 73, 6, 
2023/4/6, , 34, 6, 
2023/4/7, , 34, 7, 
2023/4/8, , 17, 6, 
2023/4/9, , 19, 4, 
2023/4/10, , 20, 6, 
2023/4/11, , 24, 7, 
2023/4/12, , 11, 10, 
2023/4/13, , 19, 8, 
2023/4/14, , 28, 5, 
2023/4/15, , 23, 7, 
2023/4/16, , 20, 8, 
2023/4/17, , 38, 6, 
2023/4/18, , 18, 9, 
2023/4/19, , 38, 11, 
2023/4/20, , 37, 14, 
2023/4/21, , 45, 10, 
2023/4/22, , 46, 8, 
2023/4/23, , 39, 9, 
2023/4/24, , 38, , 
2023/4/26, , 36, 10, 
2023/4/27, , 358, 6, 
2023/4/28, , 880, 8, 
2023/4/29, , 252, 6, 
2023/4/30, , 738, 9, 
2023/5/1, , 48, 15, 
2023/5/2, , 35, 4, 
2023/5/3, , 117, 15, 
2023/5/4, , 53, 12, 1
2023/5/5, , 50, 9, 
2023/5/6, , 43, 10, 
2023/5/7, , 46, 6, 
2023/5/8, , 45, 10, 
2023/5/9, , 30, 19, 
2023/5/10, , 33, , 
2023/5/11, , 28, 24, 
2023/5/12, , 41, , 
2023/5/13, , 42, , 
2023/5/14, , 51, , 
2023/5/15, , 26, 9, 
2023/5/16, , 27, 9, 1
2023/5/17, , 26, 6, 
2023/5/18, , 29, 7, 
2023/5/19, , 34, 7, 
2023/5/20, , 32, 10, 
2023/5/21, , 17, 4, 
2023/5/22, , 13, 10, 
2023/5/23, , 25, 9, 
2023/5/24, , 28, 8, 
2023/5/25, , 35, 8, 
2023/5/26, , 41, 6, 
2023/5/27, , 36, 7, 
2023/5/28, , 29, 5, 
2023/5/29, , 25, 10, 
2023/5/30, , 25, , 
2023/5/31, , 30, 6, 
2023/6/1, , 30, 5, 
2023/6/2, , 30, 8, 
2023/6/3, , 40, 9, 
2023/6/4, , 33, 5, 
2023/6/5, , 31, 5, 
2023/6/6, , 20, 5, 
2023/6/7, , 32, 9, 
2023/6/8, , 29, , 
2023/6/9, , 28, , 
2023/6/10, , 35, , 
2023/6/11, , 42, , 
2023/6/12, , 40, 7, 
2023/6/13, , 38, 9, 
2023/6/14, , 26, 11, 
2023/6/15, , 22, 14, 1
2023/6/16, , 35, 9, 
2023/6/17, , 36, 7, 
2023/6/18, , 43, 6, 
2023/6/19, , 36, 9, 
2023/6/20, , 33, 10, 
2023/6/21, , 32, 13, 1
2023/6/22, , 41, 11, 
2023/6/23, , 37, 6, 
2023/6/24, , 32, 5, 
2023/6/25, , 27, 3, 
2023/6/26, , 33, , 
2023/6/27, , 17, 8, 
2023/6/28, , 21, , 
2023/6/29, , 24, , 
2023/6/30, , 20, , 
2023/7/1, , 17, , 
2023/1/11, , 171, 14, 
2023/1/12, , 634, 24, 2
2023/1/13, , 491, 23, 2
2023/1/14, , 35, 12, 1
2023/1/15, , 37, 21, 1
2023/1/16, , 45, 14, 1
2023/1/17, , 28, 4, 
2023/1/18, , 48, 18, 3
2023/1/19, , 26, 8, 
2023/1/20, , 52, 26, 3
2023/1/21, , 48, 21, 1
2023/1/22, , 44, 18, 1
2023/1/23, , 19, 7, 
2023/1/24, , 26, 10, 
2023/1/25, , 84, 8, 
2023/1/26, , 23, 9, 1
2023/1/27, , 22, 10, 
2023/1/28, , 22, 9, 
2023/1/29, , 26, 8, 
2023/1/30, , 50, 9, 
2023/1/31, , 31, 15, 1
2023/2/1, , 40, 11, 
2023/2/2, , 30, 11, 
2023/2/3, , 32, 15, 
2023/2/4, , 23, 4, 
2023/2/6, , 46, 14, 3
2023/2/7, , 32, 21, 1
2023/2/8, , 40, 26, 2
2023/2/9, , 37, 16, 1
2023/2/10, , 30, 12, 
2023/2/11, , 24, 10, 
2023/2/12, , 21, 10, 
2023/2/13, , 33, 18, 
2023/2/14, , 42, 15, 1
2023/2/15, , 40, 5, 
2023/2/16, , 27, 5, 
2023/2/17, , 22, 7, 
2023/2/18, , 41, 9, 
2023/2/19, , 30, 8, 
2023/2/20, , 26, 8, 
2023/2/21, , 26, 12, 
2023/2/22, , 40, 16, 1
2023/2/23, , 50, 5, 
2023/2/24, , 35, 13, 
2023/2/25, , 40, 20, 1
2023/2/26, , 37, 12, 
2023/2/27, , 41, 11, 
2023/2/28, , 35, 17, 1
2023/3/1, , 44, 21, 1
2023/3/2, , 60, 34, 1
2023/3/3, , 54, 6, 
2023/3/4, , 27, 11, 
2023/3/5, , 47, 17, 1
2023/3/6, , 34, 12, 
2023/3/7, , 34, 16, 
2023/3/8, , 40, 15, 1
2023/3/9, , 45, 15, 1
2023/3/10, , 40, 11, 
2023/3/11, , 43, 12, 
2023/3/12, , 42, 16, 
2023/3/13, , 54, 16, 1
2023/3/14, , 47, 10, 
2023/3/15, , 38, 8, 
2023/3/16, , 27, 9, 
2023/3/17, , 40, 12, 
2023/3/18, , 27, 5, 
2023/3/19, , 35, 9, 
2023/3/20, , 19, 5, 
2023/3/21, , 15, 6, 
2023/3/22, , 31, 15, 1
2023/3/23, , 33, 15, 1
2023/3/24, , 35, 15, 
2023/3/25, , 109, 7, 
2023/3/26, , 30, 11, 1
2023/3/27, , 35, 14, 
2023/3/28, , 34, 15, 
2023/3/29, , 43, 10, 
2023/3/30, , 28, 7, 
2023/3/31, , 28, 10, 
2023/4/1, , 35, 11, 
2022/7/2, , 40, , 
2022/7/3, , 33, , 
2022/7/4, , 24, , 
2022/7/5, , 29, , 1
2022/7/6, , 28, , 
2022/7/7, , 34, , 
2022/7/8, , 22, , 
2022/7/9, , 25, , 
2022/7/10, , 24, , 
2022/7/11, , 20, , 
2022/7/12, , 27, , 
2022/7/13, , 22, , 
2022/7/14, , 29, , 
2022/7/15, , 22, , 
2022/7/16, , 14, , 
2022/7/17, , 23, , 
2022/7/18, , 37, , 
2022/7/19, , 35, , 1
2022/7/20, , 25, , 
2022/7/21, , 28, , 
2022/7/22, , 35, , 
2022/7/23, , 37, , 
2022/7/24, , 27, , 
2022/7/25, , 19, , 
2022/7/26, , 18, , 
2022/7/27, , 18, , 
2022/7/28, , 26, , 
2022/7/29, , 19, , 
2022/7/30, , 16, , 
2022/7/31, , 24, , 
2022/8/1, , 20, , 
2022/8/2, , 18, , 
2022/8/3, , 15, , 
2022/8/4, , 22, , 
2022/8/5, , 31, , 
2022/8/6, , 34, , 
2022/8/7, , 35, , 
2022/8/8, , 21, , 
2022/8/9, , 19, , 
2022/8/10, , 20, , 
2022/8/11, , 17, , 
2022/8/12, , 17, , 
2022/8/13, , 20, , 
2022/8/14, , 26, , 
2022/8/15, , 17, , 1
2022/8/16, , 26, , 
2022/8/17, , 11, , 
2022/8/18, , 27, 7, 
2022/8/19, , 879, 9, 
2022/8/20, , 879, 8, 
2022/8/21, , 879, 6, 
2022/8/22, , 879, 7, 
2022/8/23, , 846, 7, 
2022/4/2, , 880, 13, 3
2022/4/3, , 880, 10, 
2022/4/4, , 880, 13, 1
2022/4/5, , 495, 6, 
2022/4/6, , 35, 9, 
2022/4/7, , 28, 8, 2
2022/4/8, , 67, 9, 
2022/4/9, , 47, 12, 1
2022/4/10, , 43, 10, 
2022/4/11, , 43, 5, 1
2022/4/12, , 27, 6, 
2022/4/13, , 33, 7, 1
2022/4/14, , 19, 9, 1
2022/4/15, , 44, 7, 1
2022/4/16, , 39, 10, 
2022/4/17, , 32, 8, 
2022/4/18, , 43, 7, 
2022/4/19, , 50, 8, 
2022/4/20, , 34, 9, 
2022/4/21, , 35, 8, 
2022/4/22, , 54, 11, 
2022/4/23, , 28, 11, 
2022/4/24, , 45, 9, 
2022/4/25, , 38, 8, 
2022/4/26, , 43, , 
2022/4/29, , 33, , 
2022/4/30, , 31, , 1
2022/5/1, , 49, , 
2022/5/2, , 57, , 
2022/5/3, , 39, , 2
2022/5/4, , 46, , 
2022/5/5, , 59, , 1
2022/5/6, , 55, , 
2022/5/7, , 52, , 2
2022/5/8, , 56, , 1
2022/5/9, , 80, , 
2022/5/10, , 54, , 
2022/5/11, , 65, , 1
2022/5/12, , 45, , 
2022/5/13, , 40, , 1
2022/5/14, , 48, , 1
2022/5/15, , 47, , 
2022/5/16, , 35, , 1
2022/5/17, , 42, , 2
2022/5/18, , 54, , 1
2022/5/19, , 48, , 
2022/5/20, , 51, , 1
2022/5/21, , 57, , 
2022/5/22, , 47, , 
2022/5/23, , 59, , 
2022/5/24, , 55, , 
2022/5/25, , 52, , 2
2022/5/26, , 52, , 
2022/5/27, , 51, , 
2022/5/28, , 48, , 
2022/5/29, , 45, , 
2022/5/30, , 39, , 
2022/5/31, , 65, , 
2022/6/1, , 39, , 1
2022/6/2, , 39, , 
2022/6/3, , 28, , 
2022/6/4, , 32, , 
2022/6/5, , 36, , 1
2022/6/6, , 498, , 2
2022/6/7, , 880, , 
2022/6/8, , 488, , 
2022/6/9, , 45, , 
2022/6/10, , 40, , 
2022/6/11, , 27, , 
2022/6/12, , 34, , 
2022/6/13, , 39, , 1
2022/6/14, , 50, , 
2022/6/15, , 32, , 
2022/6/16, , 16, , 
2022/6/17, , 31, , 
2022/6/18, , 26, , 
2022/6/19, , 31, , 
2022/6/20, , 15, , 
2022/6/21, , 15, , 
2022/6/22, , 17, , 
2022/6/23, , 10, , 
2022/6/24, , 184, , 
2022/6/25, , 51, , 
2022/6/26, , 39, , 
2022/6/27, , 23, , 
2022/6/28, , 22, , 
2022/6/29, , 27, , 1
2022/6/30, , 45, , 
2022/7/1, , 33, , 
2022/1/4, , 50, 21, 3
2022/1/5, , 62, 21, 3
2022/1/6, , 55, 20, 4
2022/1/7, , 53, 15, 1
2022/1/8, , 46, 14, 
2022/1/9, , 848, 18, 3
2022/1/10, , 880, 11, 
2022/1/11, , 880, 9, 
2022/1/12, , 478, 10, 
2022/1/13, , 24, 17, 1
2022/1/14, , 40, 18, 1
2022/1/15, , 47, 15, 3
2022/1/16, , 42, 11, 
2022/1/17, , 71, 22, 1
2022/1/18, , 65, 21, 3
2022/1/19, , 64, 14, 2
2022/1/20, , 35, 22, 5
2022/1/21, , 68, 15, 
2022/1/22, , 48, 11, 1
2022/1/23, , 38, 9, 
2022/1/24, , 27, 8, 
2022/1/25, , 48, 6, 
2022/1/26, , 17, 15, 1
2022/1/27, , 40, 11, 
2022/1/28, , 37, 8, 1
2022/1/29, , 31, 10, 
2022/1/30, , 23, 11, 1
2022/1/31, , 31, 4, 
2022/2/1, , 32, 8, 
2022/2/2, , 17, 7, 
2022/2/3, , 28, 6, 
2022/2/4, , 37, 10, 
2022/2/5, , 38, 14, 1
2022/2/6, , 37, 13, 1
2022/2/7, , 44, 9, 
2022/2/8, , 23, 14, 
2022/2/9, , 29, 20, 
2022/2/10, , 52, 17, 
2022/2/11, , 40, 17, 
2022/2/12, , 43, 15, 
2022/2/13, , 44, 7, 
2022/2/14, , 21, 13, 
2022/2/15, , 31, 21, 3
2022/2/16, , 52, 15, 2
2022/2/17, , 52, 6, 
2022/2/18, , 21, 13, 1
2022/2/19, , 47, 11, 
2022/2/20, , 35, 11, 
2022/2/21, , 34, 17, 2
2022/2/22, , 48, 15, 1
2022/2/23, , 44, 17, 
2022/2/24, , 50, 13, 1
2022/2/25, , 53, 10, 
2022/2/26, , 36, 10, 
2022/2/27, , 33, 10, 
2022/2/28, , 34, 9, 
2022/3/1, , 23, 16, 2
2022/3/2, , 48, 15, 
2022/3/3, , 45, 13, 
2022/3/4, , 44, 15, 1
2022/3/5, , 46, 16, 2
2022/3/6, , 57, 12, 
2022/3/7, , 44, 13, 1
2022/3/8, , 51, 9, 
2022/3/9, , 63, 4, 
2022/3/10, , 42, 9, 
2022/3/11, , 54, 6, 
2022/3/12, , 42, 9, 
2022/3/13, , 45, 12, 2
2022/3/14, , 40, 14, 
2022/3/15, , 49, 10, 1
2022/3/16, , 44, 13, 1
2022/3/17, , 47, 8, 
2022/3/18, , 53, 10, 
2022/3/19, , 37, 8, 
2022/3/20, , 54, 9, 1
2022/3/21, , 41, 10, 
2022/3/22, , 62, 4, 
2022/3/23, , 60, 11, 1
2022/3/24, , 50, 8, 
2022/3/25, , 44, 13, 1
2022/3/26, , 55, 17, 2
2022/3/27, , 56, 17, 2
2022/3/28, , 48, 16, 1
2022/3/29, , 42, 18, 2
2022/3/30, , 63, 6, 
2022/3/31, , 370, 16, 1
2022/4/1, , 879, 12, 5
2021/10/2, , 25, 13, 
2021/10/3, , 13, 9, 
2021/10/4, , 13, 7, 
2021/10/5, , 19, 9, 
2021/10/6, , 17, 10, 
2021/10/7, , 21, 17, 1
2021/10/8, , 36, 14, 1
2021/10/9, , 30, 13, 1
2021/10/10, , 35, 13, 1
2021/10/11, , 37, 7, 
2021/10/12, , 24, 14, 
2021/10/13, , 40, 10, 
2021/10/14, , 33, 10, 1
2021/10/15, , 350, 12, 1
2021/10/16, , 523, 9, 
2021/10/17, , 19, 9, 
2021/10/18, , 21, 16, 1
2021/10/19, , 32, 18, 1
2021/10/20, , 40, 10, 1
2021/10/21, , 26, 11, 
2021/10/22, , 27, 12, 1
2021/10/23, , 28, 13, 2
2021/10/24, , 37, 15, 2
2021/10/25, , 47, 21, 1
2021/10/26, , 43, 13, 2
2021/10/27, , 34, 8, 
2021/10/28, , 13, 14, 
2021/10/29, , 32, 11, 
2021/10/30, , 34, 19, 2
2021/10/31, , 51, 21, 1
2021/11/1, , 50, 11, 1
2021/11/2, , 33, 15, 2
2021/11/3, , 37, 19, 1
2021/11/4, , 40, 12, 1
2021/11/5, , 31, 9, 
2021/11/6, , 23, 14, 2
2021/11/7, , 30, 14, 
2021/11/8, , 32, 17, 
2021/11/9, , 37, 15, 2
2021/11/10, , 37, 26, 1
2021/11/11, , 51, 29, 3
2021/11/12, , 63, 15, 1
2021/11/13, , 30, , 
2021/11/18, , 61, 21, 2
2021/11/19, , 50, 11, 
2021/11/20, , 17, 9, 
2021/11/21, , 16, 15, 1
2021/11/22, , 33, 12, 
2021/11/23, , 24, 10, 
2021/11/24, , 24, 19, 2
2021/11/25, , 51, 22, 3
2021/11/26, , 58, 12, 
2021/11/27, , 25, 15, 
2021/11/28, , 28, 17, 2
2021/11/29, , 48, 10, 
2021/11/30, , 28, 20, 2
2021/12/1, , 257, 32, 3
2021/12/2, , 880, 20, 1
2021/12/3, , 880, 18, 2
2021/12/4, , 880, 18, 1
2021/12/5, , 880, 20, 2
2021/12/6, , 880, 27, 2
2021/12/7, , 637, 18, 1
2021/12/8, , 47, 27, 5
2021/12/9, , 69, 28, 4
2021/12/10, , 69, 22, 5
2021/12/11, , 67, 22, 5
2021/12/12, , 69, 9, 
2021/12/13, , 37, 17, 
2021/12/14, , 38, 16, 
2021/12/15, , 34, 20, 
2021/12/16, , 46, 27, 2
2021/12/17, , 50, 30, 2
2021/12/18, , 63, 27, 2
2021/12/19, , 70, 16, 1
2021/12/20, , 38, 17, 
2021/12/21, , 42, 20, 2
2021/12/22, , 49, 28, 5
2021/12/23, , 79, 33, 4
2021/12/24, , 75, 31, 4
2021/12/25, , 71, 21, 2
2021/12/26, , 60, 20, 2
2021/12/27, , 40, 24, 3
2021/12/28, , 63, 20, 2
2021/12/29, , 50, 14, 1
2021/12/30, , 33, 29, 4
2021/12/31, , 65, 22, 2
2022/1/1, , 58, 23, 4
2022/1/2, , 57, 7, 
2022/1/3, , 50, 11, 
2021/7/18, , 788, 9, 
2021/7/19, , 789, 5, 
2021/7/20, , 790, 5, 
2021/7/21, , 791, 6, 
2021/7/22, , 789, 6, 
2021/7/23, , 789, 5, 
2021/7/24, , 650, 5, 
2021/7/29, , 97, 6, 
2021/7/30, , 28, 6, 
2021/7/31, , 23, 5, 
2021/8/1, , 38, 5, 
2021/8/2, , 54, 11, 
2021/8/3, , 26, 6, 
2021/8/4, , 25, 7, 
2021/8/5, , 31, 7, 
2021/8/6, , 21, 6, 
2021/8/7, , 25, 6, 
2021/8/8, , 29, 6, 
2021/8/9, , 22, 5, 
2021/8/10, , 16, 4, 
2021/8/11, , 18, 4, 
2021/8/12, , 18, 5, 
2021/8/13, , 34, 7, 
2021/8/14, , 25, 6, 
2021/8/15, , 27, 7, 
2021/8/16, , 18, 3, 
2021/8/17, , 21, 4, 
2021/8/18, , 26, , 
2021/8/19, , 29, , 
2021/8/20, , 32, 5, 
2021/8/21, , 26, 5, 
2021/8/22, , 10, 5, 
2021/8/23, , 7, 4, 
2021/8/24, , 67, 5, 
2021/8/25, , 43, 10, 
2021/8/26, , 18, 11, 
2021/8/27, , 34, 10, 
2021/8/28, , 51, 13, 1
2021/8/29, , 43, 13, 
2021/8/30, , 11, 12, 
2021/8/31, , 22, 20, 
2021/9/1, , 26, 25, 
2021/9/2, , 100, 18, 1
2021/9/3, , 29, 11, 
2021/9/4, , 18, 12, 
2021/9/5, , 31, 9, 
2021/9/6, , 17, 7, 
2021/9/7, , 24, 9, 1
2021/9/8, , 37, 10, 
2021/9/9, , 23, 8, 
2021/9/10, , 27, 8, 
2021/9/11, , 27, 8, 
2021/9/12, , 25, 7, 
2021/9/13, , 8, 4, 
2021/9/14, , 19, 7, 
2021/9/15, , 25, 10, 
2021/9/16, , 21, 12, 
2021/9/17, , 17, 10, 1
2021/9/18, , 29, 17, 
2021/9/19, , 16, 12, 
2021/9/20, , 26, 11, 
2021/9/21, , 24, 8, 1
2021/9/22, , 22, 8, 
2021/9/23, , 22, 7, 
2021/9/24, , 23, 10, 
2021/9/25, , 40, 13, 
2021/9/26, , 22, 8, 
2021/9/27, , 23, 7, 1
2021/9/28, , 31, 12, 
2021/9/29, , 25, 13, 1
2021/9/30, , 29, 12, 
2021/10/1, , 20, 14, 
2020/10/2, , 36, 13, 2
2020/10/3, , 24, 7, 2
2020/10/4, , 35, 9, 2
2020/10/5, , 35, 9, 1
2020/10/6, , 33, 13, 2
2020/10/7, , 42, 12, 3
2020/10/8, , 37, 11, 2
2020/10/9, , 36, 14, 3
2020/10/10, , 40, 12, 2
2020/10/11, , 35, 13, 2
2020/10/12, , 40, 11, 2
2020/10/13, , 39, 6, 1
2020/10/14, , 19, 9, 2
2020/10/15, , 28, 12, 2
2020/10/16, , 36, 8, 1
2020/10/17, , 30, 10, 1
2020/10/18, , 25, 11, 2
2020/10/19, , 28, 12, 2
2020/10/20, , 38, 12, 2
2020/10/21, , 35, 11, 2
2020/10/22, , 31, 13, 4
2020/10/23, , 34, 17, 6
2020/10/24, , 49, 12, 2
2020/10/25, , 43, 16, 3
2020/10/26, , 145, 19, 9
2020/10/27, , 46, 21, 11
2020/10/28, , 56, 15, 3
2020/10/29, , 54, 6, 2
2020/10/30, , 29, 9, 2
2020/10/31, , 31, 18, 3
2020/11/1, , 51, 10, 4
2020/11/2, , 37, 5, 1
2020/11/3, , 21, 8, 2
2020/11/4, , 25, 9, 2
2020/11/5, , 26, 9, 1
2020/11/6, , 28, 11, 2
2020/11/7, , 37, 17, 3
2020/11/8, , 50, 15, 3
2020/11/9, , 51, 21, 4
2020/11/10, , 39, 20, 4
2020/11/11, , 321, 16, 3
2020/11/12, , 819, 14, 2
2020/11/13, , 819, 12, 2
2020/11/14, , 818, 17, 3
2020/11/15, , 817, 11, 2
2020/11/16, , 816, 6, 1
2020/11/17, , 812, 8, 1
2020/7/22, , 33, , 1
2020/7/23, , 27, , 1
2020/7/24, , 28, , 2
2020/7/25, , 30, , 2
2020/7/26, , 16, , 1
2020/7/27, , 12, , 2
2020/7/28, , 27, , 1
2020/7/29, , 17, , 2
2020/7/30, , 19, , 1
2020/7/31, , 22, , 1
2020/8/1, , 23, , 1
2020/8/2, , 28, , 2
2020/8/3, , 23, , 2
2020/8/4, , 33, , 2
2020/8/5, , 29, , 2
2020/8/6, , 28, , 1
2020/8/7, , 26, , 1
2020/8/8, , 18, , 1
2020/8/9, , 11, , 1
2020/8/10, , 23, , 1
2020/8/11, , 22, , 1
2020/8/12, , 25, 8, 1
2020/8/13, , 26, 6, 1
2020/8/14, , 29, 9, 2
2020/8/15, , 27, 8, 2
2020/8/16, , 22, 4, 1
2020/8/17, , 19, 5, 1
2020/8/18, , 25, 6, 1
2020/8/19, , 25, 6, 1
2020/8/20, , 169, , 1
2020/8/21, , 32, 9, 3
2020/8/22, , 30, 7, 1
2020/8/23, , 278, 7, 2
2020/8/24, , 477, 5, 2
2020/8/25, , 23, 5, 1
2020/8/26, , 15, 5, 2
2020/8/27, , 18, 6, 1
2020/8/28, , 21, 6, 2
2020/8/29, , 27, 6, 1
2020/8/30, , 28, 5, 2
2020/8/31, , 24, 5, 1
2020/9/1, , 26, 11, 6
2020/9/2, , 34, 9, 2
2020/9/3, , 40, , 2
2020/9/4, , 32, , 1
2020/9/5, , 12, , 1
2020/9/6, , 44, , 1
2020/9/7, , 15, , 2
2020/9/8, , 33, 19, 2
2020/9/9, , 30, 11, 3
2020/9/10, , 20, 7, 1
2020/9/11, , 15, 7, 1
2020/9/12, , 16, 8, 1
2020/9/13, , 16, 6, 1
2020/9/14, , 95, 9, 1
2020/9/15, , 21, 11, 1
2020/9/16, , 25, 8, 1
2020/9/17, , 25, 9, 1
2020/9/18, , 18, 9, 1
2020/9/19, , 24, 9, 1
2020/9/20, , 20, 6, 1
2020/9/21, , 32, 11, 1
2020/9/22, , 23, 5, 1
2020/9/26, , 38, 13, 1
2020/9/27, , 36, 12, 2
2020/9/28, , 40, 10, 2
2020/9/29, , 31, 8, 1
2020/9/30, , 33, 10, 1
2020/10/1, , 49, 21, 1
2020/4/2, , 43, 10, 2
2020/4/3, , 81, 9, 3
2020/4/4, , 38, 4, 1
2020/4/5, , 42, 4, 1
2020/4/6, , 42, 4, 1
2020/4/7, , 33, 7, 2
2020/4/8, , 41, 8, 2
2020/4/9, , 77, 9, 2
2020/4/10, , 37, 5, 2
2020/4/11, , 33, 5, 2
2020/4/12, , 38, 5, 2
2020/4/13, , 45, 1, 1
2020/4/14, , 16, 4, 1
2020/4/15, , 53, 12, 3
2020/4/16, , 44, 6, 2
2020/4/17, , 32, 6, 2
2020/4/18, , 30, 7, 2
2020/4/19, , 42, 7, 2
2020/4/20, , 29, 2, 1
2020/4/21, , 34, 8, 2
2020/4/22, , 48, 8, 2
2020/4/23, , 42, 4, 2
2020/4/24, , 31, 5, 2
2020/4/25, , 53, 8, 2
2020/4/26, , 54, 8, 3
2020/4/27, , 32, 3, 1
2020/4/28, , 179, , 1
2020/4/29, , 36, 7, 2
2020/4/30, , 38, 9, 2
2020/5/1, , 28, 8, 2
2020/5/2, , 25, 7, 2
2020/5/3, , 27, 6, 2
2020/5/4, , 28, 6, 1
2020/5/5, , 32, 8, 2
2020/5/6, , 17, 7, 1
2020/5/7, , 26, 6, 2
2020/5/8, , 22, 7, 2
2020/5/9, , 25, 6, 2
2020/5/10, , 28, 9, 1
2020/5/11, , 22, 6, 2
2020/5/12, , 22, 6, 2
2020/5/13, , 28, 7, 4
2020/5/14, , 36, 9, 3
2020/5/15, , 35, 8, 2
2020/5/16, , 43, 8, 2
2020/5/17, , 36, 2, 1
2020/5/18, , 47, 5, 2
2020/5/19, , 32, 8, 2
2020/5/20, , 41, 9, 2
2020/5/21, , 33, 8, 1
2020/5/22, , 37, 8, 2
2020/5/23, , 41, 6, 2
2020/5/24, , 37, 8, 3
2020/5/25, , 22, 5, 1
2020/5/26, , 31, 6, 1
2020/5/27, , 45, 6, 2
2020/5/28, , 47, 5, 2
2020/5/29, , 35, 9, 2
2020/5/30, , 25, 9, 2
2020/5/31, , 18, 5, 1
2020/6/1, , 17, 5, 1
2020/6/2, , 23, 7, 2
2020/6/3, , 24, 6, 2
2020/6/4, , 18, 6, 2
2020/6/5, , 21, 6, 1
2020/6/6, , 23, 5, 1
2020/6/7, , 23, 5, 2
2020/6/8, , 28, 3, 1
2020/6/9, , 34, 4, 1
2020/6/10, , 271, 11, 2
2020/6/11, , 518, 8, 2
2020/6/12, , 18, 5, 1
2020/6/13, , 18, 5, 1
2020/6/14, , 28, 7, 2
2020/6/15, , 23, 4, 2
2020/6/16, , 27, 6, 1
2020/6/17, , 28, 7, 2
2020/6/18, , 27, 7, 2
2020/6/19, , 28, 6, 2
2020/6/20, , 16, 6, 2
2020/6/21, , 42, 3, 2
2020/6/22, , 20, 4, 2
2020/6/23, , 21, 7, 2
2020/6/24, , 23, 5, 2
2020/6/25, , 23, 7, 1
2020/3/26, , 48, 16, 5
2020/3/27, , 47, 13, 3
2020/3/28, , 37, 5, 2
2020/3/29, , 43, 4, 2
2020/3/30, , 41, 7, 2
2020/3/31, , 47, 7, 2
2020/4/1, , 44, 7, 1
2019/7/2, , 518, 9, 
2019/7/3, , 27, 10, 
2019/7/4, , 28, 14, 
2019/7/5, , 39, 7, 
2019/7/6, , 45, 8, 
2019/7/7, , 40, 7, 
2019/7/8, , 33, 7, 
2019/7/9, , 29, 9, 
2019/7/10, , 41, 10, 
2019/7/11, , 31, 9, 
2019/7/12, , 30, 8, 
2019/7/13, , 33, 10, 
2019/7/14, , 33, 10, 
2019/7/15, , 26, 7, 
2019/7/16, , 32, 9, 
2019/7/17, , 30, 10, 
2019/7/18, , 29, 9, 
2019/7/19, , 32, 11, 
2019/7/20, , 39, 10, 
2019/7/21, , 243, 11, 
2019/7/22, , 869, 10, 
2019/7/23, , 485, 11, 
2019/7/24, , 66, 9, 
2019/7/25, , 197, , 
2019/7/26, , 19, 8, 1
2019/7/27, , 23, 8, 5
2019/7/28, , 23, 9, 6
2019/7/29, , 22, 6, 6
2019/7/30, , 29, 8, 6
2019/7/31, , 37, 9, 6
2019/8/1, , 47, 6, 6
2019/8/3, , 29, 7, 6
2019/8/4, , 35, 10, 6
2019/8/5, , 27, 8, 7
2019/8/6, , 27, 8, 6
2019/8/7, , 31, 9, 7
2019/8/8, , 35, 15, 6
2019/8/9, , 35, 16, 7
2019/8/10, , 761, , 6
2019/8/11, , 866, , 6
2019/8/12, , 866, , 6
2019/8/13, , 516, 7, 6
2019/8/14, , 38, 12, 6
2019/8/15, , 31, 10, 6
2019/8/16, , 36, 11, 7
2019/8/17, , 40, 11, 8
2019/8/18, , 33, 10, 7
2019/8/19, , 32, 9, 6
2019/8/20, , 29, 7, 7
2019/8/21, , 28, 7, 6
2019/8/22, , 26, 4, 6
2019/8/24, , 27, 10, 7
2019/8/25, , 20, 11, 7
2019/8/26, , 18, 9, 6
2019/8/27, , 18, 12, 6
2019/8/28, , 22, 15, 10
2019/8/29, , 32, 11, 6
2019/8/30, , 30, 10, 6
2019/8/31, , 40, 15, 7
2019/9/1, , 43, 15, 6
2019/9/2, , 41, 14, 6
2019/9/3, , 32, 10, 6
2019/9/4, , 29, 9, 6
2019/9/5, , 19, 9, 6
2019/9/6, , 23, 9, 7
2019/9/7, , 26, 11, 6
2019/9/8, , 31, 12, 6
2019/9/9, , 23, 9, 6
2019/9/10, , 30, 12, 8
2019/9/11, , 37, 12, 7
2019/9/12, , 21, 8, 7
2019/9/13, , 16, 9, 6
2019/4/2, , 841, 11, 
2019/4/3, , 882, 8, 
2019/4/4, , 499, 9, 
2019/4/5, , 51, 12, 
2019/4/6, , 58, 9, 
2019/4/7, , 61, 5, 
2019/4/8, , 44, 8, 
2019/4/9, , 60, 11, 
2019/4/10, , 49, 16, 
2019/4/11, , 63, 4, 
2019/4/12, , 61, 7, 
2019/4/13, , 118, 4, 
2019/4/14, , 124, 8, 
2019/4/15, , 245, 12, 
2019/4/16, , 63, 15, 
2019/4/17, , 71, 3, 
2019/4/18, , 57, 4, 
2019/4/19, , 517, 3, 
2019/4/20, , 105, 8, 
2019/4/21, , 83, 10, 
2019/4/22, , 523, 13, 
2019/4/23, , 703, 12, 
2019/4/24, , 71, 8, 
2019/4/25, , 71, 6, 
2019/4/26, , 40, 7, 
2019/4/27, , 58, 9, 
2019/4/28, , 57, 13, 
2019/4/29, , 65, 14, 
2019/4/30, , 64, 14, 
2019/5/1, , 69, 10, 
2019/5/2, , 69, 10, 
2019/5/3, , 57, 8, 
2019/5/4, , 56, 10, 
2019/5/5, , 56, 6, 
2019/5/6, , 61, 8, 
2019/5/7, , 57, 15, 
2019/5/8, , 60, , 
2019/5/9, , 71, , 
2019/5/10, , 60, , 
2019/5/11, , 61, , 
2019/5/12, , 58, , 
2019/5/13, , 64, , 
2019/5/14, , 54, , 
2019/5/15, , 75, , 
2019/5/16, , 65, , 
2019/5/17, , 63, , 
2019/5/18, , 58, , 
2019/5/19, , 47, , 
2019/5/20, , 47, , 
2019/5/21, , 70, 10, 
2019/5/22, , 64, 14, 
2019/5/23, , 69, 13, 
2019/5/24, , 74, 9, 
2019/5/25, , 63, 8, 
2019/5/26, , 59, 7, 
2019/5/27, , 52, 9, 
2019/5/28, , 54, 15, 
2019/5/29, , 71, 11, 
2019/5/30, , 61, 9, 
2019/5/31, , 70, 8, 
2019/6/1, , 58, 7, 
2019/6/2, , 52, 5, 
2019/6/3, , 46, 5, 
2019/6/4, , 41, 6, 
2019/6/5, , 41, 12, 
2019/6/6, , 83, 18, 
2019/6/7, , 101, 16, 
2019/6/9, , 50, 11, 
2019/6/10, , 39, 12, 
2019/6/11, , 51, 6, 
2019/6/12, , 23, 10, 
2019/6/13, , 44, 7, 
2019/6/14, , 17, 8, 
2019/6/15, , 25, 10, 
2019/6/16, , 32, 7, 
2019/6/17, , 30, 10, 
2019/6/18, , 39, 8, 
2019/6/19, , 36, 8, 
2019/6/20, , 30, 10, 
2019/6/21, , 33, 15, 
2019/6/22, , 36, 15, 
2019/6/23, , 38, 8, 
2019/6/24, , 44, 11, 
2019/6/25, , 116, 13, 
2019/6/26, , 39, 9, 
2019/6/27, , 32, 6, 
2019/6/28, , 40, 8, 
2019/6/29, , 37, 7, 
2019/6/30, , 267, 8, 
2019/7/1, , 834, 9, 
2019/1/2, , 270, 10, 
2019/1/3, , 46, 10, 
2019/1/4, , 39, 17, 
2019/1/5, , 52, 20, 
2019/1/6, , 58, 23, 
2019/1/7, , 61, 22, 
2019/1/8, , 61, 21, 
2019/1/9, , 54, 11, 
2019/1/10, , 49, 16, 
2019/1/11, , 53, 17, 
2019/1/12, , 57, 15, 
2019/1/13, , 38, 7, 
2019/1/14, , 26, 9, 
2019/1/15, , 26, 18, 
2019/1/16, , 44, 18, 
2019/1/17, , 51, 13, 
2019/1/18, , 50, 10, 
2019/1/19, , 39, 11, 
2019/1/20, , 42, 9, 
2019/1/21, , 44, 21, 
2019/1/22, , 68, 23, 
2019/1/23, , 114, 7, 
2019/1/24, , 599, 15, 
2019/1/25, , 52, 14, 
2019/1/26, , 52, 12, 
2019/1/27, , 48, 8, 
2019/1/28, , 34, 18, 
2019/1/29, , 54, 15, 
2019/1/30, , 52, 18, 
2019/1/31, , 48, 17, 
2019/2/1, , 52, 6, 
2019/2/2, , 22, 22, 
2019/2/3, , 55, 19, 
2019/2/4, , 53, 18, 
2019/2/5, , 44, 19, 
2019/2/6, , 49, 26, 
2019/2/7, , 68, 19, 
2019/2/8, , 72, 8, 
2019/2/9, , 49, 7, 
2019/2/10, , 33, 9, 
2019/2/11, , 41, 14, 
2019/2/12, , 60, 11, 
2019/2/13, , 52, 9, 
2019/2/14, , 41, 19, 
2019/2/15, , 65, 8, 
2019/2/16, , 42, 18, 
2019/2/17, , 73, 3, 
2019/2/18, , 52, 8, 
2019/2/19, , 47, 12, 
2019/2/20, , 64, 8, 
2019/2/21, , 44, 6, 
2019/2/22, , 58, 6, 
2019/2/23, , 42, 4, 
2019/2/24, , 26, 7, 
2019/2/25, , 44, 11, 
2019/2/26, , 48, 16, 
2019/2/27, , 55, 15, 
2019/2/28, , 55, 16, 390
2019/3/1, , 58, 10, 500
2019/3/2, , 57, 11, 394
2019/3/3, , 56, 11, 392
2019/3/4, , 44, 8, 462
2019/3/5, , 56, 9, 500
2019/3/6, , 49, 10, 216
2019/3/7, , 42, 18, 
2019/3/8, , 56, 19, 
2019/3/9, , 57, 18, 
2019/3/10, , 64, 15, 
2019/3/11, , 57, 13, 
2019/3/12, , 65, 9, 
2019/3/13, , 88, 5, 
2019/3/14, , 67, 9, 
2019/3/15, , 50, 7, 
2019/3/16, , 51, 7, 
2019/3/17, , 40, 7, 
2019/3/18, , 38, 6, 
2019/3/19, , 34, 8, 
2019/3/20, , 34, 8, 
2019/3/21, , 38, 7, 
2019/3/22, , 40, 8, 
2019/3/23, , 42, 7, 
2019/3/24, , 38, 10, 
2019/3/25, , 46, 11, 
2019/3/26, , 50, 8, 
2019/3/27, , 49, 7, 
2019/3/28, , 44, 14, 
2019/3/29, , 86, 15, 
2019/3/30, , 56, 15, 
2019/3/31, , 136, 5, 
2019/4/1, , 882, 8, 
2018/10/2, , 23, 10, 
2018/10/3, , 31, 9, 
2018/10/4, , 27, 8, 
2018/10/5, , 29, 8, 
2018/10/6, , 41, 12, 
2018/10/7, , 39, 11, 
2018/10/8, , 33, 10, 
2018/10/9, , 35, 7, 
2018/10/10, , 26, 15, 
2018/10/11, , 52, 11, 
2018/10/12, , 41, 15, 
2018/10/13, , 45, 19, 
2018/10/14, , 57, 11, 
2018/10/15, , 43, 10, 
2018/10/16, , 43, 7, 
2018/10/17, , 31, 8, 
2018/10/18, , 29, 8, 
2018/10/19, , 21, 8, 
2018/10/20, , 27, , 
2018/11/8, , 60, 18, 
2018/11/9, , 54, 14, 
2018/11/10, , 57, 8, 
2018/11/11, , 31, 13, 
2018/11/12, , 48, 22, 
2018/11/13, , 63, 12, 
2018/11/14, , 31, 11, 
2018/11/15, , 29, 18, 
2018/11/16, , 189, 22, 
2018/11/17, , 881, 27, 
2018/11/18, , 642, 22, 
2018/11/19, , 61, 15, 
2018/11/20, , 48, 15, 
2018/11/21, , 55, 13, 
2018/11/22, , 52, 19, 
2018/11/23, , 61, 23, 
2018/11/24, , 73, 20, 
2018/11/25, , 57, 10, 
2018/11/26, , 35, 12, 
2018/11/27, , 50, 13, 
2018/11/28, , 47, 14, 
2018/11/29, , 34, 17, 
2018/11/30, , 36, 13, 
2018/12/1, , 47, 3, 
2018/12/2, , 32, 7, 
2018/12/3, , 25, 27, 
2018/12/4, , 72, 13, 
2018/12/5, , 53, 10, 
2018/12/6, , 37, 13, 
2018/12/7, , 45, 22, 
2018/12/8, , 55, 13, 
2018/12/9, , 52, 8, 
2018/12/10, , 30, 9, 
2018/12/11, , 32, 13, 
2018/12/12, , 45, 12, 
2018/12/13, , 57, 5, 
2018/12/14, , 30, 12, 
2018/12/15, , 31, 24, 
2018/12/16, , 52, 26, 
2018/12/17, , 60, 26, 
2018/12/18, , 63, 21, 
2018/12/19, , 71, 7, 
2018/12/20, , 29, 10, 
2018/12/21, , 25, 28, 
2018/12/22, , 59, 32, 
2018/12/23, , 83, 23, 
2018/12/24, , 54, 19, 
2018/12/25, , 52, 21, 
2018/12/26, , 72, 17, 
2018/12/27, , 65, 7, 
2018/12/28, , 33, 9, 
2018/12/29, , 36, 20, 
2018/12/30, , 72, 9, 
2018/12/31, , 52, , 
2018/7/7, , 478, 9, 
2018/7/8, , 35, 10, 
2018/7/9, , 37, 9, 
2018/7/10, , 40, 9, 
2018/7/11, , 46, 9, 
2018/7/12, , 42, 11, 
2018/7/13, , 46, 10, 
2018/7/14, , 51, 11, 
2018/7/15, , 37, 10, 
2018/7/16, , 62, 9, 
2018/7/17, , 70, 10, 
2018/7/18, , 61, 11, 
2018/7/19, , 48, 10, 
2018/7/20, , 47, 10, 
2018/7/21, , 53, 11, 
2018/7/22, , 47, , 
2018/7/23, , 50, , 
2018/7/24, , 50, , 
2018/7/25, , 50, , 
2018/7/26, , 56, , 
2018/7/27, , 58, , 
2018/7/28, , 63, , 
2018/7/29, , 52, , 
2018/7/31, , 45, , 
2018/8/1, , 35, , 
2018/8/2, , 35, , 
2018/8/3, , 30, 7, 168
2018/8/4, , 38, 8, 237
2018/8/5, , 35, 7, 347
2018/8/6, , 26, 5, 165
2018/8/7, , 28, 7, 273
2018/8/8, , 35, 6, 245
2018/8/9, , 42, 9, 446
2018/8/10, , 45, 8, 200
2018/8/11, , 42, 8, 287
2018/8/12, , 42, 9, 162
2018/8/13, , 23, 9, 236
2018/8/14, , 43, 14, 436
2018/8/15, , 44, 11, 285
2018/8/16, , 47, 12, 265
2018/8/17, , 44, 9, 197
2018/8/18, , 43, 10, 222
2018/8/19, , 40, 9, 356
2018/8/20, , 37, 10, 371
2018/8/21, , 181, 11, 359
2018/8/22, , 884, 7, 398
2018/8/23, , 884, 9, 452
2018/8/24, , 571, 8, 366
2018/8/25, , 39, 12, 267
2018/8/26, , 37, 9, 266
2018/8/27, , 32, 7, 490
2018/8/28, , 39, 9, 
2018/8/29, , 40, 9, 
2018/8/30, , 38, 9, 
2018/8/31, , 39, 12, 
2018/9/1, , 38, 11, 
2018/9/2, , 43, 7, 
2018/9/3, , 40, 8, 
2018/9/4, , 42, 8, 
2018/9/5, , 41, 9, 
2018/9/6, , 39, 9, 
2018/9/7, , 30, 10, 
2018/9/8, , 36, 13, 
2018/9/9, , 534, 17, 
2018/9/10, , 882, 16, 
2018/9/11, , 538, 13, 
2018/9/12, , 29, 17, 
2018/9/13, , 31, 13, 
2018/9/14, , 23, 11, 
2018/9/15, , 35, 10, 
2018/9/16, , 37, 8, 
2018/9/17, , 33, 11, 
2018/9/18, , 41, 12, 
2018/9/19, , 43, 12, 
2018/9/20, , 41, 12, 
2018/9/21, , 39, 12, 
2018/9/22, , 35, 4, 
2018/9/24, , 33, 6, 
2018/9/25, , 39, 9, 
2018/9/26, , 39, 8, 
2018/9/27, , 36, 8, 
2018/9/28, , 43, 12, 
2018/9/29, , 32, 10, 
2018/9/30, , 29, 9, 
2018/10/1, , 28, 7, 
2017/4/1, , 24, 29, 
2023/4/25, , , 7, 
2023/1/3, , , 5, 
2023/1/4, , , 6, 
2023/1/5, , , 17, 1
2023/1/6, , , 14, 
2023/1/7, , , 20, 1
2023/1/8, , , 21, 
2023/1/9, , , 13, 1
2023/1/10, , , 13, 
2022/10/2, , , 10, 1
2022/10/3, , , 10, 
2022/10/4, , , 9, 
2022/10/5, , , 6, 
2022/10/6, , , 11, 
2022/10/7, , , 10, 
2022/10/8, , , 9, 
2022/10/9, , , 9, 
2022/10/10, , , 5, 
2022/10/11, , , 9, 
2022/10/12, , , 11, 
2022/10/13, , , 11, 
2022/10/14, , , 13, 
2022/10/15, , , 10, 
2022/10/16, , , 13, 1
2022/10/17, , , 13, 1
2022/10/18, , , 15, 
2022/10/19, , , 7, 
2022/10/20, , , 8, 
2022/10/21, , , 12, 
2022/10/22, , , 13, 1
2022/10/23, , , 19, 
2022/10/24, , , 15, 
2022/10/25, , , 6, 
2022/10/26, , , 9, 
2022/10/27, , , 12, 
2022/10/28, , , 12, 4
2022/10/29, , , 12, 
2022/10/30, , , 12, 
2022/10/31, , , 16, 
2022/11/1, , , 10, 1
2022/11/2, , , 24, 
2022/11/3, , , 10, 1
2022/11/4, , , 13, 
2022/11/5, , , 14, 2
2022/11/6, , , 18, 1
2022/11/7, , , 15, 
2022/11/8, , , 12, 
2022/11/9, , , 10, 
2022/11/10, , , 16, 1
2022/11/11, , , 21, 1
2022/11/12, , , 20, 
2022/11/13, , , 16, 
2022/11/14, , , 8, 
2022/11/15, , , 12, 
2022/11/16, , , 16, 
2022/11/17, , , 8, 
2022/11/18, , , 10, 
2022/11/19, , , 7, 
2022/11/20, , , 13, 
2022/11/21, , , 7, 
2022/11/22, , , 9, 
2022/11/23, , , 11, 
2022/11/24, , , 13, 
2022/11/25, , , 13, 2
2022/11/26, , , 18, 
2022/11/27, , , 12, 
2022/11/28, , , 11, 2
2022/11/29, , , 17, 1
2022/11/30, , , 17, 1
2022/12/1, , , 12, 
2022/12/2, , , 8, 
2022/12/3, , , 10, 
2022/12/4, , , 9, 
2022/12/5, , , 6, 1
2022/12/6, , , 19, 2
2022/12/7, , , 24, 
2022/12/8, , , 13, 1
2022/12/9, , , 15, 
2022/12/10, , , 13, 1
2022/12/11, , , 21, 1
2022/12/12, , , 19, 
2022/12/13, , , 16, 
2022/12/14, , , 13, 
2022/12/15, , , 9, 4
2022/12/16, , , 21, 3
2022/12/17, , , 26, 1
2022/12/18, , , 21, 
2022/12/19, , , 12, 1
2022/12/20, , , 16, 1
2022/12/21, , , 14, 1
2022/12/22, , , 17, 1
2022/12/23, , , 22, 
2022/12/24, , , 14, 
2022/12/25, , , 8, 
2022/12/26, , , 6, 
2022/12/27, , , 9, 
2022/12/28, , , 10, 
2022/12/29, , , 15, 
2022/12/30, , , 10, 
2022/12/31, , , 8, 1
2023/1/1, , , 15, 1
2023/1/2, , , 19, 
2022/8/24, , , 10, 
2022/8/25, , , 9, 
2022/8/26, , , 9, 
2022/8/27, , , 9, 
2022/8/28, , , 8, 
2022/8/29, , , 8, 
2022/8/30, , , 7, 
2022/8/31, , , 7, 
2022/9/1, , , 6, 
2022/9/2, , , 6, 
2022/9/3, , , 5, 
2022/9/4, , , 4, 
2022/9/5, , , 7, 
2022/9/6, , , 12, 
2022/9/7, , , 11, 
2022/9/8, , , 8, 
2022/9/9, , , 11, 
2022/9/10, , , 12, 
2022/9/11, , , 9, 
2022/9/12, , , 8, 
2022/9/13, , , 11, 
2022/9/14, , , 11, 
2022/9/15, , , 7, 
2022/9/16, , , 5, 
2022/9/17, , , 5, 
2022/9/18, , , 5, 
2022/9/19, , , 8, 
2022/9/20, , , 6, 
2022/9/21, , , 7, 
2022/9/22, , , 9, 
2022/9/23, , , 7, 
2022/9/24, , , 10, 
2022/9/25, , , 9, 
2022/9/26, , , 7, 
2022/9/27, , , 7, 
2022/9/28, , , 9, 
2022/9/29, , , 10, 
2022/9/30, , , 11, 
2022/10/1, , , 7, 
2021/11/17, , , 28, 3
2021/7/2, , , 6, 
2021/7/3, , , 5, 
2021/7/4, , , 7, 
2021/7/5, , , 7, 
2021/7/6, , , 6, 
2021/7/7, , , 10, 
2021/7/8, , , 10, 
2021/7/9, , , 10, 
2021/7/10, , , 12, 
2021/7/11, , , 10, 
2021/7/12, , , 6, 
2021/7/13, , , 4, 
2021/7/14, , , 5, 
2021/7/15, , , 5, 
2021/7/16, , , 5, 
2021/7/17, , , 8, 
2021/7/25, , , 6, 
2021/7/26, , , 4, 
2021/7/27, , , 6, 
2021/7/28, , , 6, 
2021/4/2, , , 8, 1
2021/4/3, , , 5, 2
2021/4/4, , , 6, 2
2021/4/5, , , 6, 2
2021/4/6, , , 12, 2
2021/4/7, , , 13, 1
2021/4/8, , , 12, 3
2021/4/9, , , 10, 3
2021/4/10, , , 12, 
2021/4/11, , , 5, 4
2021/4/12, , , 12, 6
2021/4/13, , , 14, 3
2021/4/14, , , 12, 3
2021/4/15, , , 12, 2
2021/4/16, , , 10, 2
2021/4/17, , , 10, 3
2021/4/18, , , 11, 
2021/4/19, , , 6, 2
2021/4/20, , , 8, 2
2021/4/21, , , 8, 2
2021/4/22, , , 8, 1
2021/4/23, , , 8, 4
2021/4/24, , , 9, 1
2021/4/25, , , 5, 2
2021/4/26, , , 5, 3
2021/4/27, , , 12, 4
2021/4/28, , , 13, 2
2021/4/29, , , 11, 1
2021/4/30, , , 4, 3
2021/5/1, , , 8, 1
2021/5/2, , , 4, 
2021/5/3, , , 3, 2
2021/5/4, , , 4, 3
2021/5/5, , , 6, 4
2021/5/6, , , 7, 2
2021/5/7, , , 8, 
2021/5/8, , , 7, 
2021/5/13, , , 12, 1
2021/5/14, , , 9, 1
2021/5/15, , , 7, 3
2021/5/16, , , 9, 76
2021/5/17, , , 8, 
2021/5/18, , , 10, 
2021/5/19, , , 12, 
2021/5/20, , , 4, 2
2021/5/21, , , 7, 3
2021/5/22, , , 10, 1
2021/5/23, , , 6, 2
2021/5/24, , , 5, 2
2021/5/25, , , 9, 2
2021/5/26, , , 9, 1
2021/5/27, , , 6, 2
2021/5/28, , , 7, 6
2021/5/29, , , 8, 2
2021/5/30, , , 7, 2
2021/5/31, , , 6, 2
2021/6/1, , , 7, 3
2021/6/2, , , 9, 1
2021/6/3, , , 7, 
2021/6/4, , , 7, 
2021/6/5, , , 10, 
2021/6/6, , , 13, 
2021/6/7, , , 10, 
2021/6/8, , , 13, 
2021/6/9, , , 8, 
2021/6/10, , , 8, 
2021/6/11, , , 6, 
2021/6/12, , , 9, 
2021/6/13, , , 5, 
2021/6/14, , , 4, 
2021/6/15, , , 6, 
2021/6/16, , , 6, 
2021/6/17, , , 5, 
2021/6/18, , , 4, 
2021/6/19, , , 5, 
2021/6/20, , , 10, 
2021/6/21, , , 6, 
2021/6/22, , , 4, 
2021/6/23, , , 10, 
2021/6/24, , , 11, 
2021/6/25, , , 8, 
2021/6/26, , , 6, 
2021/6/27, , , 7, 
2021/6/28, , , 4, 
2021/6/29, , , 6, 
2021/6/30, , , 10, 
2021/7/1, , , 9, 
2021/1/5, , , 31, 3
2021/1/7, , , 17, 2
2021/1/8, , , 15, 5
2021/1/9, , , 16, 5
2021/1/10, , , 12, 3
2021/1/11, , , 8, 3
2021/1/12, , , 12, 12
2021/1/13, , , 9, 2
2021/1/14, , , 3, 6
2021/1/15, , , 11, 4
2021/1/16, , , 20, 3
2021/1/17, , , 20, 5
2021/1/18, , , 15, 5
2021/1/19, , , 16, 5
2021/1/20, , , 17, 2
2021/1/21, , , 8, 2
2021/1/22, , , 9, 3
2021/1/23, , , 10, 5
2021/1/24, , , 17, 2
2021/1/25, , , 14, 1
2021/1/26, , , 5, 4
2021/1/27, , , 8, 2
2021/1/28, , , 8, 1
2021/1/29, , , 6, 1
2021/1/30, , , 7, 5
2021/1/31, , , 16, 3
2021/2/1, , , 11, 1
2021/2/2, , , 3, 2
2021/2/3, , , 15, 4
2021/2/4, , , 17, 9
2021/2/5, , , 15, 5
2021/2/6, , , 11, 1
2021/2/7, , , 3, 5
2021/2/8, , , 6, 5
2021/2/9, , , 13, 2
2021/2/10, , , 12, 3
2021/2/11, , , 13, 4
2021/2/12, , , 12, 3
2021/2/13, , , 11, 4
2021/2/14, , , 15, 1
2021/2/15, , , 2, 1
2021/2/16, , , 3, 1
2021/2/17, , , 3, 1
2021/2/18, , , 3, 
2021/2/20, , , 8, 10
2021/2/21, , , 21, 6
2021/2/22, , , 20, 3
2021/2/23, , , 18, 5
2021/2/24, , , 15, 7
2021/2/25, , , 24, 3
2021/2/26, , , 11, 4
2021/2/27, , , 21, 5
2021/2/28, , , 21, 3
2021/3/1, , , 14, 
2021/3/2, , , 4, 2
2021/3/3, , , 8, 4
2021/3/4, , , 15, 2
2021/3/5, , , 18, 3
2021/3/6, , , 14, 1
2021/3/7, , , 7, 6
2021/3/8, , , 9, 2
2021/3/9, , , 7, 2
2021/3/10, , , 9, 5
2021/3/11, , , 18, 4
2021/3/12, , , 18, 2
2021/3/13, , , 12, 3
2021/3/14, , , 12, 4
2021/3/15, , , 11, 2
2021/3/16, , , 10, 3
2021/3/17, , , 12, 1
2021/3/18, , , 6, 2
2021/3/19, , , 7, 3
2021/3/20, , , 11, 3
2021/3/21, , , 9, 4
2021/3/22, , , 9, 5
2021/3/23, , , 11, 1
2021/3/24, , , 2, 1
2021/3/25, , , 3, 1
2021/3/26, , , 4, 8
2021/3/27, , , 21, 6
2021/3/28, , , 23, 2
2021/3/29, , , 9, 2
2021/3/30, , , 7, 4
2021/3/31, , , 13, 3
2021/4/1, , , 11, 3
2020/11/18, , , 7, 1
2020/11/19, , , 9, 1
2020/11/20, , , 9, 1
2020/11/21, , , 8, 1
2020/11/22, , , 9, 2
2020/11/23, , , 8, 1
2020/11/24, , , 17, 5
2020/11/25, , , 20, 4
2020/11/26, , , 21, 5
2020/11/27, , , 21, 3
2020/11/28, , , 23, 7
2020/11/29, , , 10, 3
2020/11/30, , , 6, 1
2020/12/1, , , 9, 7
2020/12/2, , , 14, 3
2020/12/3, , , 14, 7
2020/12/4, , , 12, 2
2020/12/5, , , 12, 3
2020/12/6, , , 12, 2
2020/12/7, , , 15, 3
2020/12/8, , , 14, 4
2020/12/9, , , 19, 5
2020/12/10, , , 17, 8
2020/12/11, , , 11, 1
2020/12/12, , , 15, 4
2020/12/13, , , 6, 2
2020/12/14, , , 9, 3
2020/12/15, , , 10, 3
2020/12/16, , , 14, 4
2020/12/17, , , 15, 1
2020/12/18, , , 15, 3
2020/12/19, , , 19, 3
2020/12/20, , , 10, 1
2020/12/21, , , 11, 2
2020/12/22, , , 14, 8
2020/12/23, , , 10, 3
2020/12/24, , , 12, 5
2020/12/25, , , 6, 1
2020/12/26, , , 15, 10
2020/12/27, , , 17, 6
2020/12/28, , , 16, 5
2020/12/29, , , 18, 6
2020/12/30, , , 7, 2
2020/12/31, , , 1, 1
2021/1/1, , , 25, 21
2020/9/23, , , 7, 2
2020/1/1, , , 9, 3
2020/1/5, , , 30, 3
2020/3/17, , , 15, 3
2020/3/19, , , 7, 2
2019/9/14, , , 9, 6
2019/9/15, , , 8, 5
2019/9/16, , , 9, 6
2019/9/17, , , 7, 6
2019/9/18, , , 12, 7
2019/6/8, , , 14, 
2019/1/1, , , 18, 
2018/11/7, , , 19, 
2018/7/2, , , 20, 
2018/7/3, , , 20, 
2018/7/4, , , 20, 
2018/7/5, , , 17, 
2018/7/6, , , 11, 
2018/4/2, , , 11, 
2018/4/3, , , 11, 
2018/4/4, , , 9, 
2018/4/5, , , 13, 
2018/4/6, , , 13, 
2018/4/7, , , 14, 
2018/4/8, , , 10, 
2018/4/9, , , 15, 
2018/4/10, , , 12, 
2018/4/11, , , 14, 
2018/4/12, , , 16, 
2018/4/13, , , 15, 
2018/4/14, , , 12, 
2018/4/15, , , 8, 
2018/4/16, , , 12, 
2018/4/17, , , 19, 
2018/4/18, , , 19, 
2018/4/19, , , 11, 
2018/4/20, , , 12, 
2018/4/21, , , 12, 
2018/4/22, , , 11, 
2018/4/23, , , 9, 
2018/4/25, , , 12, 
2018/4/26, , , 14, 
2018/4/27, , , 12, 
2018/4/28, , , 13, 
2018/4/29, , , 11, 
2018/4/30, , , 12, 
2018/5/1, , , 13, 
2018/5/2, , , 17, 
2018/5/3, , , 15, 
2018/5/4, , , 18, 
2018/5/5, , , 19, 
2018/5/7, , , 13, 
2018/5/8, , , 14, 
2018/5/9, , , 15, 
2018/5/10, , , 18, 
2018/5/11, , , 18, 
2018/5/12, , , 14, 
2018/5/13, , , 14, 
2018/5/14, , , 21, 
2018/5/15, , , 21, 
2018/5/16, , , 21, 
2018/5/17, , , 21, 
2018/5/18, , , 17, 
2018/5/19, , , 16, 
2018/5/20, , , 13, 
2018/5/21, , , 14, 
2018/5/22, , , 13, 
2018/5/23, , , 19, 
2018/5/24, , , 14, 
2018/5/25, , , 12, 
2018/5/26, , , 12, 
2018/5/27, , , 13, 
2018/5/28, , , 14, 
2018/5/29, , , 15, 
2018/5/30, , , 16, 
2018/5/31, , , 14, 
2018/6/1, , , 12, 
2018/6/2, , , 12, 
2018/6/3, , , 12, 
2018/6/6, , , 13, 
2018/6/7, , , 16, 
2018/6/8, , , 15, 
2018/6/9, , , 13, 
2018/6/10, , , 13, 
2018/6/11, , , 13, 
2018/6/12, , , 14, 
2018/6/13, , , 19, 
2018/6/14, , , 18, 
2018/6/15, , , 18, 
2018/6/16, , , 19, 
2018/6/17, , , 17, 
2018/6/18, , , 15, 
2018/6/19, , , 14, 
2018/6/20, , , 13, 
2018/6/21, , , 15, 
2018/6/22, , , 17, 
2018/6/23, , , 22, 
2018/6/26, , , 20, 
2018/6/27, , , 17, 
2018/6/28, , , 16, 
2018/6/29, , , 17, 
2018/6/30, , , 20, 
2018/3/15, , , 16, 
2018/3/16, , , 13, 
2018/3/17, , , 10, 
2018/3/24, , , 17, 
2018/3/25, , , 20, 
2018/3/26, , , 16, 
2018/3/27, , , 18, 
2018/3/28, , , 17, 
2018/3/29, , , 11, 
2018/3/30, , , 11, 
2018/3/31, , , 11, 
2018/4/1, , , 9, 
2017/10/2, , , 20, 
2017/10/3, , , 18, 
2017/10/4, , , 18, 
2017/10/5, , , 17, 
2017/10/6, , , 17, 
2017/10/7, , , 18, 
2017/10/8, , , 24, 
2017/10/9, , , 11, 
2017/10/10, , , 16, 
2017/10/11, , , 16, 
2017/10/18, , , 20, 
2017/10/19, , , 32, 
2017/10/23, , , 13, 
2017/10/24, , , 19, 
2017/10/25, , , 18, 
2017/10/26, , , 16, 
2017/10/30, , , 23, 
2017/10/31, , , 26, 
2017/11/6, , , 20, 
2017/11/7, , , 29, 
2017/11/13, , , 14, 
2017/11/14, , , 19, 
2017/11/15, , , 19, 
2017/11/16, , , 26, 
2017/11/24, , , 25, 
2017/11/25, , , 27, 
2017/11/26, , , 29, 
2017/11/27, , , 23, 
2017/11/28, , , 23, 
2017/11/29, , , 28, 
2017/7/2, , , 12, 
2017/7/4, , , 10, 
2017/7/5, , , 9, 
2017/7/6, , , 9, 
2017/7/7, , , 8, 
2017/7/8, , , 10, 
2017/7/9, , , 8, 
2017/7/10, , , 7, 
2017/7/11, , , 8, 
2017/7/12, , , 17, 
2017/7/13, , , 12, 
2017/7/15, , , 13, 
2017/7/16, , , 11, 
2017/7/17, , , 11, 
2017/7/18, , , 13, 
2017/7/19, , , 13, 
2017/7/20, , , 10, 
2017/7/21, , , 9, 
2017/7/22, , , 10, 
2017/7/23, , , 9, 
2017/7/24, , , 9, 
2017/7/25, , , 9, 
2017/7/26, , , 9, 
2017/7/27, , , 9, 
2017/7/28, , , 10, 
2017/7/29, , , 11, 
2017/7/30, , , 9, 
2017/7/31, , , 8, 
2017/8/1, , , 12, 
2017/8/2, , , 10, 
2017/8/3, , , 9, 
2017/8/5, , , 10, 
2017/8/6, , , 11, 
2017/8/8, , , 9, 
2017/8/9, , , 8, 
2017/8/10, , , 9, 
2017/8/11, , , 9, 
2017/8/12, , , 11, 
2017/8/15, , , 12, 
2017/8/16, , , 15, 
2017/8/17, , , 14, 
2017/8/19, , , 16, 
2017/8/20, , , 15, 
2017/8/21, , , 11, 
2017/8/22, , , 14, 
2017/8/23, , , 12, 
2017/8/24, , , 13, 
2017/8/25, , , 13, 
2017/8/26, , , 13, 
2017/8/28, , , 8, 
2017/8/29, , , 13, 
2017/8/30, , , 14, 
2017/8/31, , , 16, 
2017/9/1, , , 20, 
2017/9/2, , , 18, 
2017/9/3, , , 14, 
2017/9/4, , , 11, 
2017/9/5, , , 11, 
2017/9/6, , , 12, 
2017/9/12, , , 14, 
2017/9/13, , , 7, 
2017/9/14, , , 19, 
2017/9/15, , , 20, 
2017/9/16, , , 21, 
2017/9/20, , , 14, 
2017/9/21, , , 17, 
2017/9/22, , , 17, 
2017/9/23, , , 15, 
2017/9/24, , , 14, 
2017/9/25, , , 12, 
2017/9/26, , , 15, 
2017/9/27, , , 17, 
2017/9/28, , , 15, 
2017/9/29, , , 17, 
2017/9/30, , , 17, 
2017/10/1, , , 17, 
2017/4/3, , , 5, 
2017/4/4, , , 15, 
2017/4/5, , , 17, 
2017/4/6, , , 26, 
2017/4/7, , , 14, 
2017/4/8, , , 21, 
2017/4/9, , , 13, 
2017/4/10, , , 15, 
2017/4/11, , , 17, 
2017/4/12, , , 13, 
2017/4/19, , , 20, 
2017/4/20, , , 22, 
2017/4/21, , , 17, 
2017/4/22, , , 13, 
2017/4/23, , , 13, 
2017/4/24, , , 10, 
2017/4/25, , , 13, 
2017/4/26, , , 10, 
2017/5/3, , , 27, 
2017/5/4, , , 23, 
2017/5/6, , , 14, 
2017/5/7, , , 19, 
2017/5/8, , , 14, 
2017/5/9, , , 16, 
2017/5/10, , , 16, 
2017/5/11, , , 20, 
2017/5/12, , , 23, 
2017/5/13, , , 17, 
2017/6/9, , , 14, 
2017/6/10, , , 19, 
2017/6/15, , , 10, 
2017/6/16, , , 11, 
2017/6/17, , , 13, 
2017/6/18, , , 14, 
2017/6/19, , , 13, 
2017/6/20, , , 10, 
2017/6/21, , , 9, 
2017/6/22, , , 11, 
2017/6/23, , , 13, 
2017/6/24, , , 14, 
2017/6/25, , , 18, 
2017/6/26, , , 10, 
2017/6/27, , , 10, 
2017/6/28, , , 13, 
2017/6/29, , , 13, 
2017/6/30, , , 14, 
2017/7/1, , , 12, 
2017/3/31, , , 23, 
2022/4/28, , , , 3
2021/5/11, , , , 3
2021/5/12, , , , 1
2021/1/4, , , , 6
2021/1/6, , , , 4
2021/2/19, , , , 3
2021/1/2, , , , 1
2021/1/3, , , , 4