date, pm25, pm10, no2, so2, co
2022/8/2, 18, 14, 1, , 1
2022/8/3, 16, 10, 1, , 
2022/8/4, 8, 11, 1, , 
2022/8/5, 17, 12, 1, , 
2022/8/6, 24, 15, 1, , 
2022/8/7, 23, 22, 1, , 
2022/8/8, 36, 23, 1, , 
2022/8/9, 38, 15, 2, , 1
2022/8/10, 13, 12, 2, , 1
2022/8/11, 11, 14, 1, , 
2022/8/12, 17, 16, 1, , 1
2022/8/13, 18, 12, 1, , 1
2022/8/14, 16, 13, 1, , 
2022/8/15, 22, 18, 1, , 1
2022/8/16, 35, 17, 1, , 
2022/8/17, 16, 18, 1, , 
2022/8/18, 23, 14, 1, , 
2022/8/19, 20, 13, 1, , 
2022/8/20, 15, 15, 1, , 
2022/8/21, 14, 14, 1, , 
2022/8/22, 17, 18, 1, , 1
2022/8/23, 32, 17, 1, , 
2022/8/24, 24, 14, 1, , 
2022/8/25, 22, 17, 1, , 
2022/8/26, 25, 20, 1, , 
2022/8/27, 35, 21, 1, , 
2022/8/28, 33, 16, 1, , 
2022/8/29, 21, , , , 
2022/7/2, 11, 13, 1, , 
2022/7/3, 21, 14, 1, , 
2022/7/4, 20, 16, 1, , 
2022/7/5, 31, 20, 1, , 
2022/7/6, 44, 19, 1, , 
2022/7/7, 36, 9, 1, , 
2022/7/8, 16, 12, 1, , 
2022/7/9, 20, 9, 1, , 
2022/7/10, 7, 10, 2, , 
2022/7/11, 13, 15, 1, , 1
2022/7/12, 28, 14, 1, , 
2022/7/13, 27, 11, 1, , 
2022/7/14, 12, 16, 1, , 
2022/7/15, 26, 15, 1, , 
2022/7/16, 20, 11, 1, , 
2022/7/17, 9, 11, 1, , 
2022/7/18, 9, 15, 1, , 
2022/7/19, 24, 19, 1, , 1
2022/7/20, 32, 10, 1, , 1
2022/7/21, 12, 12, 1, , 1
2022/7/22, 31, 12, 1, , 1
2022/7/23, 27, 8, 1, , 1
2022/7/24, 8, 13, 1, , 
2022/7/25, 25, 14, 1, , 1
2022/7/26, 28, 19, 1, , 1
2022/7/27, 35, 24, 1, , 1
2022/7/28, 47, 12, 1, , 
2022/7/29, 16, 18, 1, , 1
2022/7/30, 37, 18, 1, , 1
2022/7/31, 34, 18, 1, , 
2022/8/1, 30, 15, 1, , 1
2022/6/2, 7, 13, 1, , 
2022/6/3, 24, 13, 1, , 
2022/6/4, 23, 10, 1, , 
2022/6/5, 15, 9, 1, , 
2022/6/6, 15, 8, 1, , 
2022/6/7, 11, 6, 1, , 1
2022/6/8, 9, 11, 1, , 
2022/6/9, 24, 13, 1, , 1
2022/6/10, 31, 14, 1, , 1
2022/6/11, 27, 12, 1, , 
2022/6/12, 21, 12, , , 
2022/6/13, 22, 9, 1, , 
2022/6/14, 15, 12, 1, , 1
2022/6/15, 21, 14, 1, , 1
2022/6/16, 30, 10, 1, , 1
2022/6/17, 17, 15, 1, , 1
2022/6/18, 32, 24, 1, , 1
2022/6/19, 53, 30, 1, , 1
2022/6/20, 61, 18, 1, , 
2022/6/21, 41, 20, 1, , 
2022/6/22, 51, 18, 1, , 
2022/6/23, 41, 21, 1, , 
2022/6/24, 51, 12, 1, , 
2022/6/25, 22, 14, 1, , 
2022/6/26, 32, 16, 1, , 
2022/6/27, 34, 16, 1, , 
2022/6/28, 30, 16, 1, , 
2022/6/29, 24, 18, , , 
2022/6/30, 28, 14, 1, , 
2022/7/1, 25, 9, 1, , 
2022/5/2, 21, 12, 1, , 1
2022/5/3, 21, 12, 1, , 1
2022/5/4, 25, 21, 2, , 1
2022/5/5, 51, 26, 2, , 1
2022/5/6, 58, 26, 2, , 1
2022/5/7, 67, 23, 1, , 1
2022/5/8, 56, 12, 1, , 
2022/5/9, 21, 14, 1, , 
2022/5/10, 26, 14, 1, , 
2022/5/11, 24, 20, 2, , 
2022/5/12, 42, 19, 2, , 
2022/5/13, 45, 19, 2, , 
2022/5/14, 48, 19, 2, , 
2022/5/15, 30, 14, 2, , 
2022/5/16, 30, 16, 1, , 
2022/5/17, 35, 14, 1, , 
2022/5/18, 40, 16, 1, , 
2022/5/19, 38, 20, 1, , 1
2022/5/20, 55, 23, 1, , 1
2022/5/21, 57, 24, 1, , 
2022/5/22, 62, 22, 1, , 
2022/5/23, 62, 16, 2, , 1
2022/5/24, 43, 19, 1, , 1
2022/5/25, 50, 20, 1, , 1
2022/5/26, 49, 20, 1, , 1
2022/5/27, 56, 16, 2, , 1
2022/5/28, 33, 12, 1, , 
2022/5/29, 20, 11, 1, , 
2022/5/30, 20, 11, 1, , 
2022/5/31, 16, 10, 1, , 
2022/6/1, 13, 10, 1, , 
2022/4/2, 26, 10, 3, , 1
2022/4/3, 30, 15, 3, , 1
2022/4/4, 42, 19, 3, , 1
2022/4/5, 53, 19, 3, , 1
2022/4/6, 47, 13, 1, , 
2022/4/7, 28, 12, 1, , 1
2022/4/8, 35, 11, 2, , 1
2022/4/9, 22, 15, 1, , 1
2022/4/10, 43, 27, 1, , 1
2022/4/11, 58, 25, 1, , 1
2022/4/12, 57, 30, 2, , 1
2022/4/13, 74, 14, 1, , 1
2022/4/14, 30, 10, 1, , 1
2022/4/15, 18, 7, 1, , 1
2022/4/16, 9, 10, 1, , 1
2022/4/17, 24, 14, 1, , 1
2022/4/18, 37, 17, 2, , 1
2022/4/19, 51, 18, 3, , 
2022/4/20, 50, 20, 4, , 1
2022/4/21, 53, 25, 3, , 1
2022/4/22, 59, 22, 3, , 
2022/4/23, 59, 19, 2, , 
2022/4/24, 44, 16, 2, , 
2022/4/25, 33, 29, 2, , 1
2022/4/26, 65, 34, 4, , 1
2022/4/27, 64, 16, 1, , 
2022/4/28, 26, 13, 2, , 
2022/4/29, 33, 14, 2, , 
2022/4/30, 31, 11, 2, , 
2022/5/1, 27, 11, 1, , 
2022/3/2, 29, 10, 4, , 2
2022/3/4, 36, 10, 2, , 1
2022/3/5, 32, 12, 2, , 1
2022/3/6, 32, 18, 1, , 1
2022/3/7, 56, 5, 1, , 1
2022/3/8, 17, 9, 2, , 1
2022/3/9, 34, 11, 7, , 1
2022/3/10, 39, 15, 6, , 1
2022/3/11, 46, 18, 4, , 1
2022/3/12, 50, 17, 3, , 1
2022/3/13, 47, 18, 5, , 1
2022/3/14, 54, 11, 4, , 1
2022/3/15, 26, 8, 2, , 1
2022/3/16, 12, 13, 4, , 1
2022/3/17, 29, 11, 2, , 1
2022/3/18, 30, 11, 2, , 1
2022/3/19, 28, 7, 1, , 1
2022/3/20, 13, 9, 1, , 
2022/3/21, 19, 11, 1, , 1
2022/3/22, 30, 12, 4, , 1
2022/3/23, 39, 14, 5, , 1
2022/3/24, 47, 14, 5, , 1
2022/3/25, 43, 15, 4, , 1
2022/3/26, 42, 23, 4, , 1
2022/3/27, 48, 12, 3, , 
2022/3/28, 30, 13, 1, , 1
2022/3/29, 34, 13, 3, , 1
2022/3/30, 35, 17, 3, , 1
2022/3/31, 43, 11, 1, , 1
2022/4/1, 26, 9, 1, , 1
2022/2/2, 17, 5, 1, , 1
2022/2/3, 23, 7, 1, , 1
2022/2/4, 22, 6, 1, , 1
2022/2/5, 18, 7, 2, , 1
2022/2/6, 23, 5, 3, , 1
2022/2/7, 21, 6, 1, , 1
2022/2/8, 18, 6, 2, , 1
2022/2/9, 29, 8, 3, , 1
2022/2/10, 29, 10, 8, , 1
2022/2/11, 38, 15, 11, , 1
2022/2/12, 36, 10, 5, , 1
2022/2/13, 34, 19, 2, , 1
2022/2/14, 59, 10, 6, , 1
2022/2/15, 31, 8, 8, , 1
2022/2/16, 28, 4, 2, , 1
2022/2/17, 26, 5, 5, , 2
2022/2/18, 24, 9, 6, , 1
2022/2/19, 24, 9, 5, , 1
2022/2/20, 26, 9, 1, , 1
2022/2/21, 29, 8, 1, , 2
2022/2/22, 32, 6, 1, , 2
2022/2/23, 28, 5, 1, , 1
2022/2/24, 25, 8, 1, , 3
2022/2/25, 38, 14, 2, , 1
2022/2/26, 54, 22, 6, , 1
2022/2/27, 56, 21, 3, , 1
2022/1/4, 19, 6, 1, , 1
2022/1/5, 17, 7, 7, , 2
2022/1/6, 26, 8, 8, , 2
2022/1/7, 29, 7, 1, , 1
2022/1/8, 13, 6, 3, , 2
2022/1/9, 28, 9, 2, , 1
2022/1/10, 51, 8, 6, , 1
2022/1/11, 39, 7, 7, , 2
2022/1/12, 22, 4, 1, , 1
2022/1/13, 14, 5, 1, , 2
2022/1/14, 20, 4, 1, , 1
2022/1/15, 16, 5, 2, , 1
2022/1/16, 21, 5, 3, , 2
2022/1/17, 14, 7, 2, , 1
2022/1/18, 39, 11, 6, , 1
2022/1/19, 36, 8, 10, , 4
2022/1/20, 25, 8, 7, , 2
2022/1/21, 20, 9, 8, , 3
2022/1/22, 21, 7, 2, , 1
2022/1/23, 17, 7, 3, , 1
2022/1/24, 21, 6, 5, , 1
2022/1/25, 19, 9, 9, , 1
2022/1/26, 28, 11, 8, , 2
2022/1/27, 40, 12, 2, , 1
2022/1/28, 40, 10, 3, , 1
2022/1/29, 28, 6, 1, , 1
2022/1/30, 17, 5, 1, , 1
2022/1/31, 14, 4, 1, , 2
2022/2/1, 15, 5, 4, , 3
2021/10/2, 15, 11, 1, , 1
2021/10/3, 18, 15, 1, , 
2021/10/4, 32, 27, 1, , 
2021/10/5, 69, 16, 1, , 
2021/10/6, 33, 10, 2, , 
2021/10/7, 20, 11, 1, , 
2021/10/8, 17, 9, 1, , 
2021/10/9, 20, 12, 1, , 
2021/10/10, 28, 19, 1, , 
2021/10/11, 46, 11, 1, , 
2021/10/12, 24, 9, 2, , 
2021/10/13, 16, 13, 3, , 
2021/10/14, 27, 20, 3, , 
2021/10/15, 48, 12, 2, , 
2021/10/16, 31, 10, 2, , 
2021/10/17, 21, 8, 1, , 
2021/10/18, 11, 8, 3, , 
2021/10/19, 29, 11, 4, , 
2021/10/20, 31, 7, 2, , 
2021/10/21, 13, 7, 2, , 
2021/10/22, 8, 7, 2, , 
2021/10/23, 17, 5, 3, , 
2021/10/24, 10, 11, 2, , 
2021/10/25, 37, 14, 3, , 
2021/10/26, 35, 18, 4, , 
2021/10/27, 48, 10, 1, , 
2021/10/28, 29, 10, 1, , 
2021/10/29, 21, 11, 3, , 
2021/10/30, 35, 13, 2, , 1
2021/10/31, 35, 15, 2, , 1
2021/11/1, 46, 13, 2, , 1
2021/11/2, 36, 11, 3, , 1
2021/11/3, 32, 9, 2, , 1
2021/11/4, 16, 9, 2, , 1
2021/11/5, 19, 10, 3, , 1
2021/11/6, 22, 12, 4, , 1
2021/11/7, 32, 16, 2, , 1
2021/11/8, 47, 14, 3, , 1
2021/11/9, 42, 9, 2, , 1
2021/11/10, 16, 7, 1, , 1
2021/11/11, 12, 7, 1, , 1
2021/11/12, 13, 7, 3, , 1
2021/11/13, 13, 8, 2, , 1
2021/11/14, 18, 8, 1, , 1
2021/11/15, 14, 10, 1, , 1
2021/11/16, 26, 8, 2, , 1
2021/11/17, 20, 11, 3, , 1
2021/11/18, 33, 8, 2, , 1
2021/11/19, 33, 16, 2, , 1
2021/11/20, 47, 12, 4, , 1
2021/11/21, 35, 18, 3, , 1
2021/11/22, 54, 15, 4, , 1
2021/11/23, 46, 7, 1, , 1
2021/11/24, 19, 5, 1, , 
2021/11/25, 14, 6, 1, , 1
2021/11/26, 18, 4, 1, , 1
2021/11/27, 13, 5, 4, , 1
2021/11/28, 16, 6, 3, , 1
2021/11/29, 20, 7, 2, , 2
2021/11/30, 21, 11, 3, , 2
2021/12/1, 27, 9, 2, , 1
2021/12/2, 23, 6, 2, , 2
2021/12/3, 18, 7, 1, , 1
2021/12/4, 19, 5, 3, , 1
2021/12/5, 14, 5, 2, , 1
2021/12/6, 16, 8, 3, , 2
2021/12/7, 32, 10, 4, , 1
2021/12/8, 24, 15, 5, , 1
2021/12/10, 44, 14, 5, , 2
2021/12/11, 51, 13, 2, , 2
2021/12/12, 35, 14, 1, , 1
2021/12/13, 39, 8, 1, , 
2021/12/14, 14, 9, 1, , 1
2021/12/15, 19, 12, 1, , 1
2021/12/16, 41, 20, 4, , 3
2021/12/17, 65, 13, 3, , 1
2021/12/18, 36, 3, 1, , 1
2021/12/19, 5, 6, 2, , 1
2021/12/20, 15, 8, 1, , 1
2021/12/21, 24, 12, 4, , 1
2021/12/22, 39, 10, 1, , 1
2021/12/23, 24, 8, 1, , 1
2021/12/24, 19, 7, 4, , 1
2021/12/25, 19, 5, 5, , 1
2021/12/26, 17, 4, 5, , 1
2021/12/27, 15, 3, 3, , 1
2021/12/28, 7, 5, 2, , 1
2021/12/29, 13, 7, 3, , 2
2021/12/30, 13, 11, 2, , 1
2021/12/31, 39, 4, 1, , 1
2022/1/1, 5, 3, 1, , 1
2022/1/2, 10, 9, 2, , 2
2022/1/3, 28, 9, 1, , 1
2021/7/2, 33, 17, 1, , 
2021/7/3, 26, 11, 1, , 
2021/7/4, 18, 17, 1, , 
2021/7/5, 29, 12, 1, , 
2021/7/6, 13, 12, 1, , 
2021/7/7, 10, 15, 1, , 
2021/7/8, 23, 12, 1, , 
2021/7/9, 12, 14, 2, , 
2021/7/10, 16, 11, 2, , 
2021/7/11, 10, 12, 1, , 
2021/7/12, 12, 17, 1, , 
2021/7/13, 30, 14, 1, , 
2021/7/14, 15, 13, 1, , 
2021/7/15, 14, 18, 1, , 
2021/7/16, 26, 20, 1, , 
2021/7/17, 37, 21, 1, , 
2021/7/18, 39, 18, 1, , 
2021/7/19, 27, 17, 1, , 
2021/7/20, 22, 18, 1, , 
2021/7/21, 29, 21, 1, , 
2021/7/22, 41, 27, 1, , 
2021/7/23, 56, 27, 1, , 
2021/7/24, 55, 26, 1, , 
2021/7/25, 51, 24, 1, , 
2021/7/26, 45, 21, 1, , 
2021/7/27, 37, 13, 1, , 
2021/7/28, 13, 11, 1, , 
2021/7/29, 10, 19, 2, , 
2021/7/30, 28, 19, 1, , 
2021/7/31, 31, 11, 1, , 
2021/8/1, 10, 10, 1, , 
2021/8/2, 11, 16, 1, , 
2021/8/3, 24, 27, 1, , 1
2021/8/4, 53, 28, 1, , 1
2021/8/5, 57, 24, 1, , 
2021/8/6, 45, 32, 1, , 
2021/8/7, 63, 23, 1, , 
2021/8/8, 38, 18, 1, , 
2021/8/9, 24, 10, 1, , 
2021/8/10, 7, 11, 1, , 
2021/8/11, 8, 9, 1, , 
2021/8/12, 9, 10, 1, , 
2021/8/13, 16, 9, 1, , 
2021/8/14, 12, 9, 1, , 
2021/8/15, 12, 9, 1, , 
2021/8/16, 15, 15, , , 
2021/8/17, 26, 14, 1, , 1
2021/8/18, 28, 9, 1, , 1
2021/8/19, 13, 12, 1, , 
2021/8/20, 19, 15, 1, , 
2021/8/21, 30, 17, 1, , 
2021/8/22, 34, 19, 1, , 1
2021/8/23, 34, 14, 1, , 1
2021/8/24, 19, 17, 1, , 1
2021/8/25, 35, 11, 1, , 1
2021/8/26, 16, 11, 1, , 1
2021/8/27, 13, 10, 1, , 1
2021/8/28, 18, 14, 1, , 1
2021/8/29, 32, 20, 1, , 1
2021/8/30, 48, 18, 1, , 1
2021/8/31, 47, 14, 1, , 1
2021/9/1, 29, 9, 1, , 1
2021/9/2, 19, 9, 1, , 1
2021/9/3, 25, 7, 1, , 1
2021/9/4, 22, 6, 1, , 1
2021/9/5, 27, 5, 1, , 1
2021/9/6, 31, 1, 1, , 1
2021/9/7, 30, 2, 1, , 1
2021/9/8, 37, 2, 1, , 1
2021/9/9, 37, 2, 1, , 1
2021/9/10, 21, 3, 1, , 1
2021/9/11, 20, 6, 1, , 1
2021/9/12, 32, 3, 1, , 1
2021/9/13, 29, 4, 1, , 
2021/9/14, 21, 5, 1, , 1
2021/9/15, 26, 3, 1, , 1
2021/9/16, 21, 2, 1, , 1
2021/9/17, 28, 5, 1, , 1
2021/9/18, 42, 3, 1, , 1
2021/9/19, 30, 1, 1, , 1
2021/9/20, 26, 1, 2, , 1
2021/9/21, 35, 2, 2, , 1
2021/9/22, 43, 5, 1, , 1
2021/9/23, 36, 3, 1, , 1
2021/9/24, 30, 4, 1, , 1
2021/9/25, 14, 6, 1, , 1
2021/9/26, 19, 14, 2, , 
2021/9/27, 48, 20, 2, , 1
2021/9/28, 58, 32, 3, , 1
2021/9/29, 76, 27, 2, , 1
2021/9/30, 66, 19, 1, , 1
2021/10/1, 41, 12, 1, , 1
2021/4/11, 35, 13, 2, , 1
2021/4/12, 46, 18, 2, , 1
2021/4/13, 56, 14, 1, , 1
2021/4/14, 36, 10, 1, , 1
2021/4/15, 22, 12, 1, , 1
2021/4/16, 32, 15, 2, , 1
2021/4/17, 44, 16, 2, , 1
2021/4/18, 41, 8, 1, , 1
2021/4/19, 11, 15, 1, , 1
2021/4/20, 40, 20, 1, , 1
2021/4/21, 45, 13, 2, , 1
2021/4/22, 40, 12, 2, , 1
2021/4/23, 46, 10, 3, , 1
2021/4/24, 37, 11, 2, , 1
2021/4/25, 37, 8, 1, , 
2021/4/26, 27, 4, 2, , 
2021/4/27, 17, 10, 3, , 1
2021/4/28, 42, 12, 4, , 1
2021/4/29, 51, 22, 3, , 1
2021/4/30, 61, 7, 1, , 1
2021/5/1, 22, 10, 2, , 1
2021/5/2, 35, 4, 1, , 
2021/5/3, 18, 8, 1, , 
2021/5/4, 29, 14, 1, , 1
2021/5/5, 51, 10, 1, , 1
2021/5/6, 40, 11, 1, , 1
2021/5/7, 29, 11, 2, , 1
2021/5/8, 36, 36, 1, , 
2021/5/9, 82, 28, 1, , 1
2021/5/10, 65, 6, 1, , 
2021/5/11, 14, 4, 1, , 1
2021/5/12, 18, 7, 1, , 1
2021/5/13, 24, 8, 2, , 1
2021/5/14, 32, 12, 2, , 1
2021/5/15, 40, 12, 2, , 1
2021/5/16, 32, 11, 1, , 
2021/5/17, 41, 11, 1, , 
2021/5/18, 13, 10, 1, , 
2021/5/19, 17, 13, 2, , 1
2021/5/20, 33, 9, 1, , 
2021/5/21, 20, 5, 2, , 1
2021/5/22, 18, 3, 1, , 1
2021/5/23, 14, 2, 1, , 1
2021/5/24, 14, 4, 1, , 1
2021/5/25, 11, 9, 1, , 
2021/5/26, 31, 7, 1, , 
2021/5/27, 36, 2, 1, , 1
2021/5/28, 39, 5, 1, , 1
2021/5/29, 29, 5, 1, , 1
2021/5/30, 24, 2, 1, , 
2021/5/31, 11, 2, 1, , 
2021/6/1, 11, 1, 1, , 
2021/6/2, 20, 4, 2, , 
2021/6/3, 31, 6, 2, , 
2021/6/4, 42, 6, 1, , 
2021/6/5, 21, 1, 1, , 
2021/6/6, 19, 1, 1, , 
2021/6/7, 43, 10, 1, , 
2021/6/8, 43, 26, 1, , 1
2021/6/9, 54, 22, 1, , 1
2021/6/10, 49, 22, 1, , 
2021/6/11, 46, 26, 1, , 
2021/6/12, 58, 23, 2, , 1
2021/6/13, 52, 17, 1, , 
2021/6/14, 31, 16, 1, , 
2021/6/15, 26, 17, 1, , 1
2021/6/16, 27, 15, 1, , 
2021/6/17, 20, 14, 1, , 
2021/6/18, 18, 19, 1, , 
2021/6/19, 35, 20, 1, , 
2021/6/20, 39, 13, 1, , 
2021/6/21, 13, 13, 1, , 
2021/6/22, 15, 16, 2, , 1
2021/6/23, 25, 16, 2, , 1
2021/6/24, 26, 15, 1, , 1
2021/6/25, 22, 16, 1, , 
2021/6/26, 26, 16, 1, , 
2021/6/27, 24, 22, 1, , 1
2021/6/28, 48, 17, 1, , 
2021/6/29, 30, 16, 1, , 1
2021/6/30, 31, 16, 1, , 
2021/7/1, 24, 19, 1, , 
2021/1/5, 16, 9, 7, , 9
2021/1/6, 27, 9, 8, , 11
2021/1/7, 29, 6, 5, , 10
2021/1/8, 16, 8, 2, , 12
2021/1/9, 18, 5, 2, , 9
2021/1/10, 16, 8, 1, , 9
2021/1/11, 15, 8, 3, , 9
2021/1/12, 25, 10, 10, , 11
2021/1/13, 38, 11, 4, , 10
2021/1/14, 34, 12, 1, , 9
2021/1/15, 39, 10, 7, , 10
2021/1/16, 31, 12, 1, , 9
2021/1/17, 47, 6, 1, , 9
2021/1/18, 24, 5, 4, , 10
2021/1/19, 23, 8, 2, , 9
2021/1/20, 31, 3, 2, , 10
2021/1/21, 26, 9, 9, , 11
2021/1/22, 46, 10, 7, , 11
2021/1/23, 54, 6, 9, , 10
2021/1/24, 42, 8, 9, , 10
2021/1/25, 57, 7, 8, , 11
2021/1/26, 52, 12, 11, , 12
2021/1/27, 64, 6, 4, , 11
2021/1/28, 41, 5, 3, , 11
2021/1/29, 31, 5, 1, , 10
2021/1/30, 22, 6, , , 
2021/1/31, 27, 6, 3, , 10
2021/2/1, 37, 5, 3, , 14
2021/2/2, 35, 10, 1, , 10
2021/2/3, 49, 8, 1, , 10
2021/2/4, 33, 8, 4, , 11
2021/2/5, 29, 8, 3, , 12
2021/2/6, 34, 18, 5, , 12
2021/2/7, 63, 18, 3, , 12
2021/2/8, 62, 5, 1, , 10
2021/2/9, 21, 6, 1, , 10
2021/2/10, 21, 8, 1, , 12
2021/2/11, 37, 7, 1, , 10
2021/2/12, 40, 8, 7, , 12
2021/2/13, 38, 11, 10, , 12
2021/2/14, 51, 14, 10, , 12
2021/2/15, 64, 21, 18, , 14
2021/2/16, 76, 6, 1, , 10
2021/2/17, 30, 4, 1, , 11
2021/2/18, 23, 2, 1, , 11
2021/2/19, 16, 4, 4, , 11
2021/2/20, 30, 12, 1, , 12
2021/2/21, 53, 8, 4, , 11
2021/2/22, 42, 12, 12, , 11
2021/2/23, 68, 4, 1, , 10
2021/2/24, 40, 2, 1, , 11
2021/2/25, 27, 3, 2, , 11
2021/2/26, 26, 3, 2, , 11
2021/2/27, 37, 3, 6, , 10
2021/2/28, 26, 2, 5, , 11
2021/3/1, 30, 6, 5, , 12
2021/3/2, 44, 3, 5, , 12
2021/3/3, 39, 2, 4, , 12
2021/3/4, 32, 4, 6, , 12
2021/3/5, 41, 4, 2, , 11
2021/3/6, 30, 3, 1, , 10
2021/3/7, 20, 2, 2, , 11
2021/3/8, 19, 1, 2, , 11
2021/3/9, 25, 1, 4, , 11
2021/3/10, 34, 4, 2, , 11
2021/3/11, 36, 3, 3, , 11
2021/3/12, 41, 11, 6, , 11
2021/3/13, 53, 11, 5, , 12
2021/3/14, 56, 4, 3, , 11
2021/3/15, 29, 5, 4, , 11
2021/3/16, 35, 8, 2, , 6
2021/3/17, 39, 20, 1, , 1
2021/3/18, 48, 3, 1, , 1
2021/3/19, 33, 1, 2, , 1
2021/3/20, 33, 1, 3, , 1
2021/3/21, 37, 2, 3, , 2
2021/3/22, 27, 2, 1, , 1
2021/3/23, 31, 1, 1, , 1
2021/3/24, 37, 19, 2, , 
2021/3/25, 61, 36, 5, , 1
2021/3/26, 83, 23, 1, , 1
2021/3/27, 51, 18, 3, , 1
2021/3/28, 38, 26, 3, , 1
2021/3/29, 62, 12, 1, , 
2021/3/30, 15, , , , 
2020/10/2, 65, 26, 3, , 1
2020/10/3, 70, 16, 2, , 1
2020/10/4, 57, 11, 1, , 1
2020/10/5, 39, 7, 1, , 1
2020/10/6, 26, 5, 1, , 1
2020/10/7, 23, 3, 1, , 1
2020/10/8, 29, 3, 2, , 2
2020/10/9, 36, 2, 3, , 2
2020/10/10, 41, 4, 2, , 1
2020/10/11, 53, 4, 1, , 1
2020/10/12, 41, 7, 2, , 1
2020/10/13, 42, 4, 1, , 1
2020/10/14, 42, 3, 1, , 1
2020/10/15, 37, 7, 1, , 1
2020/10/16, 36, 6, 2, , 2
2020/10/17, 47, 6, 2, , 2
2020/10/18, 48, 8, 1, , 2
2020/10/19, 54, 2, 2, , 2
2020/10/20, 43, 11, 3, , 2
2020/10/21, 61, 8, 3, , 2
2020/10/22, 63, 3, 4, , 3
2020/10/23, 49, 2, 2, , 3
2020/10/24, 31, 1, 1, , 2
2020/10/25, 21, 2, 1, , 2
2020/10/26, 34, , 1, , 2
2020/10/27, 21, 1, 3, , 3
2020/10/28, 21, 1, 2, , 3
2020/10/29, 26, 8, 1, , 3
2020/10/30, 29, 10, 2, , 3
2020/10/31, 21, 13, 3, , 4
2020/11/1, 35, 14, 1, , 3
2020/11/2, 36, 13, 2, , 5
2020/11/3, 31, 12, 1, , 3
2020/11/4, 24, 9, 1, , 4
2020/11/5, 17, 13, 2, , 4
2020/11/6, 32, 17, 2, , 4
2020/11/7, 41, 18, 3, , 3
2020/11/8, 44, 22, 1, , 4
2020/11/9, 49, 8, 1, , 4
2020/11/10, 15, 8, 1, , 4
2020/11/11, 17, 8, 2, , 3
2020/11/12, 16, 11, 3, , 5
2020/11/13, 30, 14, 1, , 5
2020/11/14, 40, 16, 3, , 5
2020/11/15, 41, 14, 2, , 4
2020/11/16, 42, 17, 2, , 5
2020/11/17, 39, 12, 7, , 4
2020/11/18, 29, 24, 9, , 8
2020/11/19, 65, 21, 2, , 5
2020/11/20, 45, 12, 2, , 6
2020/11/21, 19, 8, 1, , 4
2020/11/22, 9, 8, 2, , 4
2020/11/23, 16, 7, 1, , 4
2020/11/24, 17, 8, 3, , 5
2020/11/25, 23, 11, 4, , 6
2020/11/26, 32, 11, 2, , 5
2020/11/27, 26, 8, 4, , 5
2020/11/28, 24, 8, 4, , 6
2020/11/29, 21, 10, 3, , 5
2020/11/30, 28, 8, 3, , 5
2020/12/1, 19, 8, 1, , 5
2020/12/2, 17, 7, 2, , 6
2020/12/3, 26, 6, 3, , 6
2020/12/4, 17, 7, 2, , 6
2020/12/5, 19, 8, 3, , 6
2020/12/6, 28, 7, 3, , 7
2020/12/7, 25, 14, 2, , 6
2020/12/8, 30, 9, 2, , 6
2020/12/9, 32, 7, 2, , 6
2020/12/10, 27, 5, 4, , 8
2020/12/11, 17, 10, 6, , 8
2020/12/12, 39, 8, 4, 1, 7
2020/12/13, 35, 6, 2, , 6
2020/12/14, 21, 4, 1, , 6
2020/12/15, 15, 5, 1, , 6
2020/12/16, 11, 5, 1, , 7
2020/12/17, 9, 6, 1, , 7
2020/12/18, 14, 6, 2, , 8
2020/12/19, 24, 6, 1, , 7
2020/12/20, 19, 4, 1, , 7
2020/12/21, 11, 6, 1, , 8
2020/12/22, 19, 9, 7, , 9
2020/12/23, 38, 10, 7, , 10
2020/12/24, 36, 20, 6, , 10
2020/12/25, 63, 19, 1, , 8
2020/12/26, 56, 8, 1, , 7
2020/12/27, 23, 8, 4, , 10
2020/12/28, 26, 21, 7, , 11
2020/12/29, 69, 11, 3, , 9
2020/12/30, 42, 5, 4, , 8
2020/12/31, 13, 4, 1, , 7
2021/1/1, 12, 6, , , 7
2021/1/2, 16, 4, 1, , 7
2021/1/3, 13, 6, 2, , 8
2021/1/4, 14, 5, 1, , 8
2020/7/2, 27, 13, 1, , 1
2020/7/3, 13, 18, 1, , 
2020/7/4, 22, 20, 1, , 1
2020/7/5, 26, 16, 1, , 
2020/7/6, 23, 19, 1, , 
2020/7/7, 29, 17, 1, , 
2020/7/8, 22, 13, 1, , 
2020/7/9, 18, 16, 1, , 
2020/7/10, 29, 24, 2, , 
2020/7/11, 49, 16, 1, , 
2020/7/12, 25, 14, 1, , 
2020/7/13, 25, 21, 1, , 
2020/7/14, 28, 20, 1, , 
2020/7/15, 32, 15, 1, , 2
2020/7/16, 11, 18, 1, , 1
2020/7/17, 21, 19, 1, , 1
2020/7/18, 29, 19, 1, , 1
2020/7/19, 25, 16, 1, , 1
2020/7/20, 15, 21, 1, , 1
2020/7/21, 32, 26, 1, , 1
2020/7/22, 49, 17, 1, , 1
2020/7/23, 24, 9, 1, , 1
2020/7/24, 8, 10, 1, , 1
2020/7/25, 13, 12, 1, , 1
2020/7/26, 19, 8, 1, , 1
2020/7/27, 7, 8, 1, , 1
2020/7/28, 11, 8, 1, , 1
2020/7/29, 8, 13, 1, , 
2020/7/30, 22, 14, 1, , 1
2020/7/31, 24, 14, 1, , 1
2020/8/1, 29, 13, 1, , 1
2020/8/2, 24, 14, 1, , 
2020/8/3, 31, 22, 1, , 1
2020/8/4, 49, 48, 1, , 
2020/8/5, 94, 52, 1, , 
2020/8/6, 87, 44, 1, , 1
2020/8/7, 72, 25, 1, , 1
2020/8/8, 40, 19, 1, , 1
2020/8/9, 33, 10, 1, , 1
2020/8/10, 14, 18, 1, , 
2020/8/11, 26, 21, 1, , 
2020/8/12, 33, 17, 1, , 
2020/8/13, 25, 21, 1, , 
2020/8/14, 41, 21, 1, , 1
2020/8/15, 41, 23, 1, , 1
2020/8/16, 37, 20, 1, , 1
2020/8/17, 40, 15, 1, , 1
2020/8/18, 23, 13, 1, , 1
2020/8/19, 24, 21, 1, , 1
2020/8/20, 41, 22, 1, , 1
2020/8/21, 37, 14, 1, , 1
2020/8/22, 28, 9, 1, , 1
2020/8/23, 10, 14, 1, , 1
2020/8/24, 22, 17, 1, , 1
2020/8/25, 33, 17, 1, , 1
2020/8/26, 31, 24, 1, , 1
2020/8/27, 48, 26, 1, , 1
2020/8/28, 48, 31, 1, , 1
2020/8/29, 55, 28, 1, , 1
2020/8/30, 52, 7, 1, , 
2020/8/31, 9, 7, , , 
2020/9/2, 10, 16, 1, , 1
2020/9/3, 21, 15, 1, , 
2020/9/4, 19, 9, 1, , 
2020/9/5, 16, 1, 1, , 
2020/9/6, 16, 1, 1, , 
2020/9/7, 14, 1, 1, , 
2020/9/8, 15, , , , 
2020/9/15, 11, 1, 1, , 1
2020/9/16, 18, 1, 1, , 1
2020/9/17, 29, 17, 1, , 1
2020/9/18, 41, 12, 1, , 4
2020/9/19, 22, 16, 1, , 2
2020/9/20, 29, 16, 1, , 1
2020/9/21, 40, 17, 1, , 1
2020/9/22, 31, 15, 1, , 1
2020/9/23, 24, , , , 1
2020/9/26, 13, 4, 1, , 
2020/9/27, 12, 7, 1, , 
2020/9/28, 16, 12, 2, , 1
2020/9/29, 28, 12, 2, , 
2020/9/30, 39, 22, 2, , 1
2020/10/1, 64, 16, 2, , 1
2020/4/2, 64, 3, 1, , 1
2020/4/3, 26, 5, 1, , 1
2020/4/4, 56, 4, 1, , 1
2020/4/5, 51, 1, 1, , 1
2020/4/6, 20, 4, 1, , 
2020/4/7, 23, 9, 1, , 1
2020/4/8, 65, 5, 1, , 1
2020/4/9, 48, 1, 2, , 1
2020/4/10, 30, 1, 2, , 
2020/4/11, 19, 2, 1, , 
2020/4/12, 26, 1, 2, , 1
2020/4/13, 32, 1, 1, , 1
2020/4/14, 22, 2, 1, , 2
2020/4/15, 33, 3, 3, , 1
2020/4/16, 41, 1, 3, , 1
2020/4/17, 26, 4, 3, , 1
2020/4/18, 42, 3, 2, , 1
2020/4/19, 38, 1, 1, , 
2020/4/20, 12, 1, 1, , 1
2020/4/21, 7, 2, 1, , 1
2020/4/22, 19, 3, 1, , 1
2020/4/23, 21, 2, 1, , 1
2020/4/24, 16, 1, 2, , 1
2020/4/25, 26, 3, 1, , 1
2020/4/26, 41, 4, 1, , 1
2020/4/27, 37, 2, 1, , 1
2020/4/28, 32, 4, 1, , 1
2020/4/29, 43, 3, 1, , 1
2020/4/30, 41, 3, 3, , 1
2020/5/1, 58, 6, 2, , 1
2020/5/2, 69, 18, 1, , 1
2020/5/3, 78, 17, 2, , 1
2020/5/4, 73, 14, 2, , 
2020/5/5, 57, 4, 2, , 
2020/5/6, 11, 1, 1, , 
2020/5/7, 23, 1, 1, , 
2020/5/8, 34, 2, 1, , 1
2020/5/9, 33, 6, 1, , 1
2020/5/10, 41, 5, 1, , 1
2020/5/11, 20, 10, 1, , 1
2020/5/12, 40, 28, 2, , 1
2020/5/13, 60, 12, 1, , 1
2020/5/14, 46, 2, 2, , 
2020/5/15, 22, 13, 2, , 1
2020/5/16, 46, 9, 2, , 1
2020/5/17, 46, 9, 1, , 1
2020/5/18, 26, 8, 1, , 1
2020/5/19, 28, 1, 1, , 
2020/5/20, 7, 1, 1, , 1
2020/5/21, 10, 2, 1, , 1
2020/5/22, 18, 3, 2, , 1
2020/5/23, 24, 4, 2, , 1
2020/5/24, 31, 6, 2, , 1
2020/5/25, 22, 7, 1, , 
2020/5/26, 19, 4, 1, , 1
2020/5/27, 19, 5, 2, , 1
2020/5/28, 28, 4, 1, , 
2020/5/29, 26, 4, 1, , 
2020/5/30, 22, 4, 1, , 
2020/5/31, 21, 2, 2, , 
2020/6/1, 26, 7, 2, , 1
2020/6/2, 36, 9, 1, , 
2020/6/3, 36, 14, 1, , 1
2020/6/4, 51, 12, 2, , 1
2020/6/5, 49, 21, 1, , 
2020/6/6, 48, 10, 1, , 
2020/6/7, 26, 2, 1, , 
2020/6/8, 14, 4, 1, , 
2020/6/9, 17, 5, 1, , 1
2020/6/10, 31, 9, 2, , 1
2020/6/11, 57, 6, 3, , 1
2020/6/12, 52, 1, 1, , 
2020/6/13, 27, 2, 1, , 
2020/6/14, 38, 11, 1, , 
2020/6/15, 45, 13, 1, , 
2020/6/16, 25, 11, 1, , 
2020/6/17, 24, 4, 1, , 
2020/6/18, 10, 9, 1, , 
2020/6/19, 20, 12, 1, , 
2020/6/20, 30, 12, 1, , 
2020/6/21, 17, 14, 1, , 
2020/6/22, 17, 16, 1, , 
2020/6/23, 32, 14, 1, , 
2020/6/24, 24, 15, 1, , 
2020/6/25, 25, 19, 1, , 1
2020/6/26, 26, 11, 1, , 1
2020/6/27, 8, 17, 1, , 1
2020/6/28, 27, 14, 1, , 
2020/6/29, 10, 14, 1, , 1
2020/6/30, 9, 16, 1, , 1
2020/7/1, 19, 18, 1, , 
2020/1/2, 20, 8, 1, , 1
2020/1/3, 21, 7, 1, , 1
2020/1/4, 16, 8, 1, , 1
2020/1/5, 22, 8, 1, , 
2020/1/6, 31, 8, 3, , 2
2020/1/7, 33, 14, 10, , 2
2020/1/8, 46, 6, 7, , 3
2020/1/9, 23, 7, 8, , 
2020/1/10, 37, 12, 7, , 1
2020/1/11, 44, 9, 6, , 2
2020/1/12, 33, 11, 5, , 1
2020/1/13, 37, 9, 5, , 1
2020/1/14, 38, 8, 5, , 1
2020/1/15, 34, 7, 6, , 2
2020/1/16, 31, 6, 2, , 1
2020/1/17, 19, 7, 2, , 1
2020/1/18, 22, 10, 5, , 1
2020/1/19, 43, 12, 5, , 1
2020/1/20, 46, 7, 3, , 2
2020/1/21, 26, 9, 1, , 1
2020/1/22, 33, 8, 2, , 2
2020/1/23, 28, 12, 8, , 2
2020/1/24, 53, 13, 3, , 2
2020/1/25, 49, 6, 1, , 
2020/1/26, 13, 4, 1, , 2
2020/1/27, 16, 7, 4, , 1
2020/1/28, 37, 9, 6, , 2
2020/1/29, 33, 7, 7, , 1
2020/1/30, 21, 5, 3, , 2
2020/1/31, 15, 4, 2, , 1
2020/2/1, 9, 4, 2, , 1
2020/2/2, 10, 5, 1, , 1
2020/2/3, 23, 5, 2, , 1
2020/2/4, 22, 5, 2, , 1
2020/2/5, 25, 4, 2, , 1
2020/2/6, 25, 4, 2, , 1
2020/2/7, 17, 3, 5, , 3
2020/2/8, 21, 4, 3, , 1
2020/2/9, 20, 3, 2, , 1
2020/2/10, 18, 4, 7, , 
2020/2/11, 29, 4, 4, , 
2020/2/12, 19, 6, 4, , 
2020/2/13, 32, 13, 11, , 
2020/2/14, 64, 15, 5, , 
2020/2/15, 59, 9, 1, , 
2020/2/16, 30, 4, 2, , 
2020/2/17, 15, 3, 2, , 
2020/2/18, 15, 2, 1, , 
2020/2/19, 13, 2, 1, , 
2020/2/20, 21, 3, 2, , 
2020/2/21, 34, 5, 4, , 
2020/2/22, 45, 8, 3, , 
2020/2/23, 46, 14, , , 
2020/2/24, 62, 8, 1, , 2
2020/2/25, 42, 10, 3, , 1
2020/2/26, 59, 4, 3, , 1
2020/2/27, 41, 2, 3, , 1
2020/2/28, 30, 1, 2, , 1
2020/2/29, 18, 2, 2, , 1
2020/3/1, 22, 2, 1, , 
2020/3/2, 21, 3, 3, , 1
2020/3/3, 21, 2, 1, , 
2020/3/4, 20, 2, 3, , 1
2020/3/5, 32, 3, 2, , 1
2020/3/6, 18, 2, 1, , 1
2020/3/7, 15, 1, 3, , 1
2020/3/8, 23, 6, 4, , 1
2020/3/9, 39, 6, 4, , 1
2020/3/10, 43, 9, 5, , 1
2020/3/11, 39, 5, 2, , 1
2020/3/12, 14, 3, 1, , 1
2020/3/13, 29, 8, 1, , 1
2020/3/14, 38, 4, 2, , 1
2020/3/15, 34, 3, 3, , 1
2020/3/16, 32, 2, 2, , 
2020/3/17, 17, 2, 1, , 1
2020/3/18, 27, 4, 2, , 1
2020/3/19, 50, 7, 2, , 1
2020/3/20, 58, 5, 1, , 
2020/3/21, 35, 4, 1, , 1
2020/3/22, 40, 6, 3, , 1
2020/3/23, 59, 1, 1, , 1
2020/3/24, 19, 1, 1, , 1
2020/3/25, 18, 2, 2, , 
2020/3/26, 29, 3, 3, , 1
2020/3/27, 45, 2, 3, , 2
2020/3/28, 41, 2, 1, , 
2020/3/29, 26, 3, 2, , 
2020/3/30, 44, , , , 
2019/10/2, 95, 53, 4, , 2
2019/10/3, 121, 55, 5, , 1
2019/10/4, 127, 23, 3, , 1
2019/10/5, 47, 12, 1, , 1
2019/10/6, 26, 7, 2, , 1
2019/10/7, 16, 8, 2, , 1
2019/10/8, 24, 8, 2, , 1
2019/10/9, 21, 10, 2, , 1
2019/10/10, 27, 18, 3, , 1
2019/10/11, 54, 33, 5, , 2
2019/10/12, 88, 13, 2, , 1
2019/10/13, 31, 7, 2, , 
2019/10/14, 22, 8, 2, , 1
2019/10/15, 28, 6, 2, , 1
2019/10/16, 22, 5, 2, , 1
2019/10/17, 20, 8, 2, , 1
2019/10/18, 32, 4, 4, , 1
2019/10/19, 32, 7, 4, , 1
2019/10/20, 33, 5, 1, , 1
2019/10/21, 24, 11, 4, , 1
2019/10/22, 44, 11, 4, , 1
2019/10/23, 47, 14, 4, , 1
2019/10/24, 55, 13, 3, , 1
2019/10/25, 50, 7, 3, , 1
2019/10/26, 38, 3, 2, , 
2019/10/27, 15, 4, 1, , 1
2019/10/28, 19, 4, 3, , 1
2019/10/29, 29, 2, 3, , 3
2019/10/30, 33, 9, 1, , 3
2019/10/31, 42, 15, 1, , 4
2019/11/1, 34, 18, 1, , 4
2019/11/2, 42, 10, 2, , 4
2019/11/3, 23, 13, 2, , 3
2019/11/4, 27, 10, 2, , 4
2019/11/5, 23, 10, 3, , 3
2019/11/6, 22, 13, 2, , 2
2019/11/7, 28, 10, 2, , 2
2019/11/8, 24, 9, 1, , 
2019/11/9, 16, 11, 1, , 1
2019/11/10, 25, 10, 2, , 3
2019/11/11, 27, 12, 5, , 2
2019/11/12, 33, 12, 3, , 1
2019/11/13, 34, 13, 4, , 2
2019/11/14, 31, 11, 2, , 1
2019/11/15, 32, 8, 2, , 1
2019/11/16, 19, 9, 1, , 
2019/11/17, 23, 9, 2, , 1
2019/11/18, 31, 13, 5, , 3
2019/11/19, 35, 13, 1, , 1
2019/11/20, 40, 8, 2, , 1
2019/11/21, 21, 6, 3, , 2
2019/11/22, 23, 14, 6, , 2
2019/11/23, 44, 16, 5, , 2
2019/11/24, 49, 17, 4, , 2
2019/11/25, 46, 10, 2, , 1
2019/11/26, 20, 14, 6, , 2
2019/11/27, 40, 11, 4, , 2
2019/11/28, 32, 8, 2, , 1
2019/11/29, 21, 6, 3, , 1
2019/11/30, 14, 7, 4, , 1
2019/12/1, 25, 8, 4, , 2
2019/12/2, 28, 9, 5, , 2
2019/12/3, 27, 8, 1, , 1
2019/12/4, 20, 10, 1, , 1
2019/12/5, 28, 7, 1, , 1
2019/12/6, 21, 6, 4, , 2
2019/12/7, 17, 9, 4, , 1
2019/12/8, 28, 9, 1, , 
2019/12/9, 33, 8, 6, , 2
2019/12/10, 33, 9, 4, , 3
2019/12/11, 36, 18, 4, , 3
2019/12/12, 54, 15, 1, , 1
2019/12/13, 41, 10, 3, , 1
2019/12/14, 29, 8, 3, , 2
2019/12/15, 21, 9, 2, , 2
2019/12/16, 29, 9, 4, , 2
2019/12/17, 27, 9, 4, , 3
2019/12/18, 25, 11, 2, , 1
2019/12/19, 32, 8, 2, 1, 2
2019/12/20, 17, 7, 1, , 2
2019/12/26, 7, 14, 9, , 3
2019/12/27, 47, 10, 7, , 2
2019/12/28, 24, 7, 3, , 1
2019/12/29, 19, 13, 6, , 
2019/12/30, 45, , , , 
2019/7/2, 28, 15, 1, , 
2019/7/3, 35, 16, 2, , 1
2019/7/4, 39, 17, 2, , 
2019/7/5, 36, 16, 1, , 1
2019/7/6, 36, 12, 1, , 
2019/7/7, 22, 11, 2, , 
2019/7/8, 27, 15, 2, , 
2019/7/9, 34, 13, 2, , 
2019/7/10, 25, 14, 2, , 
2019/7/11, 31, 20, 2, , 1
2019/7/12, 55, 14, 2, , 1
2019/7/13, 17, 11, 1, , 
2019/7/14, 21, 14, 2, , 
2019/7/15, 17, 8, 1, , 
2019/7/16, 5, 10, 1, , 
2019/7/17, 19, 16, 1, , 
2019/7/18, 36, 21, 2, , 1
2019/7/19, 47, 20, 2, , 
2019/7/20, 37, 21, 1, , 
2019/7/21, 34, 12, 1, , 
2019/7/22, 13, 15, 1, , 
2019/7/23, 26, 16, 2, , 
2019/7/24, 25, 20, 2, , 
2019/7/25, 37, 30, 2, , 1
2019/7/26, 61, 25, 2, , 1
2019/7/27, 51, 23, 2, , 
2019/7/28, 44, 23, 2, , 
2019/7/29, 34, 19, 1, , 
2019/7/30, 34, 22, 1, , 1
2019/7/31, 42, 20, 2, , 
2019/8/1, 20, 22, 2, , 
2019/8/2, 37, 25, 1, , 
2019/8/3, 34, 26, 2, , 1
2019/8/4, 45, 30, 1, , 1
2019/8/5, 67, 41, 3, , 1
2019/8/6, 79, 35, 2, , 1
2019/8/7, 71, 28, 2, , 1
2019/8/8, 60, 28, 2, , 1
2019/8/9, 63, 16, 1, , 1
2019/8/10, 15, 15, 1, , 1
2019/8/11, 23, 12, 1, , 1
2019/8/12, 30, 18, 2, , 1
2019/8/13, 38, 20, 2, , 
2019/8/14, 44, 13, 1, , 1
2019/8/15, 14, 12, 1, , 1
2019/8/16, 13, 14, 1, , 1
2019/8/17, 20, 19, 1, , 1
2019/8/18, 25, 24, 3, , 1
2019/8/19, 51, 22, 2, , 1
2019/8/20, 49, 11, 2, , 1
2019/8/21, 12, 14, 2, , 1
2019/8/22, 15, 16, 2, , 1
2019/8/23, 19, 14, 1, , 1
2019/8/24, 18, 13, 1, , 1
2019/8/25, 13, 8, 1, , 
2019/8/26, 9, 7, 2, , 1
2019/8/27, 12, 10, 1, , 1
2019/8/28, 25, 12, 3, , 
2019/8/29, 29, 9, 1, , 1
2019/8/30, 11, 12, 2, , 1
2019/8/31, 16, 15, 1, , 1
2019/9/1, 29, 12, 1, , 
2019/9/2, 29, 13, 1, , 1
2019/9/3, 28, 16, 2, , 1
2019/9/4, 39, 12, 2, , 1
2019/9/5, 28, 18, 2, , 1
2019/9/6, 33, 17, 2, , 1
2019/9/7, 12, 17, 2, , 1
2019/9/8, 25, 23, 2, , 1
2019/9/9, 51, 18, 2, , 1
2019/9/10, 34, 16, 2, , 1
2019/9/11, 38, 13, 3, , 1
2019/9/12, 29, 8, 2, , 
2019/9/13, 13, 9, 2, , 1
2019/9/14, 18, 12, 2, , 1
2019/9/15, 29, 15, 2, , 1
2019/9/16, 34, 13, 2, , 1
2019/9/17, 27, 9, 2, , 1
2019/9/18, 25, 11, 1, , 1
2019/9/19, 24, 7, 1, , 
2019/9/20, 17, 11, 2, , 1
2019/9/21, 32, 12, 3, , 1
2019/9/22, 38, 15, 2, , 1
2019/9/23, 46, 12, 2, , 1
2019/9/24, 14, 12, 1, , 
2019/9/25, 18, 10, 2, , 
2019/9/26, 24, 10, 2, , 1
2019/9/27, 34, 18, 2, , 1
2019/9/28, 51, 43, 5, , 3
2019/9/29, 84, 21, 2, , 1
2019/9/30, 48, 32, 2, , 1
2019/10/1, 83, 43, 4, , 2
2019/4/2, 66, 15, 2, , 
2019/4/3, 49, 12, 1, , 2
2019/4/4, 50, 23, 2, , 2
2019/4/5, 88, 26, 1, , 1
2019/4/6, 108, 17, 1, , 1
2019/4/7, 73, 14, 2, , 1
2019/4/8, 55, 12, 3, , 1
2019/4/9, 46, 11, 3, , 1
2019/4/10, 48, 13, 4, , 1
2019/4/11, 49, 15, 3, , 1
2019/4/12, 45, 13, 3, , 2
2019/4/13, 48, 16, 2, , 1
2019/4/14, 62, 18, 3, , 1
2019/4/15, 65, 13, 2, , 1
2019/4/16, 36, 16, 2, , 1
2019/4/17, 69, 19, 3, , 1
2019/4/18, 86, 25, 4, , 1
2019/4/19, 88, 14, 1, , 1
2019/4/20, 43, 12, 1, , 
2019/4/21, 61, 16, 2, , 1
2019/4/22, 76, 18, 2, , 1
2019/4/23, 73, 35, 4, , 1
2019/4/24, 132, 32, 4, , 1
2019/4/25, 128, 22, 3, , 
2019/4/26, 48, 10, 2, , 1
2019/4/27, 14, 6, 2, , 1
2019/4/28, 15, 11, 2, , 
2019/4/29, 28, 13, 2, , 
2019/4/30, 29, 17, 5, , 1
2019/5/1, 26, 14, 2, , 1
2019/5/2, 24, 10, 1, , 
2019/5/3, 15, 12, 3, , 
2019/5/4, 25, 12, 3, , 1
2019/5/5, 32, 14, 3, , 1
2019/5/6, 42, 20, 2, , 1
2019/5/7, 45, 12, 2, , 
2019/5/8, 25, 19, 3, , 1
2019/5/9, 45, 22, 3, , 1
2019/5/10, 66, 21, 3, , 1
2019/5/11, 54, 11, 3, , 1
2019/5/12, 25, 9, 2, , 1
2019/5/13, 20, 11, 4, , 1
2019/5/14, 30, 14, 4, , 1
2019/5/15, 40, 18, 3, , 1
2019/5/16, 50, 19, 3, , 1
2019/5/17, 51, 17, 3, , 1
2019/5/18, 46, 16, 3, , 1
2019/5/19, 45, 18, 3, , 
2019/5/20, 44, 13, 1, , 
2019/5/21, 33, 12, 2, , 1
2019/5/22, 19, 14, 2, , 1
2019/5/23, 25, 15, 1, , 1
2019/5/24, 40, 22, 2, , 1
2019/5/25, 54, 21, 1, , 1
2019/5/26, 49, 30, 1, , 1
2019/5/27, 77, 32, 2, , 1
2019/5/28, 80, 21, 2, , 1
2019/5/29, 39, 10, 2, , 
2019/5/30, 13, 14, 1, , 
2019/5/31, 29, 15, 3, , 1
2019/6/1, 34, 14, 1, , 
2019/6/2, 38, 18, 1, , 
2019/6/3, 39, 19, 2, , 
2019/6/4, 38, 21, 2, , 
2019/6/5, 57, 29, 2, , 
2019/6/6, 69, 22, 1, , 
2019/6/7, 62, 11, 1, , 1
2019/6/8, 49, 3, 1, , 
2019/6/9, 19, 12, 2, , 
2019/6/10, 34, 16, 1, , 
2019/6/11, 40, 14, 2, , 
2019/6/12, 31, 12, 1, , 
2019/6/13, 29, 17, 2, , 
2019/6/14, 35, 17, 2, , 
2019/6/15, 46, 17, 2, , 
2019/6/16, 33, 7, 2, , 
2019/6/17, 17, 13, 3, , 1
2019/6/18, 13, 11, 2, , 
2019/6/19, 30, 16, 2, , 
2019/6/20, 39, 18, 2, , 1
2019/6/21, 47, 16, 1, , 
2019/6/22, 45, 20, 2, , 1
2019/6/23, 43, 12, 1, , 
2019/6/24, 15, 12, 1, , 
2019/6/25, 19, 16, 2, , 1
2019/6/26, 25, 14, 2, , 
2019/6/27, 29, 22, 3, , 1
2019/6/28, 50, 11, 1, , 1
2019/6/29, 19, 16, 2, , 
2019/6/30, 42, 10, 1, , 
2019/7/1, 14, 13, 2, , 7
2019/1/2, 31, 7, 2, , 
2019/1/3, 22, 3, 3, , 
2019/1/4, 22, 5, 4, , 3
2019/1/5, 33, 13, 2, , 2
2019/1/6, 53, 7, 2, , 1
2019/1/7, 39, 2, 2, , 2
2019/1/8, 17, 3, 2, , 10
2019/1/9, 20, 3, 1, , 1
2019/1/10, 19, 3, 1, , 2
2019/1/11, 28, 5, 2, , 1
2019/1/12, 26, 5, 8, , 1
2019/1/13, 31, 8, 7, , 1
2019/1/14, 38, 7, 8, , 2
2019/1/15, 43, 9, 5, , 3
2019/1/16, 41, 11, 2, , 2
2019/1/17, 39, 7, 1, , 
2019/1/18, 21, 5, 2, , 8
2019/1/19, 23, 5, 2, , 1
2019/1/20, 28, 12, 4, , 2
2019/1/21, 58, 5, 1, , 1
2019/1/22, 17, 6, 2, , 3
2019/1/23, 20, 9, 3, , 4
2019/1/24, 40, 6, 1, , 1
2019/1/25, 26, 6, 5, , 2
2019/1/26, 32, 6, 9, , 2
2019/1/27, 32, 5, 6, , 1
2019/1/28, 42, 9, 3, , 2
2019/1/29, 33, 7, 2, , 1
2019/1/30, 22, 10, 4, , 2
2019/1/31, 49, 13, 1, , 
2019/2/1, 31, 6, 1, , 2
2019/2/2, 18, 8, 1, , 1
2019/2/3, 37, 13, 3, , 3
2019/2/4, 45, 14, 2, , 2
2019/2/5, 47, 10, 2, , 2
2019/2/6, 46, 24, 13, , 5
2019/2/7, 76, 3, 8, , 3
2019/2/8, 44, 7, 1, , 1
2019/2/9, 25, 5, 5, , 1
2019/2/10, 26, 5, 2, , 1
2019/2/11, 30, 7, 5, , 1
2019/2/12, 46, 9, 2, , 2
2019/2/13, 36, 7, 2, , 2
2019/2/14, 34, 6, 2, , 1
2019/2/15, 28, 12, 4, , 2
2019/2/16, 45, 13, 2, , 2
2019/2/17, 43, 17, 2, , 1
2019/2/18, 53, 17, 5, , 2
2019/2/19, 50, 18, 12, , 3
2019/2/20, 63, 15, 10, , 3
2019/2/21, 61, 16, 5, , 2
2019/2/22, 45, 39, 7, , 2
2019/2/23, 109, 20, 5, , 1
2019/2/24, 51, 10, 3, , 1
2019/2/25, 32, 19, 2, , 1
2019/2/26, 62, 23, 3, , 1
2019/2/27, 73, 46, 4, , 1
2019/2/28, 137, 38, 7, , 2
2019/3/1, 109, 32, 5, , 2
2019/3/2, 97, 54, 5, , 2
2019/3/3, 153, 38, 5, , 2
2019/3/4, 100, 28, 5, , 2
2019/3/5, 82, 27, 6, , 2
2019/3/6, 79, 20, 4, , 2
2019/3/7, 63, 15, 4, , 1
2019/3/8, 42, 13, 4, , 1
2019/3/9, 36, 16, 3, , 2
2019/3/10, 51, 23, 3, , 1
2019/3/11, 61, 12, 3, , 1
2019/3/12, 39, 10, 2, , 1
2019/3/13, 42, 14, 4, , 2
2019/3/14, 42, 2, 2, , 1
2019/3/15, 19, 5, 3, , 1
2019/3/16, 48, 10, 2, , 1
2019/3/17, 32, 12, 1, , 1
2019/3/18, 50, 15, 2, , 
2019/3/19, 45, 16, 3, , 1
2019/3/20, 197, 23, 3, , 2
2019/3/21, 119, 23, 4, , 2
2019/3/22, 72, 8, 1, , 1
2019/3/23, 22, 8, 1, , 1
2019/3/24, 22, 9, 2, , 1
2019/3/25, 43, 13, 3, , 1
2019/3/26, 69, 29, 3, , 1
2019/3/27, 111, 14, 4, , 2
2019/3/28, 59, 10, 3, , 1
2019/3/29, 39, 11, 4, , 1
2019/3/30, 51, 11, 4, , 
2019/3/31, 37, 5, 2, , 1
2019/4/1, 33, 17, 3, , 1
2018/10/2, 29, 11, 2, , 1
2018/10/3, 24, 12, 3, , 1
2018/10/4, 55, 13, 3, , 1
2018/10/5, 70, 20, 3, , 1
2018/10/6, 83, 12, 2, , 1
2018/10/7, 56, 10, 1, , 1
2018/10/8, 36, 12, 2, , 1
2018/10/9, 57, 12, 3, , 1
2018/10/10, 70, 16, 3, , 1
2018/10/11, 65, 14, 3, , 2
2018/10/12, 59, 8, 1, , 1
2018/10/13, 24, 8, 3, , 
2018/10/14, 43, 11, 2, , 
2018/10/15, 56, 12, 3, , 2
2018/10/16, 57, 9, 2, , 1
2018/10/17, 49, 6, 2, , 1
2018/10/18, 42, 8, 2, , 1
2018/10/19, 41, 14, 4, , 1
2018/10/20, 62, 22, 4, , 2
2018/10/21, 76, 25, 4, , 
2018/10/22, 87, 28, 5, , 1
2018/10/23, 91, 19, 4, , 1
2018/10/24, 83, 11, 2, , 1
2018/10/25, 57, 13, 3, , 2
2018/10/26, 67, 17, 2, , 2
2018/10/27, 78, 11, 1, , 1
2018/10/28, 54, 5, 2, , 
2018/10/29, 25, 3, 1, , 1
2018/10/30, 22, 3, 1, , 1
2018/10/31, 17, 2, 1, , 1
2018/11/1, 25, 3, 2, , 1
2018/11/2, 22, 4, 2, , 1
2018/11/3, 32, 6, 3, , 2
2018/11/4, 39, 9, 4, , 1
2018/11/5, 44, 9, 5, , 2
2018/11/6, 40, 14, 7, , 2
2018/11/7, 58, 9, 6, , 1
2018/11/8, 51, 10, 6, , 2
2018/11/9, 48, 6, 4, , 1
2018/11/10, 43, 9, 3, , 2
2018/11/11, 28, 7, 2, , 1
2018/11/12, 40, 6, 4, , 2
2018/11/13, 48, 5, 3, , 1
2018/11/14, 42, 2, 4, , 1
2018/11/15, 32, 2, 4, , 1
2018/11/16, 21, 3, 2, , 1
2018/11/17, 30, 2, 2, , 1
2018/11/18, 16, 5, 3, , 1
2018/11/19, 31, , 3, , 1
2018/11/20, 26, , 3, , 2
2018/11/21, 40, , 3, , 2
2018/11/22, 46, , 3, , 1
2018/11/23, 28, , 1, , 1
2018/11/24, 17, , 5, , 1
2018/11/25, 29, 7, 3, , 2
2018/11/26, 37, , 4, , 2
2018/11/27, 63, 11, 4, , 3
2018/11/28, 56, 21, 2, , 2
2018/11/29, 100, , 1, , 1
2018/11/30, 51, 1, 2, , 1
2018/12/1, 39, 4, 4, , 1
2018/12/2, 36, 3, 3, , 2
2018/12/3, 55, 1, 6, , 3
2018/12/4, 56, 1, 3, , 2
2018/12/5, 40, 3, 1, , 1
2018/12/6, 29, 2, 5, , 2
2018/12/7, 28, , 3, , 3
2018/12/8, 24, 2, 1, , 1
2018/12/9, 17, 1, 1, , 1
2018/12/10, 20, 3, 1, , 2
2018/12/11, 21, 1, 6, , 3
2018/12/12, 33, 1, 6, , 2
2018/12/13, 25, , 6, , 3
2018/12/14, 28, 2, 3, , 2
2018/12/15, 38, 2, 4, , 2
2018/12/16, 24, 1, 4, , 1
2018/12/17, 28, 5, 7, , 6
2018/12/18, 66, 2, 2, , 2
2018/12/19, 53, , 3, , 2
2018/12/20, 43, , 1, , 1
2018/12/21, 46, , 5, , 2
2018/12/22, 31, , 11, , 3
2018/12/23, 39, 1, 5, , 3
2018/12/24, 57, 1, 1, , 1
2018/12/25, 13, 3, 3, , 1
2018/12/26, 18, 7, 1, , 2
2018/12/27, 47, 5, 1, , 1
2018/12/28, 19, 5, 1, , 1
2018/12/29, 11, 4, 1, , 1
2018/12/30, 12, 4, 2, , 1
2018/12/31, 13, , , , 
2018/7/2, 38, 19, 2, , 1
2018/7/3, 40, 15, 2, , 1
2018/7/4, 29, 15, 3, , 1
2018/7/5, 20, 9, 1, , 
2018/7/6, 9, 7, 2, , 2
2018/7/7, 7, 5, 1, , 
2018/7/8, 7, 9, 1, , 
2018/7/9, 31, 14, 2, , 1
2018/7/10, 37, 17, 3, , 1
2018/7/11, 43, 10, 1, , 
2018/7/12, 17, 15, 2, , 1
2018/7/13, 36, 20, 1, , 1
2018/7/14, 34, 25, 1, , 
2018/7/15, 58, 24, 1, , 
2018/7/16, 43, 26, 1, , 
2018/7/17, 53, 19, 2, , 1
2018/7/18, 44, 24, 2, , 1
2018/7/19, 50, 23, 2, , 1
2018/7/20, 46, 34, 1, , 1
2018/7/21, 62, 42, 2, , 
2018/7/22, 81, 36, 1, , 
2018/7/23, 67, 17, 2, , 1
2018/7/24, 36, 17, 2, , 
2018/7/25, 22, 23, 2, , 1
2018/7/26, 41, 20, 2, , 1
2018/7/27, 52, 21, 2, , 1
2018/7/28, 35, 17, 2, , 2
2018/7/29, 36, 12, 1, , 
2018/7/30, 23, 16, 2, , 
2018/7/31, 23, 22, 2, , 1
2018/8/1, 51, 20, 2, , 1
2018/8/2, 34, 19, 2, , 1
2018/8/3, 31, 18, 2, , 1
2018/8/4, 46, 21, 2, , 1
2018/8/5, 59, 8, 1, , 1
2018/8/6, 13, 8, 1, , 1
2018/8/7, 10, 10, 1, , 1
2018/8/8, 20, 6, 1, , 1
2018/8/9, 10, 8, 1, , 1
2018/8/10, 23, 13, 2, , 1
2018/8/11, 20, 12, 2, , 1
2018/8/12, 14, 13, 1, , 1
2018/8/13, 21, 15, 1, , 1
2018/8/14, 29, 19, 2, , 1
2018/8/15, 38, 12, 1, , 1
2018/8/16, 25, 8, 1, , 1
2018/8/17, 10, 8, 1, , 1
2018/8/18, 7, 9, 2, , 1
2018/8/19, 11, 13, 2, , 1
2018/8/20, 27, 16, 2, , 1
2018/8/21, 33, 23, 3, , 2
2018/8/22, 52, 16, 2, , 2
2018/8/23, 36, 17, 2, , 1
2018/8/24, 29, 18, 3, , 2
2018/8/25, 40, 11, 1, , 
2018/8/26, 19, 16, 1, , 1
2018/8/27, 22, 11, 1, , 1
2018/8/28, 22, 12, 2, , 1
2018/8/29, 17, 14, 2, , 1
2018/8/30, 31, 11, 2, , 1
2018/8/31, 31, 10, 1, , 1
2018/9/1, 17, 10, 1, , 
2018/9/2, 10, 12, 1, , 
2018/9/3, 27, 16, 2, , 1
2018/9/4, 35, 13, 1, , 1
2018/9/5, 29, 11, 2, , 
2018/9/6, 12, 16, 1, , 
2018/9/7, 23, 18, 1, , 
2018/9/8, 48, 10, 1, , 
2018/9/9, 13, 10, 1, , 
2018/9/10, 14, 6, 2, , 
2018/9/11, 10, 11, 2, , 1
2018/9/12, 22, 13, 2, , 1
2018/9/13, 30, 16, 2, , 1
2018/9/14, 43, 15, 2, , 1
2018/9/15, 34, 18, 2, , 1
2018/9/16, 45, 20, 2, , 1
2018/9/17, 49, 12, 1, , 1
2018/9/18, 29, 11, 2, , 1
2018/9/19, 24, 10, 1, , 1
2018/9/20, 28, 11, 2, , 1
2018/9/21, 34, 12, 2, , 1
2018/9/22, 34, 7, 2, , 1
2018/9/23, 28, 12, 2, , 1
2018/9/24, 22, 17, 1, , 1
2018/9/25, 44, 11, 3, , 
2018/9/26, 19, 12, 3, , 1
2018/9/27, 30, 13, 4, , 1
2018/9/28, 30, 9, 3, , 1
2018/9/29, 21, 15, 3, , 1
2018/9/30, 36, 14, 4, , 1
2018/10/1, 38, 11, 1, , 1
2018/4/2, 77, 16, 3, , 
2018/4/3, 59, 29, 2, , 
2018/4/4, 77, 11, 2, , 
2018/4/5, 28, 11, 1, , 
2018/4/6, 37, 18, 5, , 
2018/4/7, 66, 9, 3, , 
2018/4/8, 35, 24, 2, , 
2018/4/9, 76, 14, 1, , 
2018/4/10, 44, 14, 4, , 
2018/4/11, 53, 19, 2, , 
2018/4/12, 63, 21, 1, , 
2018/4/13, 60, 10, 1, , 
2018/4/14, 21, 11, 3, , 
2018/4/15, 41, 8, 2, , 
2018/4/16, 19, 9, 2, , 
2018/4/17, 24, 12, 3, , 
2018/4/18, 40, 20, 5, , 
2018/4/19, 54, 22, 4, , 
2018/4/20, 64, 29, 3, , 
2018/4/21, 84, 40, 3, , 
2018/4/22, 95, 45, 3, , 
2018/4/23, 96, 17, 2, , 
2018/4/24, 48, 13, 3, , 
2018/4/25, 30, 4, 1, , 
2018/4/26, 6, 15, 2, , 
2018/4/27, 47, 24, 2, , 
2018/4/28, 73, 47, 3, , 
2018/4/29, 123, 32, 2, , 
2018/4/30, 91, 28, 3, , 
2018/5/1, 79, 45, 2, , 
2018/5/2, 101, 33, 4, , 
2018/5/3, 94, 10, 2, , 
2018/5/4, 25, 13, 1, , 
2018/5/5, 35, 12, 2, , 
2018/5/6, 31, 24, 2, , 
2018/5/7, 63, 15, 2, , 
2018/5/8, 34, 8, 2, , 
2018/5/9, 19, 9, 3, , 
2018/5/10, 22, 11, 2, , 
2018/5/11, 24, 14, 1, , 
2018/5/12, 47, 24, 2, , 
2018/5/13, 66, 26, 4, , 
2018/5/14, 70, 17, 2, , 1
2018/5/15, 35, 16, 2, , 1
2018/5/16, 40, 30, 1, , 1
2018/5/17, 73, 17, 2, , 1
2018/5/18, 41, 6, 2, , 1
2018/5/19, 8, 4, 2, , 1
2018/5/20, 9, 9, 1, , 1
2018/5/21, 32, 12, 2, , 
2018/5/22, 31, 11, 3, , 1
2018/5/23, 33, 15, 3, , 1
2018/5/24, 41, 10, 2, , 
2018/5/25, 26, 17, 2, , 1
2018/5/26, 40, 12, 2, , 1
2018/5/27, 27, 9, 2, , 
2018/5/28, 24, 12, 2, , 1
2018/5/29, 36, 22, 2, , 1
2018/5/30, 56, 29, 3, , 1
2018/5/31, 64, 25, 2, , 1
2018/6/1, 69, 19, 1, , 1
2018/6/2, 44, 16, 1, , 1
2018/6/3, 35, 19, 1, , 1
2018/6/4, 53, 20, 2, , 1
2018/6/5, 57, 24, 2, , 1
2018/6/6, 65, 30, 3, , 1
2018/6/7, 78, 26, 2, , 
2018/6/8, 60, 25, 2, , 1
2018/6/9, 65, 11, 1, , 
2018/6/10, 17, 9, 1, , 
2018/6/11, 20, 11, 1, , 
2018/6/12, 28, 5, 1, , 
2018/6/13, 6, 6, 1, , 1
2018/6/14, 16, 7, 1, , 
2018/6/15, 11, 7, 1, , 1
2018/6/16, 16, 9, 1, , 1
2018/6/17, 28, 14, 1, , 1
2018/6/18, 38, 20, 2, , 1
2018/6/19, 42, 18, 2, , 1
2018/6/20, 53, 13, 2, , 1
2018/6/21, 27, 15, 2, , 1
2018/6/22, 29, 11, 1, , 1
2018/6/23, 17, 16, 2, , 1
2018/6/24, 40, 21, 1, , 1
2018/6/25, 53, 8, 2, , 1
2018/6/26, 12, 17, 3, , 1
2018/6/27, 41, 15, 2, , 2
2018/6/28, 31, 11, 1, , 1
2018/6/29, 23, 8, 1, , 1
2018/6/30, 15, 12, 1, , 1
2018/7/1, 26, 17, 1, , 
2018/1/2, 17, 4, 1, , 
2018/1/3, 25, 5, 3, , 
2018/1/4, 45, 2, 1, , 
2018/1/5, 18, 4, 5, , 
2018/1/6, 35, 3, 2, , 
2018/1/7, 26, 4, 4, , 
2018/1/8, 28, 5, 4, , 
2018/1/9, 28, 7, 2, , 
2018/1/10, 36, 10, 1, , 
2018/1/11, 44, 2, 1, , 
2018/1/12, 18, 2, 3, , 
2018/1/13, 25, 2, 4, , 
2018/1/14, 19, 3, 4, , 
2018/1/15, 24, 4, 2, , 
2018/1/16, 22, 9, 4, , 
2018/1/17, 56, 5, 7, , 
2018/1/18, 34, 9, 8, , 
2018/1/19, 56, 6, 3, , 
2018/1/20, 41, 4, 3, , 
2018/1/21, 34, 5, 1, , 
2018/1/22, 35, 5, 7, , 
2018/1/23, 30, 2, 4, , 
2018/1/24, 23, 2, 1, , 
2018/1/25, 19, 2, 3, , 
2018/1/26, 21, 2, 1, , 
2018/1/27, 19, 1, 1, , 
2018/1/28, 23, , 2, , 
2018/1/29, 22, , 2, , 
2018/1/30, 25, , 2, , 
2018/1/31, 22, , 5, , 
2018/2/1, 30, 3, 6, , 
2018/2/2, 37, 1, 9, , 
2018/2/3, 40, 1, 8, , 
2018/2/4, 40, 1, 3, , 
2018/2/5, 26, , 4, , 
2018/2/6, 35, , 3, , 
2018/2/7, 21, 1, 10, , 
2018/2/8, 29, , 4, , 
2018/2/9, 23, , 4, , 
2018/2/10, 38, , 4, , 
2018/2/11, 56, , 2, , 
2018/2/12, 51, , 1, , 
2018/2/13, 26, , 1, , 
2018/2/14, 24, , 4, , 
2018/2/15, 31, , 1, , 
2018/2/16, 27, , 3, , 
2018/2/17, 25, , 1, , 
2018/2/18, 47, , 1, , 
2018/2/19, 20, , 3, , 
2018/2/20, 28, , 2, , 
2018/2/21, 28, , 2, , 
2018/2/22, 29, , 4, , 
2018/2/23, 25, 3, 3, , 
2018/2/24, 35, 3, 6, , 
2018/2/25, 35, 3, 2, , 
2018/2/26, 34, 3, 3, , 
2018/2/27, 36, 3, 5, , 
2018/2/28, 27, 3, 7, , 
2018/3/1, 39, 3, 4, , 
2018/3/2, 22, , 1, , 
2018/3/3, 52, , 4, , 
2018/3/4, 52, , 4, , 
2018/3/5, 54, 3, 7, , 
2018/3/6, 33, 3, 2, , 
2018/3/7, 33, 3, 7, , 
2018/3/8, 40, 3, 9, , 
2018/3/9, 48, , 4, , 
2018/3/10, 18, , 2, , 
2018/3/11, 23, , 2, , 
2018/3/12, 49, , 4, , 
2018/3/28, 124, , 3, , 
2018/3/29, 89, , 2, , 
2018/3/30, 74, 11, 4, , 
2018/3/31, 31, 17, 3, , 
2018/4/1, 59, 25, 4, , 
2017/10/2, 49, 19, 2, , 
2017/10/3, 58, 12, 2, , 
2017/10/4, 20, 8, 1, , 
2017/10/5, 15, 11, 3, , 
2017/10/6, 31, 17, 5, , 
2017/10/7, 52, 22, 5, , 
2017/10/8, 63, 17, 3, , 
2017/10/9, 43, 22, 2, , 
2017/10/10, 53, 18, 4, , 
2017/10/11, 39, 8, 3, , 
2017/10/12, 9, 10, 2, , 
2017/10/13, 21, 12, 3, , 
2017/10/14, 33, 13, 2, , 
2017/10/15, 43, 12, 3, , 
2017/10/16, 40, 15, 4, , 
2017/10/17, 45, 14, 2, , 
2017/10/18, 38, 17, 5, , 
2017/10/19, 57, 26, 5, , 
2017/10/20, 82, 18, 3, , 
2017/10/21, 61, 10, 4, , 
2017/10/22, 28, 13, 4, , 
2017/10/23, 25, 9, 2, , 
2017/10/24, 15, 20, 3, , 
2017/10/25, 60, 22, 3, , 
2017/10/26, 67, 23, 5, , 
2017/10/27, 64, 25, 6, , 
2017/10/28, 76, 24, 6, , 
2017/10/29, 74, 26, 5, , 
2017/10/30, 71, 9, 1, , 
2017/10/31, 15, 18, 2, , 
2017/11/1, 60, 14, 2, , 
2017/11/2, 43, 30, 7, , 
2017/11/3, 89, 24, 5, , 
2017/11/4, 64, 11, 2, , 
2017/11/5, 23, 15, 3, , 
2017/11/6, 46, 17, 3, , 
2017/11/7, 53, 20, 3, , 
2017/11/8, 61, 20, 2, , 
2017/11/9, 55, 10, 1, , 
2017/11/10, 24, 8, 3, , 
2017/11/11, 30, 9, 1, , 
2017/11/12, 20, 7, 3, , 
2017/11/13, 22, 12, 4, , 
2017/11/14, 38, 13, 3, , 
2017/11/15, 43, 8, 3, , 
2017/11/16, 21, 5, 2, , 
2017/11/17, 14, 6, 4, , 
2017/11/18, 31, 7, 3, , 
2017/11/19, 23, 3, 1, , 
2017/11/20, 8, 6, 5, , 
2017/11/21, 22, 6, 6, , 
2017/11/22, 29, 6, 5, , 
2017/11/23, 25, 8, 6, , 
2017/11/24, 32, 6, 2, , 
2017/11/25, 26, 6, 2, , 
2017/11/26, 23, 5, 1, , 
2017/11/27, 24, 4, 4, , 
2017/11/28, 27, 8, 5, , 
2017/11/29, 35, 13, 4, , 
2017/11/30, 50, 4, 1, , 
2017/12/1, 13, 3, 1, , 
2017/12/2, 13, 5, 2, , 
2017/12/3, 24, 7, 3, , 
2017/12/4, 37, 16, 5, , 
2017/12/5, 66, 7, 3, , 
2017/12/6, 23, 3, 1, , 
2017/12/7, 14, 5, 5, , 
2017/12/8, 32, 3, 3, , 
2017/12/9, 11, 3, 1, , 
2017/12/10, 17, 6, 4, , 
2017/12/11, 42, 5, 4, , 
2017/12/12, 25, 4, 1, , 
2017/12/13, 16, 2, 1, , 
2017/12/14, 14, 6, 8, , 
2017/12/15, 32, 4, 7, , 
2017/12/16, 25, 6, 4, , 
2017/12/17, 27, 2, 2, , 
2017/12/18, 19, 2, 5, , 
2017/12/19, 24, 2, 5, , 
2017/12/20, 22, 3, 2, , 
2017/12/21, 29, 5, 6, , 
2017/12/22, 25, 7, 7, , 
2017/12/23, 40, 12, 5, , 
2017/12/24, 51, 18, 7, , 
2017/12/25, 77, 7, 2, , 
2017/12/26, 34, 4, 1, , 
2017/12/27, 23, 2, 1, , 
2017/12/28, 9, 3, 1, , 
2017/12/29, 19, 1, 2, , 
2017/12/30, 18, 3, 6, , 
2017/12/31, 32, 6, 9, , 
2018/1/1, 33, 3, 2, , 
2017/7/2, 82, 23, 1, , 
2017/7/3, 52, 19, 3, , 
2017/7/4, 41, 12, 1, , 
2017/7/5, 21, 14, 1, , 
2017/7/6, 26, 12, 1, , 
2017/7/7, 18, 16, 1, , 
2017/7/8, 45, 18, 2, , 
2017/7/9, 46, 21, 2, , 
2017/7/10, 41, 21, 2, , 
2017/7/11, 44, 25, 2, , 
2017/7/12, 57, 18, 1, , 
2017/7/13, 35, 21, 2, , 
2017/7/14, 42, 29, 2, , 
2017/7/15, 66, 32, 2, , 
2017/7/16, 70, 22, 2, , 
2017/7/17, 44, 16, 1, , 
2017/7/18, 25, 15, 1, , 
2017/7/19, 22, 16, 1, , 
2017/7/20, 36, 22, 2, , 
2017/7/21, 48, 25, 2, , 
2017/7/22, 58, 16, 1, , 
2017/7/23, 20, 13, 1, , 
2017/7/24, 16, 14, 2, , 
2017/7/25, 19, 14, 2, , 
2017/7/26, 20, 15, 2, , 
2017/7/27, 31, 18, 1, , 
2017/7/28, 45, 26, 2, , 
2017/7/29, 56, 19, 2, , 
2017/7/30, 41, 14, 1, , 
2017/7/31, 25, 11, 1, , 
2017/8/1, 11, 11, 1, , 
2017/8/2, 10, 16, 2, , 
2017/8/3, 28, 19, 2, , 
2017/8/4, 38, 24, 2, , 
2017/8/5, 49, 29, 1, , 
2017/8/6, 64, 21, 1, , 
2017/8/7, 43, 21, 1, , 
2017/8/8, 40, 13, 1, , 
2017/8/9, 13, 7, , , 
2017/8/10, 6, 6, 1, , 
2017/8/11, 7, 7, 1, , 
2017/8/12, 17, 5, , , 
2017/8/13, 7, 7, 1, , 
2017/8/14, 10, 8, 1, , 
2017/8/15, 11, 9, 2, , 
2017/8/16, 10, 8, 1, , 
2017/8/17, 13, 7, 1, , 
2017/8/18, 12, 9, 2, , 
2017/8/19, 9, 10, 1, , 
2017/8/20, 12, 13, 2, , 
2017/8/21, 21, 16, 1, , 
2017/8/22, 33, 21, 2, , 
2017/8/23, 49, 11, 3, , 
2017/8/24, 14, 15, 1, , 
2017/8/25, 27, 13, 2, , 
2017/8/26, 25, 12, 1, , 
2017/8/27, 38, 15, 2, , 
2017/8/28, 30, 20, 2, , 
2017/8/29, 49, 15, 1, , 
2017/8/30, 34, 11, 2, , 
2017/8/31, 10, 14, 2, , 
2017/9/1, 28, 17, 2, , 
2017/9/2, 32, 13, 2, , 
2017/9/3, 27, 15, 1, , 
2017/9/4, 28, 11, 1, , 
2017/9/5, 31, 15, 2, , 
2017/9/6, 33, 17, 3, , 
2017/9/7, 37, , , , 
2017/9/12, 47, 13, 1, , 
2017/9/13, 26, 13, 2, , 
2017/9/14, 16, 10, 1, , 
2017/9/15, 18, 10, 1, , 
2017/9/16, 20, 14, 2, , 
2017/9/17, 27, 16, 2, , 
2017/9/18, 35, 9, 1, , 
2017/9/19, 14, 13, 2, , 
2017/9/20, 25, 18, 1, , 
2017/9/21, 49, 13, 2, , 
2017/9/22, 23, 14, 2, , 
2017/9/23, 35, 17, 3, , 
2017/9/24, 35, 19, 2, , 
2017/9/25, 40, 22, 2, , 
2017/9/26, 50, 21, 3, , 
2017/9/27, 50, 22, 2, , 
2017/9/28, 54, 11, 2, , 
2017/9/29, 18, 10, 2, , 
2017/9/30, 27, 11, 2, , 
2017/10/1, 26, 18, 2, , 
2017/4/2, 43, 16, 3, , 
2017/4/3, 52, 19, 2, , 
2017/4/4, 63, 21, 3, , 
2017/4/5, 59, 23, 2, , 
2017/4/6, 67, 29, 2, , 
2017/4/7, 77, 13, 2, , 
2017/4/8, 28, 21, 3, , 
2017/4/9, 61, 12, 1, , 
2017/4/10, 20, 15, 3, , 
2017/4/11, 46, 21, 5, , 
2017/4/12, 63, 8, 1, , 
2017/4/13, 18, 15, 1, , 
2017/4/14, 44, 21, 2, , 
2017/4/15, 71, 19, 1, , 
2017/4/16, 55, 32, 3, , 
2017/4/17, 84, 32, 4, , 
2017/4/18, 84, 9, 2, , 
2017/4/19, 22, 10, 2, , 
2017/4/20, 19, 7, 3, , 
2017/4/21, 16, 13, 2, , 
2017/4/22, 41, 9, 1, , 
2017/4/23, 21, 9, 2, , 
2017/4/24, 22, 16, 3, , 
2017/4/25, 48, 22, 3, , 
2017/4/26, 70, 18, 3, , 
2017/4/27, 43, 11, 1, , 
2017/4/28, 31, 12, 2, , 
2017/4/29, 36, 12, 3, , 
2017/4/30, 39, 20, 1, , 
2017/5/1, 59, 12, 2, , 
2017/5/2, 28, 8, 2, , 
2017/5/3, 19, 14, 3, , 
2017/5/4, 35, 17, 4, , 
2017/5/5, 50, 19, 3, , 
2017/5/6, 56, 17, 2, , 
2017/5/7, 40, 21, 2, , 
2017/5/8, 47, 19, 2, , 
2017/5/9, 44, 10, 3, , 
2017/5/10, 30, 16, 4, , 
2017/5/11, 48, 14, 3, , 
2017/5/12, 26, 16, 2, , 
2017/5/13, 39, 16, 2, , 
2017/5/14, 38, 7, 1, , 
2017/5/15, 27, 9, 2, , 
2017/5/16, 25, 9, 1, , 
2017/5/17, 11, 8, , , 
2017/5/18, 20, 11, 2, , 
2017/5/19, 29, 12, 2, , 
2017/5/20, 28, 18, 1, , 
2017/5/21, 48, 28, 2, , 
2017/5/22, 72, 31, 2, , 
2017/5/23, 76, 31, 1, , 
2017/5/24, 81, 24, 1, , 
2017/5/25, 61, 21, 2, , 
2017/5/26, 52, 11, 2, , 
2017/5/27, 22, 8, 2, , 
2017/5/28, 17, 10, 1, , 
2017/5/29, 19, 11, 1, , 
2017/5/30, 28, 23, 2, , 
2017/5/31, 61, 37, 1, , 
2017/6/1, 87, 34, 2, , 
2017/6/2, 77, 11, 3, , 
2017/6/3, 13, 8, 2, , 
2017/6/4, 10, 6, , , 
2017/6/5, 7, 10, 2, , 
2017/6/6, 23, 11, 2, , 
2017/6/7, 29, 17, 3, , 
2017/6/8, 46, 11, 2, , 
2017/6/9, 23, 13, 1, , 
2017/6/10, 28, 12, 1, , 
2017/6/11, 26, 8, , , 
2017/6/12, 19, 12, 1, , 
2017/6/13, 28, 12, 1, , 
2017/6/14, 24, 14, 1, , 
2017/6/15, 30, 18, 3, , 
2017/6/16, 42, 13, 1, , 
2017/6/17, 29, 10, 1, , 
2017/6/18, 17, 16, 1, , 
2017/6/19, 39, 17, 1, , 
2017/6/20, 44, 21, 2, , 
2017/6/21, 46, 23, 3, , 
2017/6/22, 55, 14, 1, , 
2017/6/23, 26, 18, 1, , 
2017/6/24, 42, 18, 1, , 
2017/6/25, 52, 19, 1, , 
2017/6/26, 46, 9, 1, , 
2017/6/27, 8, 10, 1, , 
2017/6/28, 21, 12, 2, , 
2017/6/29, 27, 14, 2, , 
2017/6/30, 28, 21, 2, , 
2017/7/1, 55, 20, 1, , 
2017/1/3, 70, 18, 5, , 
2017/1/4, 60, 11, 4, , 
2017/1/5, 39, 6, 5, , 
2017/1/6, 16, 9, 7, , 
2017/1/7, 29, 8, 1, , 
2017/1/8, 22, 10, 5, , 
2017/1/9, 41, 16, 8, , 
2017/1/10, 57, 10, 1, , 
2017/1/11, 29, 6, 1, , 
2017/1/12, 10, 9, 1, , 
2017/1/13, 21, 8, 7, , 
2017/1/14, 26, 7, 7, , 
2017/1/15, 24, 6, 7, , 
2017/1/16, 18, 8, 13, , 
2017/1/17, 32, 10, 11, , 
2017/1/18, 31, 8, 8, , 
2017/1/19, 21, 6, 5, , 
2017/1/20, 22, 12, 8, , 
2017/1/21, 38, 8, 7, , 
2017/1/22, 24, 7, 3, , 
2017/1/23, 19, 6, 4, , 
2017/1/24, 15, 4, 3, , 
2017/1/25, 11, 8, 5, , 
2017/1/26, 35, 11, 5, , 
2017/1/27, 37, 10, 1, , 
2017/1/28, 35, 9, , , 
2017/1/29, 22, 11, 4, , 
2017/1/30, 40, 13, 4, , 
2017/1/31, 46, 6, 2, , 
2017/2/1, 18, 9, 4, , 
2017/2/2, 27, 9, 1, , 
2017/2/3, 15, 9, 2, , 
2017/2/4, 32, 11, 4, , 
2017/2/5, 37, 16, 7, , 
2017/2/6, 55, 10, 7, , 
2017/2/7, 32, 7, 2, , 
2017/2/8, 14, 6, 3, , 
2017/2/9, 16, 9, 7, , 
2017/2/10, 32, 10, 7, , 
2017/2/11, 29, 9, 7, , 
2017/2/12, 26, 6, 3, , 
2017/2/13, 21, 5, 3, , 
2017/2/14, 12, 6, 5, , 
2017/2/15, 19, 9, 4, , 
2017/2/16, 27, 18, 4, , 
2017/2/17, 59, 12, 3, , 
2017/2/18, 32, 8, 1, , 
2017/2/19, 17, 9, 3, , 
2017/2/20, 31, 7, 6, , 
2017/2/21, 23, 6, 2, , 
2017/2/22, 13, 8, 4, , 
2017/2/23, 32, 9, 4, , 
2017/2/24, 39, 10, 1, , 
2017/2/25, 33, 7, 2, , 
2017/2/26, 25, 9, 2, , 
2017/2/27, 36, 7, 4, , 
2017/2/28, 26, 11, 6, , 
2017/3/1, 39, 13, 6, , 
2017/3/2, 46, 18, 10, , 
2017/3/3, 60, 15, 4, , 
2017/3/4, 45, 15, 3, , 
2017/3/5, 50, 12, 3, , 
2017/3/6, 45, 11, 6, , 
2017/3/7, 41, 9, 2, , 
2017/3/8, 28, 8, 2, , 
2017/3/9, 27, 13, 2, , 
2017/3/10, 51, 9, 2, , 
2017/3/11, 28, 9, 5, , 
2017/3/12, 34, 12, 5, , 
2017/3/13, 43, 14, 6, , 
2017/3/14, 51, 13, 8, , 
2017/3/15, 44, 10, 4, , 
2017/3/16, 33, 11, 6, , 
2017/3/17, 35, 8, 4, , 
2017/3/18, 26, 16, 5, , 
2017/3/19, 53, 12, 3, , 
2017/3/20, 37, 13, 3, , 
2017/3/21, 58, 29, 6, , 
2017/3/22, 93, 12, 2, , 
2017/3/23, 32, 8, 1, , 
2017/3/24, 23, 7, 2, , 
2017/3/25, 22, 7, 2, , 
2017/3/26, 32, 11, 2, , 
2017/3/27, 36, 10, 5, , 
2017/3/28, 35, 18, 2, , 
2017/3/29, 57, 24, 2, , 
2017/3/30, 75, 29, 3, , 
2017/3/31, 87, 14, 3, , 
2017/4/1, 37, 14, 4, , 
2016/10/20, 131, 41, 6, , 
2016/10/21, 50, 23, 2, , 
2016/10/22, 30, 13, 2, , 
2016/10/23, 52, 17, 2, , 
2016/10/24, 18, 10, 1, , 
2016/10/25, 26, 9, 1, , 
2016/10/26, 54, 16, 4, , 
2016/10/27, 36, 11, 2, , 
2016/10/28, 22, 11, 1, , 
2016/10/29, 49, 15, 5, , 
2016/10/30, 29, 12, 3, , 
2016/10/31, 47, 12, 3, , 
2016/11/1, 43, 13, 3, , 
2016/11/2, 52, 16, 4, , 
2016/11/3, 35, 10, 4, , 
2016/11/4, 27, 9, 3, , 
2016/11/5, 47, 13, 2, , 
2016/11/6, 64, 20, 5, , 
2016/11/7, 29, 13, 1, , 
2016/11/8, 42, 11, 5, , 
2016/11/9, 36, 10, 4, , 
2016/11/10, 22, 8, 1, , 
2016/11/11, 36, 10, 5, , 
2016/11/12, 39, 10, 7, , 
2016/11/13, 26, 9, 4, , 
2016/11/14, 38, 15, 3, , 
2016/11/15, 47, 15, 6, , 
2016/11/16, 46, 17, 2, , 
2016/11/17, 13, 7, 1, , 
2016/11/18, 21, 7, 1, , 
2016/11/19, 60, 13, 3, , 
2016/11/20, 69, 20, 6, , 
2016/11/21, 34, 13, 3, , 
2016/11/22, 45, 13, 6, , 
2016/11/23, 50, 15, 6, , 
2016/11/24, 5, 5, 1, , 
2016/11/25, 32, 6, 5, , 
2016/11/26, 24, 7, 3, , 
2016/11/27, 32, 8, 5, , 
2016/11/28, 57, 14, 4, , 
2016/11/29, 58, 18, 3, , 
2016/11/30, 30, 11, 1, , 
2016/12/1, 41, 12, 7, , 
2016/12/2, 29, 12, 4, , 
2016/12/3, 31, 12, , , 
2016/12/4, 38, 12, 5, , 
2016/12/5, 37, 11, 2, , 
2016/12/6, 61, 19, 6, , 
2016/12/7, 41, 12, 2, , 
2016/12/8, 33, 7, 4, , 
2016/12/9, 34, 9, 6, , 
2016/12/10, 18, 6, 4, , 
2016/12/11, 18, 6, 1, , 
2016/12/12, 12, 5, 1, , 
2016/12/13, 40, 10, 7, , 
2016/12/14, 56, 16, 6, , 
2016/12/15, 59, 18, 7, , 
2016/12/16, 17, 8, 6, , 
2016/12/17, 14, 5, 3, , 
2016/12/18, 18, 7, 1, , 
2016/12/19, 77, 15, 5, , 
2016/12/20, 71, 1, 9, , 
2016/12/21, 114, 31, 12, , 
2016/12/22, 119, 41, 8, , 
2016/12/23, 84, 30, 14, , 
2016/12/24, 8, 5, 1, , 
2016/12/25, 27, 6, 4, , 
2016/12/26, 17, 5, 3, , 
2016/12/27, 14, 5, 2, , 
2016/12/28, 39, 10, 7, , 
2016/12/29, 29, 9, 7, , 
2016/12/30, 30, 9, 2, , 
2016/12/31, 25, 8, 1, , 
2017/1/1, 26, 9, 2, , 
2016/7/2, 53, 12, 2, , 
2016/7/3, 39, 4, , , 
2016/7/4, 13, 6, 1, , 
2016/7/5, 13, 3, 2, , 
2016/7/6, 20, 2, 2, , 
2016/7/7, 13, , 2, , 
2016/7/8, 17, 1, 2, , 
2016/7/9, 13, 2, 2, , 
2016/7/10, 30, 1, 1, , 
2016/7/11, 41, , 1, , 
2016/7/12, 12, , 2, , 
2016/7/13, 17, , 2, , 
2016/7/14, 33, , 3, , 
2016/7/15, 18, , 1, , 
2016/7/16, 10, , 2, , 
2016/7/17, 25, , 3, , 
2016/7/18, 38, , 2, , 
2016/7/19, 18, , 1, , 
2016/7/20, 8, , 1, , 
2016/7/21, 19, , 2, , 
2016/7/22, 18, , 2, , 
2016/7/23, 23, , 2, , 
2016/7/24, 23, , 1, , 
2016/7/25, 11, , 1, , 
2016/7/26, 18, , 2, , 
2016/7/27, 19, , 3, , 
2016/7/28, 22, , 1, , 
2016/7/29, 38, , 1, , 
2016/7/30, 59, 1, 2, , 
2016/7/31, 66, 1, 2, , 
2016/8/1, 61, , 1, , 
2016/8/2, 35, , 1, , 
2016/8/3, 16, 2, 2, , 
2016/8/4, 33, 2, 1, , 
2016/8/5, 40, 1, 2, , 
2016/8/6, 34, , 1, , 
2016/8/7, 44, , 3, , 
2016/8/8, 63, , 2, , 
2016/8/9, 55, 4, 1, , 
2016/8/10, 19, , 2, , 
2016/8/11, 9, , 2, , 
2016/8/12, 17, , 2, , 
2016/8/13, 17, , 2, , 
2016/8/14, 24, , 2, , 
2016/8/15, 10, , 2, , 
2016/8/16, 13, , 2, , 
2016/8/17, 21, , 3, , 
2016/8/18, 8, 4, 2, , 
2016/8/19, 10, , 2, , 
2016/8/20, 15, , 2, , 
2016/8/21, 23, , 2, , 
2016/8/22, 10, , 3, , 
2016/8/23, 12, , 1, , 
2016/8/24, 8, , 2, , 
2016/8/25, 18, , 2, , 
2016/8/26, 28, , 2, , 
2016/8/27, 14, , 1, , 
2016/8/28, 8, , 2, , 
2016/8/29, 15, , 1, , 
2016/8/30, 6, , , , 
2016/8/31, 7, , 2, , 
2016/9/1, 5, , 3, , 
2016/9/4, 19, , 2, , 
2016/9/5, 16, , 2, , 
2016/9/6, 7, , 2, , 
2016/9/7, 6, , 2, , 
2016/9/13, 11, , 2, , 
2016/9/14, 7, , 2, , 
2016/4/2, 69, 15, 3, , 
2016/4/3, 47, 12, 2, , 
2016/4/4, 36, 10, 2, , 
2016/4/5, 26, 14, 2, , 
2016/4/6, 41, 16, 3, , 
2016/4/7, 40, 20, 5, , 
2016/4/8, 56, 13, 2, , 
2016/4/9, 34, 20, 2, , 
2016/4/10, 55, 16, 2, , 
2016/4/11, 46, 13, 1, , 
2016/4/12, 41, 15, 3, , 
2016/4/13, 47, 18, 3, , 
2016/4/14, 61, 14, 2, , 
2016/4/15, 36, 10, 1, , 
2016/4/16, 18, 29, 4, , 
2016/4/17, 89, 31, 4, , 
2016/4/18, 86, 14, 1, , 
2016/4/19, 38, 8, 1, , 
2016/4/20, 24, 15, 1, , 
2016/4/21, 40, 19, 3, , 
2016/4/22, 59, 29, 3, , 
2016/4/23, 69, 19, 3, , 
2016/4/24, 56, 22, 2, , 
2016/4/25, 45, 25, 3, , 
2016/4/26, 65, 26, 4, , 
2016/4/27, 70, 12, 2, , 
2016/4/28, 39, 10, 4, , 
2016/4/29, 18, 7, 1, , 
2016/4/30, 25, 7, 3, , 
2016/5/1, 20, 12, 3, , 
2016/5/2, 41, 18, 3, , 
2016/5/3, 50, 25, 3, , 
2016/5/4, 72, 22, 2, , 
2016/5/5, 51, 13, 1, , 
2016/5/6, 26, 15, 3, , 
2016/5/7, 34, 26, 2, , 
2016/5/8, 49, 24, 3, , 
2016/5/9, 64, 24, 3, , 
2016/5/10, 66, 17, 3, , 
2016/5/11, 53, 7, 2, , 
2016/5/12, 11, 9, 2, , 
2016/5/13, 21, 16, 2, , 
2016/5/14, 43, 15, 1, , 
2016/5/15, 35, 12, 2, , 
2016/5/16, 31, 18, 2, , 
2016/5/17, 43, 16, 2, , 
2016/5/18, 41, 24, 1, , 
2016/5/19, 58, 22, 3, , 
2016/5/20, 59, 19, 5, , 
2016/5/21, 51, 12, 4, , 
2016/5/22, 25, 22, 3, , 
2016/5/23, 49, 30, 2, , 
2016/5/24, 70, 27, 2, , 
2016/5/25, 76, 21, 2, , 
2016/5/26, 46, 28, 1, , 
2016/5/27, 64, 32, 2, , 
2016/5/28, 67, 24, 2, , 
2016/5/29, 52, 20, 2, , 
2016/5/30, 52, 19, 2, , 
2016/5/31, 42, 17, 2, , 
2016/6/1, 30, 10, 1, , 
2016/6/2, 10, 10, 1, , 
2016/6/3, 17, 10, 1, , 
2016/6/4, 23, 14, 2, , 
2016/6/5, 33, 12, 1, , 
2016/6/6, 22, 12, 2, , 
2016/6/7, 30, 17, 2, , 
2016/6/8, 38, 22, 3, , 
2016/6/9, 58, 28, 3, , 
2016/6/10, 47, 15, 1, , 
2016/6/11, 20, 16, 2, , 
2016/6/12, 31, 22, 2, , 
2016/6/13, 54, 16, 3, , 
2016/6/14, 33, 9, 2, , 
2016/6/15, 16, 12, 2, , 
2016/6/16, 17, 10, 3, , 
2016/6/17, 26, 12, 2, , 
2016/6/18, 21, 9, 1, , 
2016/6/19, 15, 14, 2, , 
2016/6/20, 32, 16, 3, , 
2016/6/21, 38, 15, 2, , 
2016/6/22, 27, 9, 2, , 
2016/6/23, 16, 7, 2, , 
2016/6/24, 17, 8, 2, , 
2016/6/25, 21, 9, 1, , 
2016/6/26, 17, 7, 1, , 
2016/6/27, 11, 3, 2, , 
2016/6/28, 13, 8, 2, , 
2016/6/29, 30, 11, 2, , 
2016/6/30, 45, 9, 2, , 
2016/7/1, 46, 11, 2, , 
2016/1/5, 33, 4, 1, , 
2016/1/6, 15, 4, 1, , 
2016/1/7, 20, 5, 1, , 
2016/1/8, 30, 4, 1, , 
2016/1/9, 19, 4, 2, , 
2016/1/10, 20, 5, 3, , 
2016/1/11, 24, 4, 1, , 
2016/1/12, 16, 4, 2, , 
2016/1/13, 17, 5, 5, , 
2016/1/14, 26, 6, 2, , 
2016/1/15, 28, 7, 4, , 
2016/1/16, 26, 7, 2, , 
2016/1/17, 23, 6, 4, , 
2016/1/18, 23, 7, 5, , 
2016/1/19, 33, 6, 5, , 
2016/1/20, 27, 7, 7, , 
2016/1/21, 20, 4, 2, , 
2016/1/22, 16, 6, 2, , 
2016/1/23, 19, 7, 3, , 
2016/1/24, 26, 7, 6, , 
2016/1/25, 33, 5, 2, , 
2016/1/26, 18, 10, 6, , 
2016/1/27, 36, 10, 2, , 
2016/1/28, 40, 10, 2, , 
2016/1/29, 35, 11, 4, , 
2016/1/30, 41, 12, 4, , 
2016/1/31, 40, 5, 1, , 
2016/2/1, 13, 6, 3, , 
2016/2/2, 26, 6, 3, , 
2016/2/3, 22, 7, 3, , 
2016/2/4, 25, 7, 5, , 
2016/2/5, 28, 10, 1, , 
2016/2/6, 37, 7, 2, , 
2016/2/7, 29, 6, 1, , 
2016/2/8, 24, 8, 3, , 
2016/2/9, 31, 11, 3, , 
2016/2/10, 42, 11, 1, , 
2016/2/11, 40, 6, 6, , 
2016/2/12, 36, 12, 8, , 
2016/2/13, 48, 10, 4, , 
2016/2/14, 21, 12, 2, , 
2016/2/15, 20, 5, 1, , 
2016/2/16, 14, 4, 2, , 
2016/2/17, 18, 4, 2, , 
2016/2/18, 26, 7, 4, , 
2016/2/19, 31, 12, 3, , 
2016/2/20, 51, 15, 4, , 
2016/2/21, 57, 6, 2, , 
2016/2/22, 26, 6, 3, , 
2016/2/23, 42, 16, 2, , 
2016/2/24, 59, 3, 1, , 
2016/2/25, 13, 3, 2, , 
2016/2/26, 21, 5, 3, , 
2016/2/27, 36, 9, 3, , 
2016/2/28, 44, 13, 4, , 
2016/2/29, 61, 6, 2, , 
2016/3/1, 33, 6, 1, , 
2016/3/2, 30, 8, 2, , 
2016/3/3, 36, 9, 3, , 
2016/3/4, 45, 8, 7, , 
2016/3/5, 37, 8, 6, , 
2016/3/6, 34, 14, 5, , 
2016/3/7, 51, 10, 3, , 
2016/3/8, 33, 16, 4, , 
2016/3/9, 51, 7, 2, , 
2016/3/10, 32, 12, 3, , 
2016/3/11, 44, 11, 2, , 
2016/3/12, 39, 6, 3, , 
2016/3/13, 31, 7, 3, , 
2016/3/14, 33, 15, 4, , 
2016/3/15, 37, 12, 3, , 
2016/3/16, 47, 17, 3, , 
2016/3/17, 59, 31, 4, , 
2016/3/18, 86, 22, 3, , 
2016/3/19, 63, 15, 4, , 
2016/3/20, 50, 9, 1, , 
2016/3/21, 24, 6, 2, , 
2016/3/22, 20, 11, 4, , 
2016/3/23, 39, 6, 2, , 
2016/3/24, 22, 4, 3, , 
2016/3/25, 15, 4, 2, , 
2016/3/26, 14, 6, 3, , 
2016/3/27, 19, 7, 2, , 
2016/3/28, 28, 12, 4, , 
2016/3/29, 41, 24, 4, , 
2016/3/30, 76, 24, 4, , 
2016/3/31, 74, 25, 5, , 
2016/4/1, 68, 22, 3, , 
2015/10/2, 47, 13, 1, , 
2015/10/3, 30, 10, 1, , 
2015/10/4, 17, 8, 1, , 
2015/10/5, 37, 15, 4, , 
2015/10/6, 56, 20, 3, , 
2015/10/7, 58, 35, 7, , 
2015/10/8, 74, 30, 4, , 
2015/10/9, 56, 11, 3, , 
2015/10/10, 52, 16, 3, , 
2015/10/11, 54, 17, 2, , 
2015/10/12, 41, 12, 3, , 
2015/10/13, 28, 7, 1, , 
2015/10/14, 12, , 2, , 
2015/10/16, 50, 19, 4, , 
2015/10/17, 57, 30, 3, , 
2015/10/18, 84, 41, 3, , 
2015/10/19, 100, 30, 7, , 
2015/10/20, 69, 17, 3, , 
2015/10/21, 27, 13, 3, , 
2015/10/22, 40, 10, 2, , 
2015/10/23, 30, 14, 4, , 
2015/10/24, 87, 15, 2, , 
2015/10/27, 84, 20, 3, , 
2015/10/28, 70, 17, 2, , 
2015/10/29, 47, 13, 2, , 
2015/10/30, 37, 11, 3, , 
2015/10/31, 47, 25, 2, , 
2015/11/1, 74, 16, 4, , 
2015/11/2, 42, 17, 6, , 
2015/11/3, 53, 15, 5, , 
2015/11/4, 51, 24, 5, , 
2015/11/5, 74, 22, 5, , 
2015/11/6, 61, 32, 5, , 
2015/11/7, 80, 21, 4, , 
2015/11/8, 50, 18, 5, , 
2015/11/9, 52, 12, 6, , 
2015/11/10, 27, 6, 1, , 
2015/11/11, 17, 4, 2, , 
2015/11/13, 50, 10, 5, , 
2015/11/14, 30, 12, 6, , 
2015/11/15, 47, 8, 2, , 
2015/11/16, 5, 15, 6, , 
2015/11/17, 66, 18, 4, , 
2015/11/18, 45, 10, 4, , 
2015/11/19, 23, 9, 5, , 
2015/11/20, 43, 14, 6, , 
2015/11/21, 54, 7, 1, , 
2015/11/22, 5, 7, 2, , 
2015/11/23, 14, 9, 4, , 
2015/11/24, 49, 8, 4, , 
2015/11/25, 38, 8, 8, , 
2015/11/26, 49, 6, 5, , 
2015/11/27, 36, 5, 2, , 
2015/11/29, 13, 9, 3, , 
2015/11/30, 41, 10, 3, , 
2015/12/1, 34, 4, 2, , 
2015/12/3, 48, 10, 3, , 
2015/12/4, 37, 7, 1, , 
2015/12/5, 16, 7, 1, , 
2015/12/6, 20, 4, , , 
2015/12/8, 68, 8, 6, , 
2015/12/9, 49, 7, 5, , 
2015/12/10, 52, 10, 3, , 
2015/12/11, 57, 7, 5, , 
2015/12/12, 50, 10, 5, , 
2015/12/23, 40, 7, 7, , 
2015/12/24, 42, 10, 7, , 
2015/12/25, 50, 8, 2, , 
2015/12/26, 40, 3, 5, , 
2015/12/27, 31, 2, 1, , 
2015/12/28, 15, 2, 1, , 
2015/12/29, 16, 2, 1, , 
2015/12/30, 16, 4, 3, , 
2015/12/31, 23, , , , 
2016/1/2, 18, 22, 3, , 
2016/1/3, 76, 22, 2, , 
2016/1/4, 77, 7, 4, , 
2015/7/2, 51, 14, 1, , 
2015/7/3, 32, 8, 1, , 
2015/7/4, 19, 7, 2, , 
2015/7/5, 24, 7, 2, , 
2015/7/6, 18, 8, 2, , 
2015/7/7, 25, 11, 2, , 
2015/7/8, 31, 10, 2, , 
2015/7/9, 30, 13, 2, , 
2015/7/10, 35, 10, 2, , 
2015/7/11, 25, 11, 3, , 
2015/7/12, 35, 14, 2, , 
2015/7/13, 41, 21, 2, , 
2015/7/14, 63, 29, 1, , 
2015/7/15, 66, 11, 1, , 
2015/7/16, 27, 6, 2, , 
2015/7/17, 32, 10, 1, , 
2015/7/18, 35, 13, 3, , 
2015/7/19, 31, 5, 3, , 
2015/7/20, 15, 6, 1, , 
2015/7/21, 23, 12, 3, , 
2015/7/22, 43, 13, 3, , 
2015/7/23, 34, 7, 2, , 
2015/7/24, 26, 9, 2, , 
2015/7/25, 24, 9, 2, , 
2015/7/26, 18, 16, 1, , 
2015/7/27, 42, 13, 2, , 
2015/7/28, 43, 14, 3, , 
2015/7/29, 46, 12, 2, , 
2015/7/30, 45, 14, 2, , 
2015/7/31, 62, 18, 2, , 
2015/8/1, 69, 8, 1, , 
2015/8/2, 37, 3, 1, , 
2015/8/3, 45, 3, 3, , 
2015/8/4, 74, 3, 3, , 
2015/8/5, 64, 1, 2, , 
2015/8/6, 47, 11, 3, , 
2015/8/7, 80, 7, 3, , 
2015/8/8, 56, , 2, , 
2015/8/9, 33, 1, 2, , 
2015/8/10, 33, 2, 3, , 
2015/8/11, 52, 3, 2, , 
2015/8/12, 46, , 2, , 
2015/8/13, 44, , 2, , 
2015/8/14, 26, , 2, , 
2015/8/15, 35, , 2, , 
2015/8/16, 9, , 2, , 
2015/8/17, 31, , 2, , 
2015/8/18, 30, , 1, , 
2015/8/19, 11, , 1, , 
2015/8/20, 43, 11, 2, , 
2015/8/21, 24, 17, 3, , 
2015/8/22, 52, 8, 1, , 
2015/8/23, 43, 6, 1, , 
2015/8/24, 11, 9, 1, , 
2015/8/25, 12, 10, 1, , 
2015/8/26, 22, 11, 3, , 
2015/8/27, 28, 11, 2, , 
2015/8/28, 23, 14, 2, , 
2015/8/29, 35, 15, 1, , 
2015/8/30, 39, 18, 1, , 
2015/8/31, 31, 16, 2, , 
2015/9/1, 34, 17, 2, , 
2015/9/2, 41, 16, 2, , 
2015/9/3, 29, 18, 2, , 
2015/9/4, 45, 14, 2, , 
2015/9/5, 27, 12, 2, , 
2015/9/6, 27, 17, 2, , 
2015/9/7, 39, 13, 2, , 
2015/9/8, 29, 11, 2, , 
2015/9/9, 18, 10, 1, , 
2015/9/10, 42, 7, 2, , 
2015/9/11, 11, 7, 2, , 
2015/9/12, 40, 11, 1, , 
2015/9/13, 42, 10, 2, , 
2015/9/14, 26, 9, 2, , 
2015/9/15, 42, 12, 2, , 
2015/9/16, 36, 12, 3, , 
2015/9/17, 45, 14, 2, , 
2015/9/18, 34, 9, 1, , 
2015/9/19, 27, 9, 2, , 
2015/9/20, 40, 9, 1, , 
2015/9/21, 36, 14, 2, , 
2015/9/22, 36, 19, 3, , 
2015/9/23, 47, 22, 3, , 
2015/9/24, 54, 21, 4, , 
2015/9/25, 50, 19, 4, , 
2015/9/26, 48, 11, 3, , 
2015/9/27, 19, 17, 2, , 
2015/9/28, 50, 15, 1, , 
2015/9/29, 23, 8, 1, , 
2015/9/30, 9, 9, 2, , 
2015/10/1, 63, 17, 3, , 
2015/4/2, 73, 13, 3, , 
2015/4/3, 43, 14, 2, , 
2015/4/4, 39, 11, 2, , 
2015/4/5, 35, 10, 4, , 
2015/4/6, 37, 8, 2, , 
2015/4/7, 26, 10, 1, , 
2015/4/8, 28, 6, 3, , 
2015/4/9, 36, 9, 4, , 
2015/4/10, 44, 15, 5, , 
2015/4/11, 58, 16, 4, , 
2015/4/12, 49, 8, 2, , 
2015/4/13, 50, 12, 3, , 
2015/4/14, 78, 21, 4, , 
2015/4/15, 79, 10, 3, , 
2015/4/16, 34, 11, 3, , 
2015/4/17, 31, 22, 4, , 
2015/4/18, 59, 23, 2, , 
2015/4/19, 64, 8, 3, , 
2015/4/20, 53, 6, 5, , 
2015/4/21, 42, 2, 2, , 
2015/4/22, 31, 13, 2, , 
2015/4/23, 63, 14, 3, , 
2015/4/24, 77, 17, 4, , 
2015/4/25, 73, 19, 3, , 
2015/4/26, 61, 15, 2, , 
2015/4/27, 64, 23, 2, , 
2015/4/28, 95, 39, 3, , 
2015/4/29, 116, 38, 4, , 
2015/4/30, 99, 25, 4, , 
2015/5/1, 98, 21, 4, , 
2015/5/2, 86, 22, 4, , 
2015/5/3, 72, 32, 4, , 
2015/5/4, 86, 28, 5, , 
2015/5/5, 67, 13, 1, , 
2015/5/6, 33, 11, 1, , 
2015/5/7, 47, 31, 3, , 
2015/5/8, 90, 16, 2, , 
2015/5/9, 60, 5, 3, , 
2015/5/10, 41, 2, 1, , 
2015/5/11, 27, 8, 2, , 
2015/5/12, 43, 5, 4, , 
2015/5/13, 38, 17, 1, , 
2015/5/14, 61, 24, 2, , 
2015/5/15, 69, 8, 3, , 
2015/5/16, 47, 4, 1, , 
2015/5/17, 19, 6, 1, , 
2015/5/18, 30, 9, 3, , 
2015/5/19, 52, 4, 3, , 
2015/5/20, 42, 13, 2, , 
2015/5/21, 48, 8, 2, , 
2015/5/22, 21, 14, 1, , 
2015/5/23, 52, 15, 1, , 
2015/5/24, 74, 26, 2, , 
2015/5/25, 74, 23, 3, , 
2015/5/26, 61, 14, 3, , 
2015/5/27, 52, 13, 2, , 
2015/5/28, 43, 20, 3, , 
2015/5/29, 56, 20, 4, , 
2015/5/30, 69, 24, 3, , 
2015/5/31, 63, 17, 2, , 
2015/6/1, 35, 7, 1, , 
2015/6/2, 20, 12, 3, , 
2015/6/3, 42, 23, 2, , 
2015/6/4, 69, 2, , , 
2015/6/5, 11, 9, 2, , 
2015/6/6, 20, 10, 1, , 
2015/6/7, 18, 8, 2, , 
2015/6/8, 63, 14, 2, , 
2015/6/9, 41, 11, 2, , 
2015/6/10, 32, 12, 1, , 
2015/6/11, 30, 19, 1, , 
2015/6/12, 65, 18, 2, , 
2015/6/13, 44, 16, 2, , 
2015/6/14, 27, 20, 1, , 
2015/6/15, 55, 28, 1, , 
2015/6/16, 68, 21, 2, , 
2015/6/17, 53, 19, 2, , 
2015/6/18, 47, 15, 2, , 
2015/6/19, 30, 15, 2, , 
2015/6/20, 28, 16, 2, , 
2015/6/21, 33, 18, 2, , 
2015/6/22, 45, 19, 1, , 
2015/6/23, 40, 13, 1, , 
2015/6/24, 38, 10, 1, , 
2015/6/25, 26, 15, 2, , 
2015/6/26, 51, 18, 2, , 
2015/6/27, 48, 4, 1, , 
2015/6/28, 8, 4, 2, , 
2015/6/29, 13, 11, 2, , 
2015/6/30, 41, 16, 4, , 
2015/7/1, 48, 21, 4, , 
2015/1/2, 28, 5, 1, , 
2015/1/3, 16, 5, 1, , 
2015/1/4, 19, 10, 5, , 
2015/1/5, 50, 16, 9, , 
2015/1/6, 62, 12, 3, , 
2015/1/7, 44, 8, 1, , 
2015/1/8, 22, 4, 1, , 
2015/1/9, 14, 3, 1, , 
2015/1/10, 15, 4, 1, , 
2015/1/11, 25, 7, 1, , 
2015/1/12, 30, 2, 3, , 
2015/1/13, 11, 6, 3, , 
2015/1/14, 38, 8, 7, , 
2015/1/15, 47, 18, 17, , 
2015/1/16, 71, 15, 9, , 
2015/1/17, 66, 4, 1, , 
2015/1/18, 16, 4, 3, , 
2015/1/19, 29, 5, 5, , 
2015/1/20, 28, 5, 5, , 
2015/1/21, 30, 7, 10, , 
2015/1/22, 47, 10, 20, , 
2015/1/23, 90, 4, 10, , 
2015/1/24, 41, 6, 5, , 
2015/1/25, 26, 8, 6, , 
2015/1/26, 39, 11, 8, , 
2015/1/27, 53, 16, 3, , 
2015/1/28, 61, 6, 2, , 
2015/1/29, 31, 5, 4, , 
2015/1/30, 23, 8, 8, , 
2015/1/31, 40, 6, 8, , 
2015/2/1, 32, 3, 1, , 
2015/2/2, 9, 3, 3, , 
2015/2/3, 13, 5, 5, , 
2015/2/4, 59, 7, 7, , 
2015/2/5, 42, 5, 5, , 
2015/2/6, 23, 8, 6, , 
2015/2/7, 43, 12, 3, , 
2015/2/8, 63, 10, 3, , 
2015/2/9, 42, 7, 1, , 
2015/2/10, 37, 7, 2, , 
2015/2/11, 33, 11, 5, , 
2015/2/12, 48, 22, 8, , 
2015/2/13, 88, 7, 2, , 
2015/2/14, 31, 4, 1, , 
2015/2/15, 20, 4, 1, , 
2015/2/16, 19, 6, 5, , 
2015/2/17, 31, 4, 4, , 
2015/2/18, 21, 5, 5, , 
2015/2/19, 38, 6, 8, , 
2015/2/20, 43, 8, 9, , 
2015/2/21, 37, 7, 6, , 
2015/2/22, 36, 18, 6, , 
2015/2/23, 72, 35, 1, , 
2015/2/24, 84, 28, 1, , 
2015/2/25, 74, 11, 4, , 
2015/2/26, 53, 14, 6, , 
2015/2/27, 56, 9, 1, , 
2015/2/28, 31, 4, 2, , 
2015/3/1, 22, 10, 6, , 
2015/3/2, 58, 10, 2, , 
2015/3/3, 46, 13, 4, , 
2015/3/4, 49, 11, 5, , 
2015/3/5, 48, 9, 3, , 
2015/3/6, 36, 14, 6, , 
2015/3/7, 65, 14, 6, , 
2015/3/8, 59, 17, 6, , 
2015/3/9, 62, 16, 8, , 
2015/3/10, 53, 6, 1, , 
2015/3/11, 24, 7, , , 
2015/3/12, 36, 8, 2, , 
2015/3/13, 41, 9, 2, , 
2015/3/14, 38, 8, 3, , 
2015/3/15, 38, 11, 4, , 
2015/3/16, 53, 15, 7, , 
2015/3/17, 61, 27, 7, , 
2015/3/18, 91, 30, 6, , 
2015/3/19, 88, 26, 8, , 
2015/3/20, 81, 19, 4, , 
2015/3/21, 63, 17, 4, , 
2015/3/22, 58, 19, 3, , 
2015/3/23, 66, 9, 1, , 
2015/3/24, 32, 3, 1, , 
2015/3/25, 20, 4, 1, , 
2015/3/26, 19, 9, 2, , 
2015/3/27, 46, 29, 2, , 
2015/3/28, 101, 34, 3, , 
2015/3/29, 101, 22, 2, , 
2015/3/30, 74, 29, 2, , 
2015/3/31, 96, 38, 4, , 
2015/4/1, 109, 31, 4, , 
2014/10/2, 55, 34, 4, , 
2014/10/3, 96, 20, 2, , 
2014/10/4, 68, 13, 2, , 
2014/10/5, 40, 26, 4, , 
2014/10/6, 70, 14, 3, , 
2014/10/7, 50, 11, 3, , 
2014/10/8, 31, 13, 3, , 
2014/10/9, 53, 17, 3, , 
2014/10/10, 60, 9, 2, , 
2014/10/11, 50, 29, 5, , 
2014/10/12, 85, 52, 6, , 
2014/10/13, 107, 39, 4, , 
2014/10/14, 127, 5, 3, , 
2014/10/15, 31, 10, 4, , 
2014/10/16, 31, 8, 4, , 
2014/10/17, 41, 13, 1, , 
2014/10/18, 42, 13, 3, , 
2014/10/19, 48, 16, 3, , 
2014/10/20, 56, 15, 2, , 
2014/10/21, 68, 13, 3, , 
2014/10/22, 47, 8, 5, , 
2014/10/23, 39, 12, 5, , 
2014/10/24, 44, 13, 5, , 
2014/10/25, 63, 11, 3, , 
2014/10/26, 59, 27, 3, , 
2014/10/27, 65, 8, 1, , 
2014/10/28, 48, 1, 1, , 
2014/10/29, 13, 6, 3, , 
2014/10/30, 23, 11, 5, , 
2014/10/31, 43, 17, 6, , 
2014/11/1, 60, 25, 8, , 
2014/11/2, 81, 8, 3, , 
2014/11/3, 45, 6, 1, , 
2014/11/4, 30, 10, 3, , 
2014/11/5, 42, 16, 6, , 
2014/11/6, 63, 11, 5, , 
2014/11/7, 55, 8, 2, , 
2014/11/8, 46, 11, 4, , 
2014/11/9, 46, 21, 5, , 
2014/11/10, 76, 8, 3, , 
2014/11/11, 37, 15, 7, , 
2014/11/12, 63, 8, 4, , 
2014/11/13, 59, 6, 1, , 
2014/11/14, 35, 2, , , 
2014/11/15, 26, 4, 1, , 
2014/11/16, 32, 8, 2, , 
2014/11/17, 44, 13, 6, , 
2014/11/18, 45, 12, 5, , 
2014/11/19, 51, 9, 3, , 
2014/11/20, 85, 13, 8, , 
2014/11/27, 116, 15, 8, , 
2014/11/28, 62, 18, 6, , 
2014/11/29, 61, 16, 5, , 
2014/11/30, 42, 14, 5, , 
2014/12/1, 49, 9, 3, , 
2014/12/2, 36, 7, 1, , 
2014/12/3, 27, 8, 4, , 
2014/12/4, 28, 8, 5, , 
2014/12/5, 38, 6, 3, , 
2014/12/6, 21, 4, 2, , 
2014/12/7, 11, 4, 3, , 
2014/12/8, 22, 6, 7, , 
2014/12/9, 26, 7, 5, , 
2014/12/10, 30, 10, 5, , 
2014/12/11, 40, 8, 2, , 
2014/12/12, 34, 10, 2, , 
2014/12/13, 34, 5, 2, , 
2014/12/14, 17, 5, 2, , 
2014/12/15, 17, 7, 6, , 
2014/12/16, 35, 5, 5, , 
2014/12/17, 20, 9, 1, , 
2014/12/18, 38, 6, 7, , 
2014/12/19, 26, 6, 5, , 
2014/12/20, 29, 6, 4, , 
2014/12/21, 19, 11, 1, , 
2014/12/22, 38, 7, 1, , 
2014/12/23, 27, 8, 1, , 
2014/12/24, 27, 11, 3, , 
2014/12/25, 44, 6, 2, , 
2014/12/26, 15, 5, 3, , 
2014/12/27, 23, 7, 6, , 
2014/12/28, 39, 8, 5, , 
2014/12/29, 34, , , , 
2014/7/2, 24, 3, 2, , 
2014/7/3, 27, 7, 2, , 
2014/7/4, 56, 2, 1, , 
2014/7/5, 27, 1, 1, , 
2014/7/6, 16, 4, 2, , 
2014/7/7, 49, 3, 3, , 
2014/7/8, 62, 6, 2, , 
2014/7/9, 65, 7, 3, , 
2014/7/10, 72, 3, 3, , 
2014/7/11, 25, , 2, , 
2014/7/12, 18, 8, 1, , 
2014/7/13, 31, 15, 2, , 
2014/7/14, 77, 5, 2, , 
2014/7/15, 57, 8, 1, , 
2014/7/16, 69, 15, 3, , 
2014/7/17, 81, 15, 2, , 
2014/7/18, 78, 4, 3, , 
2014/7/19, 63, 3, 2, , 
2014/7/20, 50, , 1, , 
2014/7/21, 23, 5, 1, , 
2014/7/22, 23, 10, 1, , 
2014/7/23, 35, 16, 3, , 
2014/7/24, 58, 3, 2, , 
2014/7/25, 19, 9, 2, , 
2014/7/26, 44, 13, 2, , 
2014/7/27, 57, 11, 1, , 
2014/7/28, 45, 22, 1, , 
2014/7/29, 82, 33, 3, , 
2014/7/30, 105, 32, 3, , 
2014/7/31, 106, 25, 3, , 
2014/8/1, 77, 12, 2, , 
2014/8/2, 65, 12, 2, , 
2014/8/3, 65, 6, 3, , 
2014/8/4, 61, 2, 2, , 
2014/8/5, 39, 1, 2, , 
2014/8/6, 26, , 2, , 
2014/8/7, 10, , 4, , 
2014/8/8, 10, , 2, , 
2014/8/9, 9, 2, 3, , 
2014/8/10, 21, 1, 1, , 
2014/8/11, 18, 1, 1, , 
2014/8/12, 13, 13, 2, , 
2014/8/13, 30, 17, 1, , 
2014/8/14, 49, 12, 2, , 
2014/8/15, 35, 8, 2, , 
2014/8/16, 27, 7, 1, , 
2014/8/17, 11, 7, 1, , 
2014/8/18, 22, 2, 1, , 
2014/8/19, 17, 2, 1, , 
2014/8/20, 25, 2, 1, , 
2014/8/21, 20, 4, 1, , 
2014/8/22, 15, 4, 2, , 
2014/8/23, 22, 4, 1, , 
2014/8/24, 18, 35, 1, , 
2014/8/25, 81, 5, 2, , 
2014/8/26, 40, 3, 2, , 
2014/8/27, 20, 5, 3, , 
2014/8/28, 17, 4, 3, , 
2014/8/29, 29, 1, 3, , 
2014/8/30, 32, , 3, , 
2014/8/31, 30, , 2, , 
2014/9/1, 26, 1, 2, , 
2014/9/2, 34, 2, 2, , 
2014/9/3, 34, 1, 3, , 
2014/9/4, 30, 1, 3, , 
2014/9/5, 42, , 2, , 
2014/9/6, 30, , 1, , 
2014/9/7, 25, 3, 2, , 
2014/9/8, 34, 2, 3, , 
2014/9/9, 36, 4, 3, , 
2014/9/10, 60, 1, 3, , 
2014/9/11, 54, , 2, , 
2014/9/12, 33, 1, 2, , 
2014/9/13, 30, , 2, , 
2014/9/14, 20, , 2, , 
2014/9/15, 33, , 2, , 
2014/9/16, 39, , 2, , 
2014/9/17, 43, , 1, , 
2014/9/18, 29, 3, 1, , 
2014/9/19, 21, 6, 2, , 
2014/9/20, 20, 12, 2, , 
2014/9/21, 23, 14, 2, , 
2014/9/22, 34, 16, 2, , 
2014/9/23, 38, 25, 2, , 
2014/9/24, 66, 29, 4, , 
2014/9/25, 73, 15, 2, , 
2014/9/26, 41, 13, 4, , 
2014/9/27, 28, 18, 3, , 
2014/9/28, 46, 33, 3, , 
2014/9/29, 67, 29, 3, , 
2014/9/30, 83, 19, 3, , 
2014/10/1, 72, 33, 5, , 
2014/4/2, 36, 16, 3, , 
2014/4/3, 64, 19, 2, , 
2014/4/4, 69, 21, 4, , 
2014/4/5, 60, 7, 1, , 
2014/4/6, 22, 8, 1, , 
2014/4/7, 40, 11, 1, , 
2014/4/8, 54, 19, 3, , 
2014/4/9, 63, 21, 4, , 
2014/4/10, 71, 13, 2, , 
2014/4/11, 54, 5, 1, , 
2014/4/12, 34, 14, 3, , 
2014/4/13, 62, 10, 3, , 
2014/4/14, 56, 11, 3, , 
2014/4/15, 57, 13, 2, , 
2014/4/16, 61, 18, 2, , 
2014/4/17, 60, 15, 4, , 
2014/4/18, 66, 17, 6, , 
2014/4/19, 73, 5, 4, , 
2014/4/20, 38, 9, 4, , 
2014/4/21, 53, 10, 6, , 
2014/4/22, 62, 11, 4, , 
2014/4/23, 57, 10, 3, , 
2014/4/24, 48, 18, 4, , 
2014/4/25, 67, 21, 4, , 
2014/4/26, 68, 19, 5, , 
2014/4/27, 72, 25, 4, , 
2014/4/28, 82, 28, 3, , 
2014/4/29, 79, 15, 4, , 
2014/4/30, 49, 16, 5, , 
2014/5/1, 49, 16, 4, , 
2014/5/2, 47, 11, 2, , 
2014/5/3, 29, 28, 3, , 
2014/5/4, 79, 18, 2, , 
2014/5/5, 62, 16, 3, , 
2014/5/6, 57, 13, 3, , 
2014/5/7, 46, 18, 2, , 
2014/5/8, 62, 25, 4, , 
2014/5/9, 75, 14, 4, , 
2014/5/10, 48, 10, 4, , 
2014/5/11, 41, 13, 3, , 
2014/5/12, 57, 11, 4, , 
2014/5/13, 51, 15, 1, , 
2014/5/14, 55, 34, 1, , 
2014/5/15, 92, 34, 3, , 
2014/5/16, 96, 6, 1, , 
2014/5/17, 33, 5, 1, , 
2014/5/18, 23, 6, 1, , 
2014/5/19, 29, 5, 2, , 
2014/5/20, 35, 5, 4, , 
2014/5/21, 36, 8, 5, , 
2014/5/22, 42, 3, 3, , 
2014/5/23, 19, 6, 2, , 
2014/5/24, 42, 4, 2, , 
2014/5/25, 33, 19, 2, , 
2014/5/26, 70, 12, 4, , 
2014/5/27, 56, 13, 3, , 
2014/5/28, 49, 22, 2, , 
2014/5/29, 76, 33, 3, , 
2014/5/30, 102, 41, 2, , 
2014/5/31, 117, 35, 2, , 
2014/6/1, 96, 19, 2, , 
2014/6/2, 67, 28, 2, , 
2014/6/3, 85, 27, 4, , 
2014/6/4, 83, 24, 4, , 
2014/6/5, 76, 17, 3, , 
2014/6/6, 62, 8, 3, , 
2014/6/7, 32, 5, 1, , 
2014/6/8, 32, 1, 1, , 
2014/6/9, 10, 2, 1, , 
2014/6/10, 12, 3, 2, , 
2014/6/11, 18, 7, 3, , 
2014/6/12, 34, 1, 3, , 
2014/6/13, 18, 1, 1, , 
2014/6/14, 6, 1, 2, , 
2014/6/15, 12, 5, 1, , 
2014/6/16, 29, 5, 3, , 
2014/6/17, 46, 9, 2, , 
2014/6/18, 52, 8, 2, , 
2014/6/19, 45, 2, 1, , 
2014/6/20, 35, 1, 1, , 
2014/6/21, 14, 1, 1, , 
2014/6/22, 17, 3, 1, , 
2014/6/23, 28, 1, 1, , 
2014/6/24, 16, 1, 1, , 
2014/6/25, 23, 3, 2, , 
2014/6/26, 28, 7, 2, , 
2014/6/27, 54, 12, 3, , 
2014/6/28, 63, 6, 2, , 
2014/6/29, 42, 3, 2, , 
2014/6/30, 38, 1, 1, , 
2014/7/1, 15, 2, 1, , 
2014/1/2, 37, 17, 1, , 
2014/1/3, 33, 18, 4, , 
2014/1/4, 37, 17, 2, , 
2014/1/5, 29, 13, 2, , 
2014/1/6, 18, 15, 3, , 
2014/1/7, 21, 21, 7, , 
2014/1/8, 40, 27, 5, , 
2014/1/9, 57, 21, 3, , 
2014/1/10, 40, 16, 1, , 
2014/1/11, 11, 17, 1, , 
2014/1/12, 19, 20, 3, , 
2014/1/13, 39, 17, 1, , 
2014/1/14, 17, 15, 3, , 
2014/1/15, 22, 15, 4, , 
2014/1/16, 28, 21, 4, , 
2014/1/17, 41, 19, 10, , 
2014/1/18, 43, 20, 13, , 
2014/1/19, 41, 16, 5, , 
2014/1/20, 26, 18, 9, , 
2014/1/21, 43, 26, 9, , 
2014/1/22, 59, 17, 2, , 
2014/1/23, 22, 17, 5, , 
2014/1/24, 34, 19, 6, , 
2014/1/25, 39, 55, 16, , 
2014/1/26, 142, 28, 5, , 
2014/1/27, 48, 16, 4, , 
2014/1/28, 21, 22, 2, , 
2014/1/29, 34, 16, 3, , 
2014/1/30, 23, 20, 4, , 
2014/1/31, 45, 23, 2, , 
2014/2/1, 43, 20, 5, , 
2014/2/2, 39, 27, 12, , 
2014/2/3, 63, 26, 5, , 
2014/2/4, 49, 17, 3, , 
2014/2/5, 18, 16, 1, , 
2014/2/6, 15, 16, 2, , 
2014/2/7, 20, 16, 2, , 
2014/2/8, 19, 18, 8, , 
2014/2/9, 34, 16, 4, , 
2014/2/10, 19, 19, 5, , 
2014/2/11, 30, 18, 4, , 
2014/2/12, 23, 19, 9, , 
2014/2/13, 37, 21, 4, , 
2014/2/14, 30, 21, 6, , 
2014/2/15, 33, 18, 4, , 
2014/2/16, 29, 24, 5, , 
2014/2/17, 30, 32, 2, , 
2014/2/18, 66, 28, 2, , 
2014/2/19, 62, 28, 2, , 
2014/2/20, 60, 25, 3, , 
2014/2/21, 35, , 2, , 
2014/2/22, 25, , 6, , 
2014/2/23, 29, , 5, , 
2014/2/24, 26, , 5, , 
2014/2/25, 41, , 6, , 
2014/2/26, 91, , 7, , 
2014/2/27, 65, , , , 
2014/3/1, 28, 10, 7, , 
2014/3/2, 33, 14, 7, , 
2014/3/3, 45, 12, 3, , 
2014/3/4, 37, 15, 3, , 
2014/3/5, 49, 16, 4, , 
2014/3/6, 55, 11, 1, , 
2014/3/7, 30, 10, 1, , 
2014/3/8, 32, 15, 1, , 
2014/3/9, 49, 16, 2, , 
2014/3/10, 57, 8, 2, , 
2014/3/11, 31, 9, 3, , 
2014/3/12, 31, 13, 6, , 
2014/3/13, 51, 6, 4, , 
2014/3/14, 29, 6, 2, , 
2014/3/15, 15, 8, 2, , 
2014/3/16, 33, 11, 5, , 
2014/3/17, 51, 25, 6, , 
2014/3/18, 87, 21, 3, , 
2014/3/19, 65, 11, 5, , 
2014/3/20, 44, 14, 7, , 
2014/3/21, 46, 5, 2, , 
2014/3/22, 11, 10, 1, , 
2014/3/23, 33, 8, 3, , 
2014/3/24, 30, 22, 3, , 
2014/3/25, 71, 45, 3, , 
2014/3/26, 124, 54, 7, , 
2014/3/27, 148, 57, 6, , 
2014/3/28, 148, 31, 3, , 
2014/3/29, 92, 35, 3, , 
2014/3/30, 97, 23, 3, , 
2014/3/31, 54, 12, 1, , 
2014/4/1, 36, 8, 2, , 
2022/3/1, , 10, 5, , 2
2022/3/3, , 10, 2, , 2
2022/2/28, , 12, 2, , 1
2021/12/9, , 12, 5, , 1
2021/4/10, , 7, 2, , 
2020/9/1, , 9, 1, , 
2020/9/14, , 1, 1, , 1
2020/9/25, , 6, 1, , 1
2020/4/1, , 7, 4, , 1
2020/1/1, , 8, , , 
2019/12/21, , 7, 4, , 2
2019/12/22, , 17, 6, , 2
2019/12/23, , 17, 5, , 2
2019/12/24, , 6, 1, , 1
2019/12/25, , 7, 5, , 2
2019/1/1, , 4, 2, , 1
2017/9/11, , 19, 2, , 
2017/1/2, , 21, 6, , 
2016/10/8, , 14, 3, , 
2016/10/9, , 10, 4, , 
2016/10/10, , 10, 1, , 
2016/10/11, , 9, 1, , 
2016/10/12, , 13, 2, , 
2016/10/13, , 11, 2, , 
2016/10/14, , 9, 2, , 
2016/10/15, , 18, 4, , 
2016/10/16, , 16, 3, , 
2016/10/17, , 19, 1, , 
2016/10/18, , 16, 3, , 
2016/10/19, , 19, 4, , 
2015/10/15, , 11, 3, , 
2015/10/25, , 22, 1, , 
2015/10/26, , 18, 4, , 
2015/11/12, , 8, 6, , 
2015/11/28, , 6, 2, , 
2015/12/2, , 8, 6, , 
2015/12/7, , 6, 5, , 
2015/12/13, , 11, 4, , 
2015/12/14, , 8, 5, , 
2015/12/15, , 13, 7, , 
2015/12/16, , 9, 2, , 
2015/12/17, , 12, 2, , 
2015/12/18, , 4, 1, , 
2015/12/19, , 5, 1, , 
2015/12/20, , 7, 2, , 
2015/12/21, , 7, 3, , 
2015/12/22, , 6, 8, , 
2016/1/1, , 2, 1, , 
2015/1/1, , 7, 1, , 
2014/11/21, , 11, 4, , 
2014/11/22, , 15, 3, , 
2014/11/23, , 11, 2, , 
2014/11/24, , 12, 3, , 
2014/11/25, , 14, 6, , 
2014/11/26, , 19, 7, , 
2014/1/1, , 22, 2, , 
2014/2/28, , 9, 1, , 
2020/9/13, , , 1, , 
2018/3/13, , , 2, , 
2018/3/14, , , 5, , 
2018/3/15, , , 2, , 
2018/3/16, , , 1, , 
2018/3/17, , , 2, , 
2018/3/18, , , 1, , 
2018/3/19, , , 1, , 
2018/3/20, , , 3, , 
2018/3/21, , , 5, , 
2018/3/22, , , 4, , 
2018/3/23, , , 3, , 
2018/3/24, , , 3, , 
2018/3/25, , , 2, , 
2018/3/26, , , 2, , 
2018/3/27, , , 5, , 
2016/10/2, , , 4, , 
2016/10/3, , , 4, , 
2016/10/4, , , 2, , 
2016/10/5, , , 1, , 
2016/10/6, , , 3, , 
2016/10/7, , , 1, , 
2016/9/2, , , 2, , 
2016/9/3, , , 2, , 
2016/9/8, , , 2, , 
2016/9/9, , , 2, , 
2016/9/10, , , 1, , 
2016/9/11, , , 2, , 
2016/9/12, , , 2, , 
2016/9/15, , , 3, , 
2016/9/16, , , 2, , 
2016/9/17, , , 2, , 
2016/9/18, , , 1, , 
2016/9/19, , , 2, , 
2016/9/20, , , 3, , 
2016/9/21, , , 2, , 
2016/9/22, , , 3, , 
2016/9/23, , , 3, , 
2016/9/24, , , 3, , 
2016/9/25, , , 2, , 
2016/9/26, , , 4, , 
2016/9/27, , , 3, , 
2016/9/28, , , 1, , 
2016/9/29, , , 2, , 
2016/9/30, , , 2, , 
2016/10/1, , , 3, , 
2020/9/24, , , , , 1