date, pm25, no2, so2
2023/11/2, 55, , 
2023/11/3, 47, , 
2023/11/4, 36, , 
2023/11/5, 62, , 
2023/11/6, 48, , 
2023/11/7, 29, , 
2023/11/8, 12, , 
2023/11/9, 22, , 
2023/11/10, 346, , 
2023/11/11, 941, , 
2023/11/12, 999, , 
2023/10/2, 10, , 
2023/10/3, 10, , 
2023/10/4, 15, , 
2023/10/5, 17, , 
2023/10/6, 13, , 
2023/10/7, 25, , 
2023/10/8, 33, , 
2023/10/9, 26, , 
2023/10/10, 23, , 1
2023/10/11, 26, , 
2023/10/12, 27, , 
2023/10/13, 19, , 
2023/10/14, 17, , 
2023/10/15, 19, , 
2023/10/16, 25, , 
2023/10/17, 34, , 
2023/10/18, 24, , 
2023/10/19, 26, , 
2023/10/20, 27, , 
2023/10/21, 16, , 
2023/10/22, 29, , 
2023/10/23, 16, , 
2023/10/24, 14, , 
2023/10/25, 14, , 
2023/10/26, 25, , 
2023/10/27, 37, , 
2023/10/28, 20, , 
2023/10/29, 19, , 
2023/10/30, 18, , 
2023/10/31, 26, , 
2023/11/1, 52, , 
2023/7/2, 44, , 
2023/7/3, 33, , 
2023/7/4, 49, , 
2023/7/5, 3, 3, 1
2023/7/6, 19, 2, 
2023/7/7, 69, 2, 1
2023/7/8, 38, 2, 1
2023/7/9, 66, 2, 1
2023/7/10, 112, , 1
2023/7/11, 19, 1, 2
2023/7/12, 16, 3, 1
2023/7/13, 33, 2, 
2023/7/14, 115, 2, 
2023/7/15, 161, 2, 
2023/7/16, 142, 2, 1
2023/7/17, 52, 1, 2
2023/7/18, 50, 1, 
2023/7/19, 40, 1, 
2023/7/20, 81, 2, 
2023/7/21, 57, 2, 
2023/7/22, 84, 3, 1
2023/7/23, 106, 3, 1
2023/7/24, 126, 1, 1
2023/7/25, 109, , 1
2023/7/26, 59, 1, 1
2023/7/27, 7, 1, 
2023/7/28, 7, 1, 
2023/7/29, 14, 2, 
2023/7/30, 18, 1, 1
2023/7/31, 22, 1, 1
2023/8/1, 36, 1, 
2023/8/2, 36, 2, 
2023/8/3, 55, , 1
2023/8/4, 117, 1, 
2023/8/5, 47, 1, 
2023/8/6, 39, 2, 
2023/8/7, 81, 2, 
2023/8/8, 67, 1, 
2023/8/9, 49, , 1
2023/8/10, 14, , 1
2023/8/11, 13, , 
2023/8/12, 7, 1, 
2023/8/13, 16, 1, 1
2023/8/14, 23, 1, 1
2023/8/15, 26, 2, 
2023/8/16, 52, , 1
2023/8/17, 32, 3, 1
2023/8/18, 58, 1, 
2023/8/19, 34, , 
2023/8/20, 40, 2, 1
2023/8/21, 22, 2, 1
2023/8/22, 55, 1, 
2023/8/23, 50, , 
2023/8/24, 9, , 
2023/8/25, 30, , 
2023/8/26, 80, , 
2023/8/27, 59, , 
2023/8/28, 100, , 
2023/8/29, 131, , 1
2023/8/30, 105, , 1
2023/8/31, 97, , 
2023/9/1, 136, , 
2023/9/2, 156, , 
2023/9/3, 161, , 
2023/9/4, 318, , 
2023/9/5, 111, , 
2023/9/6, 16, , 
2023/9/7, 80, , 
2023/9/8, 62, , 
2023/9/9, 28, , 
2023/9/10, 32, , 
2023/9/11, 34, , 1
2023/9/12, 35, , 1
2023/9/13, 33, , 
2023/9/14, 73, , 
2023/9/15, 37, , 
2023/9/16, 20, , 1
2023/9/17, 66, , 3
2023/9/18, 50, , 
2023/9/19, 129, , 
2023/9/20, 29, , 
2023/9/21, 63, , 
2023/9/22, 57, , 2
2023/9/23, 50, , 1
2023/9/24, 38, , 
2023/9/25, 40, , 1
2023/9/26, 56, , 
2023/9/27, 46, , 
2023/9/28, 56, , 
2023/9/29, 37, , 
2023/9/30, 31, , 
2023/10/1, 28, , 
2023/4/2, 39, 2, 
2023/4/3, 20, 1, 
2023/4/4, 8, 2, 
2023/4/5, 10, 5, 
2023/4/6, 8, 3, 2
2023/4/7, 4, 2, 5
2023/4/8, 37, 3, 3
2023/4/9, 6, 4, 
2023/4/10, 34, 2, 
2023/4/11, 7, 1, 
2023/4/12, 5, 1, 
2023/4/13, 8, 2, 1
2023/4/14, 10, 4, 
2023/4/15, 14, 3, 
2023/4/16, 8, 1, 2
2023/4/17, 10, , 1
2023/4/18, 8, , 1
2023/4/19, 10, , 
2023/4/20, 9, 1, 
2023/4/21, 8, , 1
2023/4/22, 11, 2, 
2023/4/23, 16, 2, 1
2023/4/24, 8, , 3
2023/4/25, 8, , 4
2023/4/26, 7, , 
2023/4/27, 6, 1, 1
2023/4/28, 11, 2, 1
2023/4/29, 17, 2, 1
2023/4/30, 7, 1, 2
2023/5/1, 10, , 3
2023/5/2, 6, 1, 1
2023/5/3, 8, 1, 2
2023/5/4, 13, 1, 5
2023/5/5, 17, , 2
2023/5/6, 8, , 1
2023/5/7, 8, , 1
2023/5/8, 6, 1, 2
2023/5/9, 9, 2, 4
2023/5/10, 15, 2, 2
2023/5/11, 5, 5, 1
2023/5/12, 44, 4, 
2023/5/13, 63, 4, 
2023/5/14, 18, 3, 
2023/5/15, 6, 5, 
2023/5/16, 10, 5, 
2023/5/17, 78, 2, 
2023/5/18, 74, 1, 
2023/5/19, 11, 4, 
2023/5/20, 141, 6, 1
2023/5/21, 384, 3, 2
2023/5/22, 89, 3, 2
2023/5/23, 109, 1, 1
2023/5/24, 99, 2, 1
2023/5/25, 51, 3, 
2023/5/26, 58, 4, 
2023/5/27, 66, 4, 1
2023/5/28, 68, 4, 
2023/5/29, 49, 3, 
2023/5/30, 36, 3, 
2023/5/31, 99, 5, 1
2023/6/1, 74, 5, 1
2023/6/2, 37, 2, 1
2023/6/3, 89, 4, 
2023/6/4, 55, 2, 1
2023/6/5, 44, 6, 1
2023/6/6, 24, 2, 
2023/6/7, 13, 5, 1
2023/6/8, 19, 8, 1
2023/6/9, 94, 6, 1
2023/6/10, 108, 4, 1
2023/6/11, 83, 6, 1
2023/6/12, 58, 6, 1
2023/6/13, 146, 6, 2
2023/6/14, 198, 3, 2
2023/6/15, 80, 4, 
2023/6/16, 60, 3, 1
2023/6/17, 68, 3, 
2023/6/18, 23, 4, 1
2023/6/19, 20, 1, 
2023/6/20, 7, 2, 
2023/6/21, 13, 1, 
2023/6/22, 5, 2, 
2023/6/23, 20, 4, 1
2023/6/24, 28, 4, 1
2023/6/25, 28, 4, 
2023/6/26, 39, 2, 1
2023/6/27, 42, 3, 1
2023/6/28, 44, 3, 1
2023/6/29, 48, 4, 1
2023/6/30, 57, 3, 1
2023/7/1, 46, 3, 1
2023/1/3, 12, 9, 4
2023/1/4, 11, 11, 
2023/1/5, 9, 15, 3
2023/1/6, 8, 3, 7
2023/1/7, 8, 12, 
2023/1/8, 8, 11, 6
2023/1/9, 8, 11, 2
2023/1/10, 9, 9, 8
2023/1/11, 8, 5, 1
2023/1/12, 9, 2, 
2023/1/13, 10, 4, 2
2023/1/14, 6, 3, 3
2023/1/15, 7, 4, 
2023/1/16, 8, 1, 1
2023/1/17, 6, 1, 
2023/1/18, 5, 1, 
2023/1/19, 7, 3, 
2023/1/20, 7, 8, 1
2023/1/21, 7, 8, 1
2023/1/22, 6, 2, 1
2023/1/23, 6, 3, 1
2023/1/24, 4, 3, 1
2023/1/25, 4, 4, 
2023/1/26, 3, 2, 1
2023/1/27, 3, 2, 
2023/1/28, 2, , 
2023/1/29, 3, , 
2023/1/30, 2, 2, 
2023/1/31, 2, 4, 1
2023/2/1, 3, 7, 
2023/2/2, 2, 4, 4
2023/2/3, 2, 2, 4
2023/2/4, 6, 5, 5
2023/2/5, 11, 5, 1
2023/2/6, 9, 2, 
2023/2/7, 9, 1, 
2023/2/8, 9, 4, 
2023/2/9, 7, 6, 1
2023/2/10, 9, 5, 1
2023/2/11, 16, 1, 1
2023/2/12, 12, 2, 1
2023/2/13, 8, 2, 
2023/2/14, 10, 1, 
2023/2/15, 10, 1, 1
2023/2/16, 12, 2, 
2023/2/17, 12, 2, 1
2023/2/18, 11, 2, 1
2023/2/19, 7, 2, 3
2023/2/20, 7, 2, 
2023/2/21, 7, 2, 
2023/2/22, 5, 2, 
2023/2/23, 1, 4, 
2023/2/24, 3, 7, 
2023/2/25, 2, 4, 1
2023/2/26, 5, 2, 2
2023/2/27, 6, 1, 
2023/2/28, 9, 4, 
2023/3/1, 8, 4, 
2023/3/2, 15, 3, 1
2023/3/3, 18, 1, 
2023/3/4, 17, 3, 
2023/3/5, 17, 2, 
2023/3/6, 13, 2, 1
2023/3/7, 20, , 
2023/3/8, 10, , 1
2023/3/9, 5, , 1
2023/3/10, 11, , 1
2023/3/11, 12, , 2
2023/3/12, 5, 5, 
2023/3/14, 5, 2, 
2023/3/15, 11, 6, 
2023/3/16, 26, 9, 1
2023/3/18, 36, 4, 2
2023/3/19, 50, 7, 2
2023/3/20, 17, 1, 
2023/3/22, 15, 4, 
2023/3/25, 35, 6, 
2023/3/27, 45, 2, 
2023/3/28, 11, 3, 
2023/3/29, 15, 6, 
2023/3/30, 62, 2, 1
2023/3/31, 7, 3, 2
2023/4/1, 26, 3, 
2022/10/2, 22, 1, 
2022/10/3, 52, 3, 
2022/10/4, 29, 2, 
2022/10/5, 53, 1, 
2022/10/6, 23, 2, 
2022/10/7, 14, 2, 
2022/10/8, 24, 2, 
2022/10/9, 50, 4, 
2022/10/10, 53, 2, 
2022/10/11, 35, , 
2022/10/12, 10, , 
2022/10/13, 14, 1, 
2022/10/14, 38, 2, 
2022/10/15, 47, , 
2022/10/16, 12, , 2
2022/10/17, 4, , 2
2022/10/18, 18, 4, 
2022/10/19, 50, 5, 
2022/10/20, 72, 2, 
2022/10/21, 39, 1, 
2022/10/22, 22, 1, 
2022/10/23, 31, 2, 
2022/10/24, 9, 2, 
2022/10/25, 18, 1, 
2022/10/26, 20, 3, 
2022/10/27, 25, 3, 
2022/10/28, 16, 1, 
2022/10/29, 17, 3, 
2022/10/30, 15, 2, 
2022/10/31, 20, 1, 
2022/11/1, 20, , 
2022/11/2, 19, , 
2022/11/3, 8, , 
2022/11/4, 14, 1, 
2022/11/5, 34, 1, 
2022/11/6, 26, , 
2022/11/7, 4, 1, 
2022/11/8, 9, 2, 
2022/11/9, 22, 7, 
2022/11/10, 30, 6, 
2022/11/11, 36, 4, 
2022/11/12, 36, 5, 3
2022/11/13, 57, 5, 1
2022/11/14, 65, 8, 
2022/11/15, 50, 7, 
2022/11/16, 48, 1, 
2022/11/17, 12, 1, 
2022/11/18, 11, 2, 
2022/11/19, 19, 3, 
2022/11/20, 21, 2, 
2022/11/21, 30, 4, 
2022/11/22, 29, 5, 
2022/11/23, 42, 6, 
2022/11/24, 36, 6, 
2022/11/25, 28, 5, 
2022/11/26, 30, 2, 
2022/11/27, 15, 3, 
2022/11/28, 20, , 
2022/11/29, 5, 1, 
2022/11/30, 6, , 
2022/12/1, 10, 3, 
2022/12/2, 20, 7, 
2022/12/3, 28, 4, 
2022/12/4, 17, , 
2022/12/5, 9, 4, 
2022/12/6, 13, 5, 
2022/12/7, 19, 3, 1
2022/12/8, 13, 4, 5
2022/12/9, 25, 8, 1
2022/12/10, 45, 10, 5
2022/12/11, 76, 3, 1
2022/12/12, 41, 2, 
2022/12/13, 19, 2, 
2022/12/14, 26, 3, 
2022/12/15, 30, 1, 2
2022/12/16, 22, 2, 5
2022/12/17, 8, , 
2022/12/18, 8, , 
2022/12/19, 13, , 
2022/12/20, 20, 2, 
2022/12/21, 9, 2, 
2022/12/22, 5, 4, 
2022/12/23, 15, 9, 4
2022/12/24, 19, 1, 4
2022/12/25, 7, 1, 
2022/12/26, 17, 1, 3
2022/12/27, 10, 1, 
2022/12/28, 8, 1, 
2022/12/29, 10, 2, 
2022/12/30, 10, 5, 5
2022/12/31, 9, 9, 1
2023/1/1, 6, 10, 1
2023/1/2, 8, 12, 1
2022/7/2, 34, , 2
2022/7/3, 1, 1, 
2022/7/5, 2, , 
2022/7/6, 1, , 
2022/7/7, 1, 1, 1
2022/7/9, 1, 1, 
2022/7/10, 3, 1, 
2022/7/11, 3, 1, 
2022/7/12, 5, 1, 
2022/7/13, 5, , 
2022/7/14, 4, 1, 
2022/7/15, 3, 1, 
2022/7/16, 4, , 
2022/7/17, 3, 1, 
2022/7/18, 3, 1, 1
2022/7/19, 3, 1, 
2022/7/20, 2, , 
2022/7/21, 2, 1, 
2022/7/22, 4, 1, 
2022/7/23, 3, 2, 
2022/7/24, 4, 1, 
2022/7/25, 3, 1, 
2022/7/26, 2, 1, 
2022/7/27, 3, 2, 
2022/7/28, 4, 1, 
2022/7/29, 5, , 
2022/7/30, 10, , 
2022/7/31, 7, 1, 
2022/8/1, 5, 1, 1
2022/8/2, 2, , 
2022/8/4, 1, , 
2022/8/5, 1, , 
2022/8/6, 1, 1, 
2022/8/7, 1, , 
2022/8/8, 2, 1, 
2022/8/9, 2, 1, 
2022/8/10, 1, , 2
2022/8/11, 2, 1, 
2022/8/12, 2, 1, 
2022/8/13, 2, , 
2022/8/14, 2, , 2
2022/8/15, 2, 1, 1
2022/8/16, 2, 1, 1
2022/8/17, 3, , 
2022/8/18, 2, 1, 
2022/8/19, 2, 2, 
2022/8/20, 4, 1, 
2022/8/21, 4, 2, 
2022/8/22, 8, 1, 
2022/8/23, 12, 1, 
2022/8/24, 3, 1, 
2022/8/25, 6, 2, 
2022/8/26, 7, 1, 5
2022/8/27, 7, 1, 
2022/8/28, 3, , 
2022/8/29, 3, 1, 
2022/8/30, 3, 2, 
2022/8/31, 3, 1, 2
2022/9/1, 4, 1, 1
2022/9/2, 3, 1, 1
2022/9/3, 3, 1, 2
2022/9/4, 11, 1, 3
2022/9/5, 27, 2, 
2022/9/6, 7, 1, 
2022/9/7, 2, 1, 1
2022/9/8, 4, , 
2022/9/9, 5, , 
2022/9/10, 5, 1, 
2022/9/11, 11, 2, 
2022/9/12, 13, 1, 
2022/9/13, 3, , 2
2022/9/14, 4, , 2
2022/9/15, 3, 1, 2
2022/9/16, 3, , 
2022/9/17, 4, , 1
2022/9/18, 38, 1, 
2022/9/19, 15, 1, 
2022/9/20, 20, , 
2022/9/21, 9, 1, 
2022/9/22, 15, 1, 
2022/9/23, 14, 1, 1
2022/9/24, 28, , 
2022/9/25, 9, 2, 
2022/9/26, 7, 1, 
2022/9/27, 9, 1, 4
2022/9/28, 8, 2, 
2022/9/29, 9, 1, 
2022/9/30, 57, , 
2022/10/1, 8, , 
2022/4/2, 15, 2, 1
2022/4/3, 19, 2, 2
2022/4/4, 21, 1, 2
2022/4/5, 15, 2, 1
2022/4/6, 23, 1, 1
2022/4/7, 7, 2, 1
2022/4/8, 13, 1, 1
2022/4/9, 16, , 
2022/4/10, 14, , 
2022/4/11, 8, , 1
2022/4/12, 14, 1, 
2022/4/13, 11, , 
2022/4/14, 9, , 
2022/4/15, 9, , 
2022/4/16, 13, 1, 1
2022/4/17, 17, 1, 1
2022/4/18, 19, 3, 1
2022/4/19, 26, , 1
2022/4/20, 18, , 1
2022/4/21, 11, 4, 1
2022/4/22, 21, 1, 1
2022/4/23, 32, 2, 1
2022/4/24, 24, 2, 2
2022/4/25, 14, , 3
2022/4/26, 14, 1, 2
2022/4/27, 15, 1, 1
2022/4/28, 14, 3, 1
2022/4/29, 10, 3, 1
2022/4/30, 14, 2, 1
2022/5/1, 14, , 1
2022/5/2, 14, , 2
2022/5/3, 14, 1, 1
2022/5/4, 16, 1, 1
2022/5/5, 24, 2, 1
2022/5/6, 19, 1, 1
2022/5/7, 14, 1, 1
2022/5/8, 9, , 1
2022/5/9, 11, 2, 1
2022/5/10, 14, 1, 1
2022/5/11, 17, 3, 1
2022/5/12, 18, 2, 1
2022/5/13, 14, 1, 2
2022/5/14, 19, 1, 1
2022/5/15, 12, 1, 1
2022/5/16, 24, , 2
2022/5/17, 13, 1, 2
2022/5/18, 16, 1, 2
2022/5/19, 14, , 2
2022/5/20, 10, 1, 2
2022/5/21, 11, 2, 2
2022/5/22, 17, 2, 2
2022/5/23, 22, 2, 2
2022/5/24, 20, 1, 2
2022/5/25, 15, 2, 2
2022/5/26, 19, 2, 2
2022/5/27, 16, 2, 3
2022/5/28, 23, 2, 2
2022/5/29, 28, 4, 2
2022/5/30, 19, 1, 2
2022/5/31, 11, 2, 2
2022/6/1, 13, , 
2022/6/10, 45, 3, 3
2022/6/11, 22, 3, 2
2022/6/12, 24, 6, 2
2022/6/13, 24, 4, 2
2022/6/14, 26, 1, 2
2022/6/15, 11, 1, 2
2022/6/16, 14, , 2
2022/6/17, 18, 1, 2
2022/6/18, 22, 1, 3
2022/6/19, 27, 2, 3
2022/6/20, 33, 2, 2
2022/6/21, 11, 1, 2
2022/6/22, 24, 2, 2
2022/6/23, 22, 1, 2
2022/6/24, 22, , 2
2022/6/25, 9, 1, 2
2022/6/26, 29, 2, 2
2022/6/27, 24, 1, 2
2022/6/28, 17, 1, 3
2022/6/29, 16, 1, 3
2022/6/30, 15, 1, 2
2022/7/1, 23, 5, 
2022/1/4, 12, , 
2022/1/5, 13, 3, 
2022/1/6, 20, 7, 3
2022/1/7, 26, 4, 2
2022/1/8, 19, 3, 
2022/1/9, 23, 8, 1
2022/1/10, 31, 3, 2
2022/1/11, 17, 7, 
2022/1/12, 11, 5, 
2022/1/13, 15, 6, 1
2022/1/14, 31, 1, 
2022/1/15, 14, 3, 
2022/1/16, 18, 3, 
2022/1/17, 8, 3, 1
2022/1/18, 21, 1, 
2022/1/19, 9, 6, 1
2022/1/20, 22, 4, 5
2022/1/21, 13, 1, 
2022/1/22, 3, 1, 1
2022/1/23, 8, 1, 
2022/1/24, 14, 1, 1
2022/1/25, 12, 7, 
2022/1/26, 20, , 
2022/1/27, 3, 2, 
2022/1/28, 6, 6, 1
2022/1/29, 24, 5, 
2022/1/30, 19, 5, 2
2022/1/31, 28, 2, 2
2022/2/1, 19, 1, 
2022/2/2, 12, 4, 
2022/2/3, 28, 4, 3
2022/2/4, 16, 6, 1
2022/2/5, 16, 3, 1
2022/2/6, 16, 6, 
2022/2/7, 6, 3, 
2022/2/8, 2, 1, 
2022/2/9, 1, 2, 
2022/2/10, 2, , 
2022/2/11, 8, 1, 2
2022/2/12, 62, 2, 1
2022/2/13, 20, 1, 
2022/2/14, 11, 2, 
2022/2/15, 12, 1, 
2022/2/16, 9, 2, 
2022/2/17, 5, 3, 2
2022/2/18, 13, 1, 
2022/2/19, 8, 1, 
2022/2/20, 10, 2, 
2022/2/21, 16, 2, 
2022/2/22, 23, 5, 
2022/2/23, 37, 6, 
2022/2/24, 30, 4, 3
2022/2/25, 21, 6, 
2022/2/26, 22, 4, 2
2022/2/27, 20, , 
2022/2/28, 13, 1, 
2022/3/1, 49, 5, 1
2022/3/2, 41, , 1
2022/3/3, 14, 1, 3
2022/3/4, 9, , 
2022/3/5, 7, 3, 
2022/3/6, 21, 5, 
2022/3/7, 35, 3, 
2022/3/8, 6, 1, 
2022/3/9, 1, 2, 
2022/3/10, 1, 1, 
2022/3/11, 2, 5, 
2022/3/12, 2, 2, 1
2022/3/13, 7, 2, 1
2022/3/14, 8, 1, 1
2022/3/15, 7, 3, 5
2022/3/16, 30, 3, 1
2022/3/17, 10, 5, 2
2022/3/18, 26, 4, 
2022/3/19, 26, 4, 3
2022/3/20, 13, 1, 2
2022/3/21, 20, 2, 
2022/3/22, 13, 3, 
2022/3/23, 18, 2, 1
2022/3/24, 14, 1, 
2022/3/25, 13, 1, 
2022/3/26, 11, , 1
2022/3/27, 11, , 1
2022/3/28, 16, 1, 
2022/3/29, 16, 1, 
2022/3/30, 16, 2, 
2022/3/31, 14, 1, 1
2022/4/1, 12, , 
2021/10/2, 18, 4, 
2021/10/3, 29, 3, 
2021/10/4, 28, 3, 
2021/10/5, 14, 1, 
2021/10/6, 134, 3, 
2021/10/7, 162, 1, 
2021/10/8, 24, 3, 
2021/10/9, 24, 6, 1
2021/10/10, 34, 3, 
2021/10/11, 26, 1, 
2021/10/12, 9, 2, 
2021/10/13, 12, 2, 
2021/10/14, 19, 2, 
2021/10/15, 23, 4, 
2021/10/16, 23, , 
2021/11/9, 33, 4, 1
2021/11/10, 19, 1, 
2021/11/11, 25, 2, 
2021/11/12, 28, 1, 
2021/11/13, 15, 3, 
2021/11/14, 27, 4, 1
2021/11/15, 21, 3, 
2021/11/16, 56, , 
2021/11/17, 9, 2, 
2021/11/18, 12, 4, 1
2021/11/19, 29, 8, 
2021/11/20, 52, 4, 
2021/11/21, 33, 3, 
2021/11/22, 12, 5, 2
2021/11/23, 23, 3, 
2021/11/24, 19, 2, 
2021/11/25, 11, 3, 
2021/11/26, 20, 6, 
2021/11/27, 24, 3, 
2021/11/28, 13, 3, 5
2021/11/29, 16, 4, 
2021/11/30, 18, 5, 
2021/12/1, 21, 2, 
2021/12/2, 14, 3, 1
2021/12/3, 14, 3, 2
2021/12/4, 13, 8, 1
2021/12/5, 44, 1, 
2021/12/6, 13, 8, 
2021/12/7, 47, 12, 
2021/12/8, 119, 5, 
2021/12/9, 44, 3, 
2021/12/10, 17, 4, 
2021/12/11, 17, 3, 
2021/12/12, 21, 7, 
2021/12/13, 52, 2, 
2021/12/14, 34, , 
2021/12/15, 15, 2, 
2021/12/16, 12, 5, 
2021/12/17, 16, 6, 
2021/12/18, 16, 6, 2
2021/12/19, 24, 2, 
2021/12/20, 15, 2, 
2021/12/21, 12, 5, 
2021/12/22, 20, 4, 1
2021/12/23, 16, 1, 
2021/12/24, 26, 1, 
2021/12/25, 6, 1, 
2021/12/26, 6, 3, 
2021/12/27, 21, 5, 
2021/12/28, 28, 8, 
2021/12/29, 44, 2, 
2021/12/30, 15, 8, 
2021/12/31, 18, 4, 1
2022/1/1, 25, 7, 5
2022/1/2, 40, 4, 2
2022/1/3, 22, , 
2021/7/2, 27, , 
2021/7/5, 6, 1, 
2021/7/6, 12, 1, 1
2021/7/7, 14, 1, 
2021/7/8, 26, 3, 1
2021/7/9, 36, 3, 1
2021/7/10, 44, 4, 
2021/7/11, 38, 1, 
2021/7/12, 25, 1, 
2021/7/13, 16, 2, 
2021/7/14, 95, 1, 1
2021/7/15, 59, 1, 2
2021/7/16, 53, 1, 
2021/7/17, 116, 1, 
2021/7/18, 194, 1, 
2021/7/19, 177, 1, 
2021/7/20, 111, 1, 
2021/7/21, 51, 1, 
2021/7/22, 71, 2, 
2021/7/23, 69, 1, 
2021/7/24, 37, 1, 
2021/7/25, 13, 2, 
2021/7/26, 30, 2, 
2021/7/27, 31, 3, 
2021/7/28, 40, 2, 
2021/7/29, 27, 4, 6
2021/7/30, 61, 3, 
2021/7/31, 54, 3, 
2021/8/1, 33, 2, 2
2021/8/2, 52, 3, 
2021/8/3, 91, 2, 
2021/8/4, 81, 2, 
2021/8/5, 74, 3, 
2021/8/6, 66, 2, 1
2021/8/7, 53, 1, 1
2021/8/8, 23, 1, 
2021/8/9, 17, 2, 
2021/8/10, 14, , 
2021/8/11, 13, , 
2021/8/12, 9, , 
2021/8/13, 8, 2, 
2021/8/14, 29, 2, 
2021/8/15, 65, 2, 
2021/8/16, 60, 2, 
2021/8/17, 41, 1, 
2021/8/18, 8, 3, 1
2021/8/19, 37, 2, 
2021/8/20, 29, 2, 
2021/8/21, 24, 2, 2
2021/8/22, 19, 1, 1
2021/8/23, 15, , 
2021/8/24, 27, 1, 
2021/8/25, 35, 2, 
2021/8/26, 26, 1, 1
2021/8/27, 19, 1, 
2021/8/28, 29, 2, 
2021/8/29, 22, 3, 
2021/8/30, 14, 2, 
2021/8/31, 27, 2, 
2021/9/1, 29, 1, 
2021/9/2, 18, , 
2021/9/3, 10, 1, 
2021/9/4, 14, 2, 
2021/9/5, 27, 2, 
2021/9/6, 21, 2, 
2021/9/7, 21, 1, 
2021/9/8, 16, 3, 1
2021/9/9, 20, 2, 
2021/9/10, 23, 1, 
2021/9/11, 8, 2, 
2021/9/12, 15, 3, 
2021/9/13, 15, 1, 
2021/9/14, 12, 2, 1
2021/9/15, 13, 1, 
2021/9/16, 11, , 
2021/9/17, 8, 1, 1
2021/9/18, 13, 2, 2
2021/9/19, 26, , 
2021/9/20, 12, 1, 
2021/9/21, 14, 2, 
2021/9/22, 13, 3, 
2021/9/23, 15, , 
2021/9/24, 8, 1, 
2021/9/25, 15, 2, 
2021/9/26, 19, 3, 
2021/9/27, 15, 2, 1
2021/9/28, 34, 2, 
2021/9/29, 9, 1, 
2021/9/30, 9, 2, 
2021/10/1, 11, 1, 
2021/4/2, 22, 2, 2
2021/4/3, 10, 1, 
2021/4/4, 16, 3, 2
2021/4/5, 16, 1, 2
2021/4/6, 12, 3, 
2021/4/7, 21, 3, 
2021/4/8, 33, 1, 
2021/4/9, 21, 2, 
2021/4/10, 10, 1, 
2021/4/11, 16, 1, 
2021/4/12, 12, 1, 
2021/4/13, 12, 2, 
2021/4/14, 11, 3, 
2021/4/15, 19, 4, 
2021/4/16, 28, 2, 
2021/4/17, 24, 2, 
2021/4/18, 24, , 
2021/4/19, 7, 1, 
2021/4/20, 7, 3, 
2021/4/21, 23, 1, 
2021/4/22, 29, , 
2021/4/23, 12, 1, 1
2021/4/24, 20, 2, 
2021/4/25, 23, 4, 
2021/4/26, 34, 3, 
2021/4/27, 28, , 
2021/4/28, 13, 1, 1
2021/4/29, 26, 3, 1
2021/4/30, 26, 1, 2
2021/5/1, 15, 1, 
2021/5/2, 9, 1, 
2021/5/3, 7, 2, 
2021/5/4, 17, 1, 
2021/5/5, 18, 1, 
2021/5/6, 31, 2, 
2021/5/7, 24, , 
2021/5/8, 24, , 
2021/5/9, 27, 2, 4
2021/5/10, 29, 2, 
2021/5/11, 36, 3, 
2021/5/12, 24, 3, 
2021/5/13, 23, 3, 6
2021/5/14, 26, 3, 
2021/5/15, 21, 4, 
2021/5/16, 32, 3, 
2021/5/17, 23, 2, 2
2021/5/18, 23, 1, 
2021/5/19, 18, , 
2021/5/20, 7, , 
2021/5/21, 8, 2, 
2021/5/22, 17, 2, 
2021/5/23, 16, 1, 
2021/5/24, 30, 1, 
2021/5/25, 31, , 
2021/5/26, 7, 1, 
2021/5/27, 12, 1, 
2021/5/28, 13, 1, 
2021/5/29, 9, , 
2021/5/30, 13, 2, 
2021/5/31, 19, 3, 
2021/6/1, 15, 3, 
2021/6/2, 25, 4, 
2021/6/3, 28, 5, 
2021/6/4, 44, 2, 
2021/6/5, 21, 2, 
2021/6/6, 29, 2, 1
2021/6/7, 13, 2, 
2021/6/8, 16, 2, 
2021/6/9, 12, 4, 1
2021/6/10, 21, 2, 
2021/6/11, 32, , 
2021/6/12, 5, 2, 
2021/6/13, 3, 2, 
2021/6/14, 3, 2, 
2021/6/15, 2, 2, 1
2021/6/16, 3, 1, 
2021/6/17, 1, 1, 
2021/6/18, 2, , 
2021/6/19, 2, 4, 3
2021/6/20, 22, 1, 
2021/6/21, 16, 3, 
2021/6/22, 23, 4, 
2021/6/23, 32, , 
2021/6/24, 13, 2, 
2021/6/25, 26, 2, 
2021/6/26, 21, 2, 
2021/6/27, 16, 1, 
2021/6/28, 26, 3, 
2021/6/29, 31, 2, 5
2021/6/30, 35, 3, 2
2021/7/1, 40, 2, 1
2021/3/27, 21, 2, 
2021/3/28, 23, 2, 
2021/3/29, 11, 1, 
2021/3/30, 9, , 
2021/3/31, 5, , 
2021/4/1, 20, 3, 2
2020/7/2, 8, , 
2020/7/3, 9, 1, 
2020/7/4, 10, 1, 
2020/7/5, 38, , 
2020/7/6, 11, , 
2020/7/7, 13, 1, 
2020/7/8, 28, 1, 
2020/7/9, 13, , 
2020/7/10, 8, , 
2020/7/11, 21, 1, 
2020/7/12, 30, , 
2020/7/13, 12, , 
2020/7/14, 9, , 
2020/7/15, 9, , 
2020/7/16, 14, , 
2020/7/17, 23, , 
2020/7/18, 14, , 
2020/7/19, 9, , 
2020/7/20, 15, , 
2020/7/21, 17, 1, 
2020/7/22, 22, , 
2020/7/23, 33, 1, 
2020/7/24, 30, , 
2020/7/25, 19, , 
2020/7/26, 10, , 
2020/7/27, 10, , 
2020/7/28, 23, 1, 
2020/7/29, 25, , 
2020/7/30, 32, , 
2020/7/31, 40, 1, 
2020/8/1, 30, 1, 
2020/8/2, 28, , 2
2020/8/3, 29, , 1
2020/8/4, 27, , 
2020/8/5, 12, 1, 
2020/8/6, 21, , 2
2020/8/7, 33, , 
2020/8/8, 20, , 
2020/8/9, 9, , 
2020/8/10, 9, , 
2020/8/11, 14, , 
2020/8/12, 15, , 
2020/8/13, 25, 1, 
2020/8/14, 24, 1, 
2020/8/15, 18, 1, 
2020/8/16, 15, 1, 
2020/8/17, 19, 1, 2
2020/8/18, 29, 1, 1
2020/8/19, 37, 1, 
2020/8/20, 28, , 
2020/8/21, 40, , 
2020/8/22, 26, , 
2020/8/23, 27, , 
2020/8/24, 9, 1, 1
2020/8/25, 9, , 
2020/8/26, 16, 1, 
2020/8/27, 19, 1, 
2020/8/28, 13, , 
2020/8/29, 11, , 
2020/8/30, 18, , 
2020/8/31, 10, , 
2020/9/1, 14, , 
2020/9/2, 9, , 
2020/9/3, 14, , 
2020/9/4, 12, 1, 
2020/9/5, 18, 2, 2
2020/9/6, 16, , 
2020/9/7, 10, , 
2020/9/8, 10, 2, 
2020/9/9, 13, 1, 
2020/9/10, 19, 1, 
2020/9/11, 22, 2, 
2020/9/12, 20, , 
2020/9/13, 53, 1, 1
2020/9/14, 999, , 
2020/9/15, 999, 1, 
2020/9/16, 999, 1, 
2020/9/17, 582, 1, 
2020/9/18, 42, 1, 
2020/9/19, 32, 2, 1
2020/9/20, 65, 2, 
2020/9/21, 80, 1, 
2020/9/22, 15, , 
2020/9/23, 2, 1, 1
2020/9/24, 12, , 
2020/9/25, 609, 1, 
2020/9/26, 999, 2, 
2020/9/27, 955, , 
2020/9/28, 999, 1, 
2020/9/29, 999, , 
2020/9/30, 999, , 
2020/4/2, 15, 2, 1
2020/4/3, 17, 2, 2
2020/4/4, 22, 4, 2
2020/4/5, 11, 1, 1
2020/4/6, 20, 2, 1
2020/4/7, 25, 4, 1
2020/4/8, 32, 1, 1
2020/4/9, 10, 3, 1
2020/4/10, 23, 1, 1
2020/4/11, 19, , 1
2020/4/12, 10, 1, 1
2020/4/13, 15, 1, 1
2020/4/14, 23, 4, 1
2020/4/15, 27, 1, 1
2020/4/16, 18, 1, 1
2020/4/17, 18, 2, 1
2020/4/18, 17, , 1
2020/4/19, 11, 1, 1
2020/4/20, 15, 1, 2
2020/4/21, 9, , 1
2020/4/22, 20, , 1
2020/4/23, 18, 1, 1
2020/4/24, 15, 1, 1
2020/4/25, 13, 1, 1
2020/4/26, 17, , 1
2020/4/27, 13, 1, 1
2020/4/28, 15, 1, 1
2020/4/29, 15, 2, 1
2020/4/30, 13, , 1
2020/5/1, 15, , 1
2020/5/2, 14, 1, 1
2020/5/3, 13, , 1
2020/5/4, 17, , 1
2020/5/5, 17, 1, 1
2020/5/6, 27, 1, 3
2020/5/7, 29, , 2
2020/5/8, 23, 2, 1
2020/5/9, 20, , 1
2020/5/10, 16, 1, 1
2020/5/11, 11, 1, 1
2020/5/12, 11, 1, 2
2020/5/13, 12, 4, 1
2020/5/14, 28, 1, 1
2020/5/15, 28, 1, 1
2020/5/16, 15, 1, 1
2020/5/17, 40, 1, 1
2020/5/18, 19, 2, 2
2020/5/19, 17, 1, 2
2020/5/20, 19, 1, 2
2020/5/21, 14, , 2
2020/5/22, 9, , 2
2020/5/23, 8, , 2
2020/5/24, 11, 2, 2
2020/5/25, 13, 1, 2
2020/5/26, 15, 1, 2
2020/5/27, 18, , 1
2020/5/28, 10, 1, 2
2020/5/29, 14, 2, 1
2020/5/30, 16, 2, 2
2020/5/31, 22, 1, 3
2020/6/1, 23, , 2
2020/6/2, 21, 1, 2
2020/6/3, 12, 2, 2
2020/6/4, 20, , 1
2020/6/5, 11, , 2
2020/6/6, 16, , 2
2020/6/7, 17, , 2
2020/6/8, 9, , 2
2020/6/9, 7, 1, 1
2020/6/10, 4, 1, 2
2020/6/11, 14, 1, 2
2020/6/12, 21, 1, 2
2020/6/13, 10, 2, 3
2020/6/14, 15, 1, 2
2020/6/15, 18, 1, 2
2020/6/16, 4, 2, 2
2020/6/17, 12, , 2
2020/6/18, 15, , 1
2020/6/19, 9, 1, 1
2020/6/20, 11, 1, 1
2020/6/21, 8, , 
2020/6/22, 9, 2, 3
2020/6/23, 25, 3, 
2020/6/24, 31, 2, 
2020/6/25, 29, 1, 
2020/6/26, 12, 3, 
2020/6/27, 23, 4, 
2020/6/28, 30, 2, 
2020/6/29, 34, 2, 
2020/6/30, 38, 1, 
2020/7/1, 11, , 
2020/1/5, 28, 2, 1
2020/1/6, 1, 3, 
2020/1/7, 5, 2, 
2020/1/10, 3, 2, 
2020/1/11, 39, 8, 2
2020/1/15, 25, 5, 
2020/1/16, 44, 7, 
2020/1/17, 37, 8, 1
2020/1/18, 10, 2, 
2020/1/19, 18, 4, 
2020/1/20, 17, 8, 1
2020/1/26, 12, 6, 
2020/1/27, 2, 1, 
2020/1/30, 37, 3, 2
2020/1/31, 43, 4, 2
2020/2/4, 2, 5, 
2020/2/5, 20, 5, 1
2020/2/9, 33, 8, 
2020/2/10, 1, 2, 1
2020/2/11, 1, 1, 
2020/2/12, 4, 2, 
2020/2/13, 19, 3, 
2020/2/14, 16, 4, 6
2020/2/15, 21, 3, 
2020/2/16, 3, 3, 2
2020/2/17, 12, 3, 2
2020/2/18, 9, 4, 1
2020/2/19, 16, 4, 
2020/2/20, 25, 8, 1
2020/2/21, 34, 8, 1
2020/2/22, 22, 5, 1
2020/2/23, 29, 7, 1
2020/2/24, 7, 4, 1
2020/2/25, 24, 8, 1
2020/2/26, 32, 7, 4
2020/2/27, 40, 6, 4
2020/2/28, 15, 5, 1
2020/2/29, 8, 4, 1
2020/3/1, 6, 2, 1
2020/3/2, 14, 1, 1
2020/3/3, 12, 1, 1
2020/3/4, 6, 2, 1
2020/3/5, 2, 2, 1
2020/3/6, 19, 4, 2
2020/3/7, 16, 5, 1
2020/3/8, 6, , 
2020/3/9, 11, 1, 
2020/3/10, 35, 11, 1
2020/3/11, 38, 8, 1
2020/3/12, 4, 3, 1
2020/3/13, 3, 2, 
2020/3/14, 6, 1, 
2020/3/15, 3, , 
2020/3/16, 29, 2, 
2020/3/17, 29, 4, 1
2020/3/18, 25, 3, 1
2020/3/19, 29, 4, 1
2020/3/20, 27, 4, 
2020/3/21, 28, 4, 1
2020/3/22, 43, 4, 1
2020/3/23, 27, 4, 1
2020/3/24, 16, 2, 
2020/3/25, 23, 1, 1
2020/3/26, 20, 4, 1
2020/3/27, 27, 4, 1
2020/3/28, 11, 2, 1
2020/3/29, 19, 2, 1
2020/3/30, 11, , 
2020/3/31, 16, , 1
2020/4/1, 14, , 1
2019/10/2, 6, 1, 
2019/10/4, 5, 1, 
2019/10/5, 17, 1, 
2019/10/6, 10, 2, 
2019/10/7, 22, 5, 
2019/10/8, 27, , 
2019/10/9, 2, 1, 
2019/10/10, 5, 2, 
2019/10/11, 21, 4, 
2019/10/12, 28, 4, 
2019/10/13, 35, 6, 
2019/10/14, 46, 3, 
2019/10/15, 30, , 
2019/10/16, 4, , 
2019/10/17, 11, 2, 
2019/10/18, 32, 3, 
2019/10/19, 22, 3, 
2019/10/20, 15, 1, 
2019/10/21, 14, 2, 1
2019/10/22, 18, 1, 
2019/10/23, 17, 1, 
2019/10/24, 15, 2, 
2019/10/25, 10, 2, 
2019/10/26, 12, , 
2019/10/27, 11, , 
2019/10/28, 9, , 
2019/10/29, 11, 1, 
2019/10/30, 10, 5, 
2019/10/31, 18, 1, 
2019/11/1, 14, 1, 
2019/11/2, 12, 3, 
2019/11/3, 20, 1, 
2019/11/4, 20, 2, 
2019/11/5, 11, 1, 
2019/11/6, 13, 3, 
2019/11/7, 15, 6, 
2019/11/8, 40, 5, 
2019/11/9, 61, 1, 
2019/11/10, 14, 1, 
2019/11/11, 9, 4, 
2019/11/12, 20, 6, 
2019/11/13, 18, 6, 
2019/11/14, 35, 3, 
2019/11/15, 24, 2, 
2019/11/16, 37, 2, 
2019/11/17, 28, 1, 
2019/11/18, 19, , 
2019/11/19, 9, 4, 
2019/11/20, 11, 3, 
2019/11/21, 17, 2, 
2019/11/22, 24, 4, 
2019/11/23, 25, 1, 
2019/11/24, 9, 2, 
2019/11/25, 11, 1, 
2019/11/26, 10, 2, 
2019/11/27, 22, 3, 
2019/11/28, 9, 1, 
2019/11/29, 12, 1, 
2019/11/30, 13, 4, 
2019/12/1, 21, 2, 
2019/12/2, 18, 8, 
2019/12/3, 20, 2, 
2019/12/4, 11, 4, 
2019/12/5, 12, 2, 1
2019/12/6, 47, 4, 
2019/12/16, 39, 3, 
2019/12/20, 15, 8, 
2019/7/2, 20, , 
2019/7/3, 4, 1, 
2019/7/4, 9, 1, 
2019/7/5, 14, 1, 
2019/7/6, 24, 2, 
2019/7/7, 13, , 
2019/7/8, 14, , 
2019/7/9, 24, 1, 
2019/7/10, 14, 1, 
2019/7/11, 12, 1, 
2019/7/12, 29, 1, 
2019/7/13, 24, 2, 
2019/7/14, 25, 1, 
2019/7/15, 22, 1, 
2019/7/16, 38, 1, 1
2019/7/17, 27, 1, 
2019/7/18, 21, 1, 
2019/7/19, 12, , 
2019/7/20, 17, 1, 
2019/7/21, 18, 1, 
2019/7/22, 26, 1, 
2019/7/23, 23, 1, 
2019/7/24, 29, 1, 
2019/7/25, 32, , 
2019/7/26, 7, , 
2019/7/27, 12, 2, 
2019/7/28, 20, , 
2019/7/29, 18, 1, 
2019/7/30, 14, , 1
2019/7/31, 21, , 
2019/8/1, 33, , 
2019/8/2, 31, 1, 
2019/8/3, 41, , 
2019/8/4, 34, , 
2019/8/5, 21, , 
2019/8/6, 37, , 
2019/8/7, 18, 1, 
2019/8/8, 15, 1, 
2019/8/9, 22, 1, 
2019/8/10, 19, 1, 
2019/8/11, 12, 1, 
2019/8/12, 19, 1, 
2019/8/13, 15, 1, 
2019/8/14, 23, 1, 
2019/8/15, 23, 1, 
2019/8/16, 31, , 
2019/8/17, 12, , 
2019/8/18, 5, 1, 
2019/8/19, 13, 2, 
2019/8/20, 17, 2, 
2019/8/21, 19, , 1
2019/8/22, 19, 1, 1
2019/8/23, 25, 1, 1
2019/8/24, 14, , 
2019/8/25, 21, 1, 
2019/8/26, 15, , 
2019/8/27, 10, , 
2019/8/28, 16, , 
2019/8/29, 11, 1, 
2019/8/30, 16, 2, 
2019/8/31, 23, 1, 
2019/9/1, 42, 1, 
2019/9/2, 26, , 
2019/9/3, 32, 1, 
2019/9/4, 101, 2, 
2019/9/5, 260, 1, 
2019/9/6, 29, 2, 
2019/9/7, 291, , 
2019/9/8, 330, 1, 
2019/9/9, 609, , 
2019/9/10, 208, , 
2019/9/11, 815, , 
2019/9/12, 412, , 
2019/9/13, 34, , 
2019/9/14, 10, 2, 
2019/9/15, 16, 2, 
2019/9/16, 17, 2, 
2019/9/17, 16, 1, 
2019/9/18, 17, 2, 
2019/9/19, 15, 1, 
2019/9/20, 36, 1, 
2019/9/21, 14, 1, 
2019/9/22, 11, 2, 
2019/9/23, 18, 2, 
2019/9/24, 18, , 
2019/9/25, 12, 1, 
2019/9/26, 9, 1, 
2019/9/27, 14, 1, 
2019/9/28, 11, 1, 
2019/9/29, 1, , 
2019/4/2, 17, , 
2019/4/3, 10, 1, 
2019/4/4, 14, 1, 
2019/4/5, 20, 1, 2
2019/4/6, 17, , 
2019/4/7, 33, 1, 2
2019/4/8, 19, 1, 
2019/4/9, 10, 1, 
2019/4/10, 17, , 1
2019/4/11, 16, , 1
2019/4/12, 16, 1, 
2019/4/13, 13, 2, 
2019/4/14, 17, 2, 
2019/4/15, 13, , 
2019/4/16, 17, 2, 
2019/4/17, 21, 1, 
2019/4/18, 14, 1, 
2019/4/19, 11, 2, 
2019/4/20, 9, 1, 
2019/4/21, 15, 2, 
2019/4/22, 28, , 
2019/4/23, 17, 1, 
2019/4/24, 14, 2, 
2019/4/25, 18, , 
2019/4/26, 12, 3, 
2019/4/27, 19, 2, 
2019/4/28, 13, 1, 
2019/4/29, 17, 4, 
2019/4/30, 19, 2, 
2019/5/1, 13, 1, 
2019/5/2, 13, 1, 
2019/5/3, 47, 1, 
2019/5/4, 11, , 
2019/5/5, 11, 1, 
2019/5/6, 14, 2, 
2019/5/7, 14, 2, 
2019/5/8, 20, , 
2019/5/9, 16, , 
2019/5/10, 13, 1, 
2019/5/11, 13, 1, 
2019/5/12, 13, 1, 
2019/5/13, 28, 2, 
2019/5/14, 27, 2, 
2019/5/15, 17, 2, 
2019/5/16, 20, , 
2019/5/17, 30, 4, 3
2019/5/18, 34, 1, 
2019/5/19, 50, 1, 
2019/5/20, 15, 2, 2
2019/5/21, 22, 1, 
2019/5/22, 26, 4, 
2019/5/23, 59, 4, 
2019/5/24, 46, 2, 
2019/5/25, 49, , 
2019/5/26, 48, 1, 
2019/5/27, 43, 1, 
2019/5/28, 50, 3, 
2019/5/29, 49, 2, 
2019/5/30, 56, 1, 
2019/5/31, 76, 1, 
2019/6/1, 53, 3, 2
2019/6/2, 40, 1, 3
2019/6/3, 62, 3, 1
2019/6/4, 59, 1, 1
2019/6/5, 60, 2, 
2019/6/6, 22, 1, 
2019/6/7, 21, , 
2019/6/8, 17, , 
2019/6/9, 11, 2, 
2019/6/10, 36, 3, 
2019/6/11, 24, 2, 
2019/6/12, 33, 2, 
2019/6/13, 31, 3, 
2019/6/14, 24, 3, 
2019/6/15, 34, 1, 
2019/6/16, 35, 1, 2
2019/6/17, 25, 1, 
2019/6/18, 9, 2, 1
2019/6/19, 15, 1, 
2019/6/20, 25, , 
2019/6/21, 8, , 
2019/6/22, 9, 1, 
2019/6/23, 32, 1, 
2019/6/24, 24, , 
2019/6/25, 18, 1, 
2019/6/26, 9, 1, 
2019/6/27, 13, 2, 
2019/6/28, 20, 1, 
2019/6/29, 17, 1, 
2019/6/30, 8, , 
2019/7/1, 10, 1, 
2019/1/4, 2, 2, 
2019/1/9, 4, 8, 
2019/1/12, 41, 1, 1
2019/1/13, 28, 5, 2
2019/1/14, 54, 18, 
2019/1/15, 58, 11, 
2019/1/16, 10, 1, 
2019/1/17, 6, , 1
2019/1/18, 22, 4, 
2019/1/19, 42, 7, 3
2019/1/20, 5, 1, 
2019/1/21, 5, 3, 1
2019/1/23, 26, 9, 
2019/1/25, 7, 5, 
2019/1/27, 47, 3, 1
2019/1/28, 25, 3, 
2019/2/1, 9, 2, 2
2019/2/2, 24, , 
2019/2/5, 10, , 3
2019/2/6, 12, 4, 
2019/2/7, 30, 8, 
2019/2/11, 33, 7, 
2019/2/13, 48, 8, 
2019/2/15, 65, 12, 8
2019/2/18, 14, 1, 
2019/2/19, 20, 2, 
2019/2/21, 40, 3, 1
2019/2/23, 48, 2, 3
2019/2/24, 42, 1, 
2019/2/25, 5, 1, 
2019/2/27, 55, 4, 1
2019/2/28, 21, 1, 1
2019/3/1, 15, 1, 
2019/3/2, 14, 1, 
2019/3/3, 31, 1, 
2019/3/5, 18, , 
2019/3/7, 20, , 
2019/3/8, 12, 1, 2
2019/3/11, 34, 5, 2
2019/3/16, 12, 4, 
2019/3/17, 22, 3, 
2019/3/18, 44, 6, 
2019/3/19, 20, 3, 
2019/3/20, 28, 4, 
2019/3/21, 64, 9, 
2019/3/22, 38, 6, 
2019/3/23, 18, 3, 1
2019/3/24, 19, 4, 
2019/3/25, 18, , 
2019/3/26, 21, 2, 
2019/3/27, 36, 2, 
2019/3/28, 18, , 
2019/3/29, 15, 2, 
2019/3/30, 14, 1, 
2019/3/31, 15, , 
2019/4/1, 16, 1, 1
2018/10/2, 6, 3, 
2018/10/3, 6, 2, 
2018/10/4, 15, 3, 
2018/10/5, 11, 5, 
2018/10/6, 29, 2, 
2018/10/7, 19, 1, 
2018/10/8, 17, , 
2018/10/9, 2, 1, 
2018/10/10, 2, 5, 1
2018/10/11, 5, 4, 
2018/10/12, 16, 2, 
2018/10/13, 18, 1, 
2018/10/14, 5, 2, 
2018/10/15, 8, 1, 
2018/10/16, 8, 3, 
2018/10/17, 7, 4, 
2018/10/18, 17, 2, 
2018/10/19, 22, 2, 
2018/10/20, 14, 2, 
2018/10/21, 20, 2, 
2018/10/22, 16, 3, 
2018/10/23, 21, 3, 1
2018/10/24, 25, 4, 2
2018/10/25, 38, 7, 
2018/10/26, 58, 5, 
2018/10/27, 41, 4, 
2018/10/28, 18, 2, 
2018/10/29, 17, 1, 
2018/10/30, 16, 2, 
2018/10/31, 16, 6, 
2018/11/1, 24, 2, 
2018/11/2, 15, , 
2018/11/3, 10, 1, 
2018/11/4, 19, 1, 
2018/11/5, 13, , 
2018/11/6, 8, 1, 
2018/11/7, 8, 2, 
2018/11/8, 14, 1, 
2018/11/9, 14, 2, 
2018/11/10, 17, 3, 
2018/11/11, 34, 1, 
2018/11/12, 17, 5, 
2018/11/13, 27, 8, 
2018/11/14, 44, 11, 
2018/11/15, 49, 4, 
2018/11/16, 42, 2, 
2018/11/17, 15, 6, 
2018/11/18, 27, 5, 
2018/11/19, 46, 3, 
2018/11/20, 44, 7, 
2018/11/21, 57, 2, 
2018/11/22, 35, 8, 
2018/11/23, 41, 6, 
2018/11/24, 38, 1, 
2018/11/25, 9, 2, 
2018/11/26, 34, 1, 
2018/11/27, 24, 2, 
2018/11/28, 36, 2, 
2018/11/29, 45, 4, 1
2018/11/30, 40, 6, 3
2018/12/1, 35, 3, 1
2018/12/2, 17, 2, 
2018/12/3, 15, 3, 
2018/12/4, 29, 2, 
2018/12/5, 12, 1, 
2018/12/6, 26, 5, 
2018/12/7, 29, 12, 1
2018/12/8, 57, 18, 
2018/12/9, 61, 16, 1
2018/12/10, 64, 13, 1
2018/12/11, 72, 5, 1
2018/12/12, 25, 7, 
2018/12/13, 17, 5, 
2018/12/14, 11, 6, 2
2018/12/15, 15, 2, 
2018/12/16, 11, 4, 
2018/12/17, 18, 5, 
2018/12/18, 16, 14, 
2018/12/19, 55, 12, 
2018/12/20, 43, 8, 
2018/12/21, 28, 3, 2
2018/12/22, 10, , 
2018/12/23, 5, 4, 
2018/12/26, 22, 3, 
2018/12/28, 18, 2, 
2018/7/2, 4, 1, 1
2018/7/3, 4, 2, 1
2018/7/4, 8, 1, 1
2018/7/5, 5, 2, 1
2018/7/6, 13, 2, 2
2018/7/7, 18, 1, 1
2018/7/8, 16, 1, 1
2018/7/9, 4, 2, 1
2018/7/10, 14, 2, 2
2018/7/11, 25, 1, 1
2018/7/12, 21, 1, 1
2018/7/13, 17, 3, 1
2018/7/14, 20, , 1
2018/7/15, 6, , 1
2018/7/16, 1, 1, 1
2018/7/17, 5, 1, 2
2018/7/18, 18, 2, 1
2018/7/19, 19, 2, 1
2018/7/20, 62, 1, 1
2018/7/21, 62, 1, 2
2018/7/22, 62, 1, 1
2018/7/23, 62, , 1
2018/7/24, 62, 2, 1
2018/7/25, 47, 1, 1
2018/7/26, 14, 3, 1
2018/7/27, 27, 2, 2
2018/7/28, 34, 2, 2
2018/7/29, 31, 3, 2
2018/7/30, 45, 2, 2
2018/7/31, 52, 1, 2
2018/8/1, 14, 1, 2
2018/8/2, 19, 2, 2
2018/8/3, 40, 2, 2
2018/8/4, 41, 1, 2
2018/8/5, 64, 1, 2
2018/8/6, 39, 2, 2
2018/8/7, 46, 1, 2
2018/8/8, 54, 2, 2
2018/8/9, 93, 4, 2
2018/8/10, 102, 3, 2
2018/8/11, 111, 2, 2
2018/8/12, 119, , 2
2018/8/13, 15, 1, 2
2018/8/14, 9, 2, 2
2018/8/15, 62, 3, 2
2018/8/16, 171, 2, 2
2018/8/17, 167, 2, 2
2018/8/18, 88, 2, 2
2018/8/19, 170, 2, 2
2018/8/20, 66, 2, 2
2018/8/21, 62, 2, 2
2018/8/22, 68, 3, 2
2018/8/23, 101, 2, 2
2018/8/24, 114, , 2
2018/8/25, 8, , 2
2018/8/26, 31, 1, 2
2018/8/27, 58, , 2
2018/8/28, 20, 2, 2
2018/8/29, 21, 2, 2
2018/8/30, 39, 1, 2
2018/8/31, 35, , 2
2018/9/1, 13, 2, 2
2018/9/2, 60, 1, 2
2018/9/3, 20, 2, 2
2018/9/4, 39, 1, 2
2018/9/5, 8, 4, 2
2018/9/6, 21, 1, 2
2018/9/7, 16, , 2
2018/9/8, 22, 1, 2
2018/9/9, 30, , 2
2018/9/10, 16, , 2
2018/9/11, 9, 1, 2
2018/9/12, 9, 1, 2
2018/9/13, 13, , 2
2018/9/14, 7, , 2
2018/9/15, 11, , 1
2018/9/16, 8, , 2
2018/9/17, 6, , 2
2018/9/18, 10, 2, 2
2018/9/19, 19, 2, 2
2018/9/20, 11, 2, 2
2018/9/21, 18, , 2
2018/9/22, 9, , 2
2018/9/23, 8, , 2
2018/9/24, 10, 2, 2
2018/9/25, 15, 2, 2
2018/9/26, 10, 1, 2
2018/9/27, 14, 1, 2
2018/9/28, 10, 3, 1
2018/9/29, 10, 2, 
2018/9/30, 4, 2, 
2018/10/1, 3, 2, 
2018/6/3, 8, 2, 1
2018/6/4, 10, 2, 1
2018/6/5, 32, 2, 1
2018/6/6, 16, 3, 1
2018/6/7, 14, 3, 1
2018/6/8, 18, 2, 2
2018/6/9, 21, 1, 2
2018/6/10, 31, 1, 1
2018/6/11, 18, , 1
2018/6/12, 6, , 1
2018/6/13, 6, 1, 1
2018/6/14, 6, 3, 1
2018/6/15, 22, 2, 1
2018/6/16, 12, 3, 1
2018/6/17, 27, 3, 1
2018/6/18, 28, 5, 1
2018/6/19, 27, 4, 1
2018/6/20, 21, 4, 1
2018/6/21, 30, 5, 2
2018/6/22, 37, 6, 1
2018/6/23, 40, 4, 1
2018/6/24, 36, 2, 1
2018/6/25, 40, 3, 1
2018/6/26, 30, 1, 1
2018/6/27, 9, 1, 1
2018/6/28, 4, 1, 1
2018/6/29, 6, 2, 1
2018/6/30, 12, 2, 1
2018/7/1, 20, 1, 1
2017/10/2, 10, , 
2017/10/3, 4, 1, 
2017/10/4, 5, 3, 
2017/10/5, 20, 4, 
2017/10/6, 17, 4, 
2017/10/7, 35, 1, 
2017/10/8, 16, , 
2017/10/9, 6, 2, 
2017/10/10, 23, 4, 
2017/10/11, 22, 1, 
2017/10/12, 25, 1, 
2017/10/13, 12, 1, 
2017/10/14, 12, 4, 
2017/10/15, 16, 2, 
2017/10/16, 12, 3, 
2017/10/17, 11, 3, 
2017/10/18, 35, 1, 
2017/10/19, 18, 3, 1
2017/10/20, 18, 4, 
2017/10/21, 28, 2, 
2017/10/22, 15, 5, 
2017/10/23, 14, 1, 
2017/10/24, 10, 2, 
2017/10/25, 17, , 
2017/10/26, 12, 1, 
2017/10/27, 11, 3, 
2017/10/28, 15, 2, 
2017/10/29, 14, , 
2017/10/30, 10, 2, 
2017/10/31, 12, 2, 
2017/11/1, 22, 1, 
2017/11/2, 26, 1, 
2017/11/3, 20, , 
2017/11/4, 10, 1, 
2017/11/5, 30, 4, 
2017/11/6, 49, 4, 
2017/11/7, 16, 3, 
2017/11/8, 24, 4, 
2017/11/9, 24, 6, 
2017/11/10, 67, 3, 
2017/11/11, 39, 4, 
2017/11/12, 76, 2, 
2017/11/13, 59, 2, 
2017/11/14, 47, , 
2017/11/15, 18, 1, 
2017/11/16, 13, 2, 
2017/11/17, 20, 4, 
2017/11/18, 33, 8, 
2017/11/19, 40, 7, 
2017/11/20, 62, 3, 
2017/11/21, 28, 3, 
2017/11/22, 9, , 
2017/7/2, 17, 1, 
2017/7/3, 19, 1, 
2017/7/4, 22, 1, 
2017/7/5, 15, 2, 
2017/7/6, 21, 2, 
2017/7/8, 48, 2, 
2017/7/9, 29, 2, 
2017/7/10, 43, 1, 
2017/7/11, 25, , 
2017/7/12, 19, 1, 
2017/7/13, 18, 1, 
2017/7/14, 27, 1, 
2017/7/15, 37, 2, 
2017/7/16, 35, 1, 
2017/7/17, 64, , 
2017/7/18, 46, 1, 
2017/7/19, 7, 2, 
2017/7/20, 59, 3, 
2017/7/21, 72, 1, 
2017/7/22, 55, 2, 
2017/7/23, 45, 2, 
2017/7/24, 49, , 
2017/7/25, 43, , 
2017/7/26, 44, 2, 
2017/7/27, 19, 1, 
2017/7/28, 32, 1, 
2017/7/29, 34, 2, 
2017/7/30, 31, 2, 
2017/7/31, 40, 1, 
2017/8/1, 39, 2, 
2017/8/2, 16, 1, 
2017/8/3, 28, 3, 
2017/8/4, 41, 2, 
2017/8/5, 34, 2, 
2017/8/6, 27, 2, 
2017/8/7, 49, 2, 
2017/8/8, 29, 1, 
2017/8/9, 21, 2, 
2017/8/10, 21, 2, 
2017/8/11, 28, 1, 
2017/8/12, 23, 2, 
2017/8/13, 27, 1, 
2017/8/14, 24, 1, 
2017/8/15, 52, 1, 
2017/8/16, 27, 1, 
2017/8/17, 22, 1, 
2017/8/18, 58, 1, 
2017/8/19, 64, , 
2017/8/20, 24, , 
2017/8/21, 3, 1, 
2017/8/23, 27, 1, 
2017/8/24, 27, , 
2017/8/25, 44, 1, 
2017/8/26, 16, 3, 
2017/8/27, 29, 3, 
2017/8/28, 38, 2, 
2017/8/29, 58, 3, 
2017/8/30, 25, 1, 
2017/8/31, 67, 2, 
2017/9/1, 68, 1, 
2017/9/2, 30, 1, 
2017/9/3, 44, 1, 
2017/9/4, 13, 1, 
2017/9/5, 13, 3, 
2017/9/6, 23, , 
2017/9/11, 4, 2, 
2017/9/12, 16, 2, 
2017/9/13, 17, 2, 
2017/9/14, 22, 1, 
2017/9/15, 4, 2, 
2017/9/16, 11, 2, 
2017/9/17, 22, 2, 
2017/9/18, 34, 1, 
2017/9/19, 28, 2, 
2017/9/20, 29, 1, 
2017/9/21, 5, 1, 
2017/9/22, 9, , 
2017/9/23, 9, 2, 
2017/9/24, 10, 2, 
2017/9/25, 15, 2, 
2017/9/26, 11, 3, 
2017/9/27, 24, 4, 
2017/9/28, 21, 2, 1
2017/9/29, 23, 1, 
2017/9/30, 27, 2, 1
2017/10/1, 28, , 
2017/4/2, 15, 1, 
2017/4/3, 10, 2, 
2017/4/4, 12, 3, 
2017/4/5, 13, , 1
2017/4/6, 10, 1, 1
2017/4/7, 11, 2, 
2017/4/8, 18, 1, 
2017/4/9, 15, , 
2017/4/10, 11, , 
2017/4/11, 9, 2, 
2017/4/12, 13, 1, 
2017/4/13, 12, , 
2017/4/14, 11, , 
2017/4/15, 11, 1, 
2017/4/16, 9, 1, 
2017/4/20, 20, 2, 
2017/4/21, 20, , 
2017/4/22, 14, , 
2017/4/23, 11, 1, 
2017/4/24, 13, , 
2017/4/25, 13, , 
2017/4/26, 9, 1, 
2017/4/27, 11, 1, 
2017/4/28, 9, , 
2017/4/29, 12, 2, 
2017/4/30, 16, 1, 
2017/5/1, 16, 1, 
2017/5/2, 13, 2, 
2017/5/3, 15, 2, 1
2017/5/4, 11, 3, 
2017/5/5, 14, 2, 1
2017/5/6, 19, 1, 1
2017/5/7, 35, 1, 1
2017/5/8, 22, 1, 
2017/5/9, 8, 3, 
2017/5/10, 16, 2, 1
2017/5/11, 15, 1, 1
2017/5/12, 17, , 1
2017/5/13, 20, , 1
2017/5/14, 18, , 1
2017/5/15, 10, , 1
2017/5/16, 10, , 1
2017/5/17, 11, , 
2017/5/18, 11, 2, 1
2017/5/19, 19, 1, 1
2017/5/20, 20, 2, 1
2017/5/21, 30, 1, 
2017/5/22, 31, 3, 1
2017/5/23, 33, 1, 1
2017/5/24, 21, 1, 1
2017/5/25, 23, , 1
2017/5/26, 13, 1, 1
2017/5/27, 10, 3, 1
2017/5/28, 20, , 1
2017/5/29, 14, 2, 
2017/5/30, 13, 2, 1
2017/5/31, 21, 2, 1
2017/6/1, 18, 2, 1
2017/6/2, 30, 3, 1
2017/6/3, 39, 1, 1
2017/6/4, 1, 3, 1
2017/6/5, 19, 2, 1
2017/6/6, 26, 1, 1
2017/6/7, 8, 3, 1
2017/6/8, 17, 4, 1
2017/6/9, 30, 2, 1
2017/6/10, 20, 1, 1
2017/6/11, 9, , 1
2017/6/12, 7, 2, 1
2017/6/13, 7, 2, 1
2017/6/14, 27, 2, 1
2017/6/15, 23, 2, 1
2017/6/16, 9, 3, 1
2017/6/17, 12, 1, 1
2017/6/18, 7, 2, 1
2017/6/19, 9, 1, 1
2017/6/20, 9, 3, 1
2017/6/21, 26, , 
2017/6/22, 9, , 
2017/6/23, 8, 2, 
2017/6/24, 13, 3, 
2017/6/25, 8, 2, 
2017/6/26, 8, 1, 
2017/6/27, 24, 2, 
2017/6/28, 31, 1, 
2017/6/29, 13, , 
2017/6/30, 14, 2, 
2017/7/1, 34, 2, 
2017/1/3, 17, 8, 
2017/1/4, 23, 3, 
2017/1/5, 20, 3, 
2017/1/6, 15, 4, 
2017/1/7, 12, 5, 3
2017/1/8, 17, 3, 
2017/1/9, 19, 6, 
2017/1/10, 9, 6, 
2017/1/11, 15, 2, 
2017/1/12, 16, 3, 
2017/1/13, 30, 6, 1
2017/1/14, 16, 4, 1
2017/1/15, 9, 4, 
2017/1/16, 16, 5, 
2017/1/17, 25, 6, 
2017/1/18, 13, 5, 
2017/1/19, 8, 7, 
2017/1/20, 14, 10, 
2017/1/21, 47, 5, 
2017/1/22, 27, 2, 
2017/1/23, 5, 3, 
2017/1/24, 3, 4, 
2017/1/25, 15, 8, 
2017/1/26, 46, 7, 
2017/1/27, 40, 3, 
2017/1/28, 8, 3, 1
2017/1/29, 10, 4, 
2017/1/30, 14, 1, 
2017/1/31, 5, 1, 
2017/2/1, 2, 3, 
2017/2/2, 2, 6, 
2017/2/3, 13, 7, 
2017/2/4, 32, 3, 
2017/2/5, 3, 10, 
2017/2/6, 20, 3, 
2017/2/7, 13, 6, 
2017/2/8, 20, 5, 1
2017/2/9, 22, 5, 1
2017/2/10, 39, 3, 
2017/2/11, 25, 3, 
2017/2/12, 17, 2, 
2017/2/13, 2, 3, 
2017/2/14, 1, 7, 
2017/2/15, 21, 9, 
2017/2/16, 29, 5, 
2017/2/17, 8, 3, 
2017/2/18, 3, 3, 
2017/2/19, 11, , 
2017/2/20, 9, 2, 
2017/2/21, 23, 2, 
2017/2/22, 19, 2, 
2017/2/23, 14, 3, 
2017/2/24, 14, 7, 
2017/2/25, 17, 3, 
2017/2/26, 17, 3, 
2017/2/27, 16, 5, 
2017/2/28, 22, 6, 
2017/3/1, 29, 3, 
2017/3/2, 12, 4, 
2017/3/3, 20, 2, 
2017/3/4, 20, 2, 
2017/3/5, 17, 1, 
2017/3/6, 11, 2, 
2017/3/7, 10, 1, 
2017/3/8, 8, 2, 
2017/3/9, 15, 3, 
2017/3/10, 27, 3, 
2017/3/11, 16, 2, 1
2017/3/12, 13, , 
2017/3/13, 10, 1, 1
2017/3/14, 20, 3, 1
2017/3/15, 24, 4, 1
2017/3/16, 24, 5, 
2017/3/17, 14, 3, 
2017/3/18, 13, 1, 
2017/3/19, 8, , 
2017/3/20, 12, 1, 
2017/3/21, 15, 2, 1
2017/3/22, 13, 1, 
2017/3/23, 23, 4, 
2017/3/24, 28, 4, 
2017/3/25, 24, 2, 
2017/3/26, 29, 3, 1
2017/3/27, 19, 1, 
2017/3/28, 19, 1, 
2017/3/29, 21, 2, 
2017/3/30, 45, 1, 
2017/3/31, 12, 2, 
2017/4/1, 16, 3, 
2016/10/20, 16, 1, 
2016/10/21, 21, 3, 
2016/10/22, 20, 2, 
2016/10/23, 18, 1, 
2016/10/25, 14, , 
2016/10/26, 21, 1, 
2016/10/27, 15, 1, 
2016/10/28, 10, , 
2016/10/29, 7, , 
2016/10/30, 10, , 
2016/10/31, 13, 1, 
2016/11/1, 31, 1, 
2016/11/2, 14, , 
2016/11/3, 14, 1, 
2016/11/4, 13, 2, 
2016/11/5, 14, 2, 
2016/11/6, 17, 3, 
2016/11/7, 14, 1, 
2016/11/8, 15, 1, 
2016/11/9, 11, 2, 
2016/11/10, 11, 1, 
2016/11/11, 11, 1, 
2016/11/12, 14, 4, 
2016/11/13, 23, 2, 
2016/11/14, 24, 1, 
2016/11/15, 14, 2, 
2016/11/16, 9, 4, 
2016/11/17, 8, 6, 
2016/11/18, 14, 3, 
2016/11/19, 10, 1, 
2016/11/20, 19, 1, 
2016/11/21, 33, 2, 
2016/11/22, 32, 2, 
2016/11/23, 15, , 
2016/11/24, 13, 2, 
2016/11/25, 30, 3, 
2016/11/26, 23, 5, 
2016/11/27, 44, 3, 
2016/11/28, 36, 2, 
2016/11/29, 16, 2, 
2016/11/30, 15, 1, 
2016/12/1, 15, 2, 
2016/12/2, 24, 1, 
2016/12/3, 22, 3, 
2016/12/4, 32, 3, 
2016/12/5, 18, , 
2016/12/6, 3, 1, 
2016/12/7, 6, 2, 
2016/12/8, 10, 2, 
2016/12/9, 11, 4, 
2016/12/10, 17, 4, 
2016/12/11, 8, 2, 
2016/12/12, 20, 1, 2
2016/12/13, 4, 1, 
2016/12/14, 10, 4, 
2016/12/15, 14, 5, 
2016/12/16, 21, 5, 
2016/12/17, 26, 10, 1
2016/12/18, 28, 6, 
2016/12/19, 18, 2, 
2016/12/20, 1, 4, 
2016/12/21, 3, 5, 
2016/12/22, 8, 4, 
2016/12/23, 19, 4, 
2016/12/24, 11, , 
2016/12/25, 11, 2, 
2016/12/26, 12, 5, 
2016/12/27, 14, 5, 
2016/12/28, 19, 2, 
2016/12/29, 2, 4, 
2016/12/30, 9, 4, 
2016/12/31, 25, 3, 
2017/1/1, 9, 3, 
2017/1/2, 10, 10, 
2023/3/13, , 2, 1
2023/3/17, , 6, 1
2023/3/21, , 2, 1
2023/3/23, , 7, 
2023/3/24, , 4, 
2023/3/26, , 4, 
2022/7/4, , 1, 
2022/7/8, , , 
2022/8/3, , , 
2022/6/9, , 1, 3
2021/11/8, , 9, 
2021/7/4, , 1, 
2021/1/5, , 3, 
2021/1/6, , 3, 
2021/1/7, , 6, 1
2021/1/8, , 12, 
2021/1/9, , 12, 
2021/1/10, , 8, 
2021/1/11, , 5, 3
2021/1/12, , 11, 1
2021/1/13, , 8, 3
2021/1/14, , 6, 
2021/1/15, , 1, 
2021/1/16, , 6, 
2021/1/17, , 2, 
2021/1/18, , 6, 
2021/1/19, , 1, 
2021/1/20, , 3, 
2021/1/21, , , 
2021/1/22, , 1, 
2021/1/23, , 2, 
2021/1/24, , 1, 
2021/1/25, , 3, 4
2021/1/26, , 1, 
2021/1/27, , 1, 2
2021/1/28, , 3, 1
2021/1/29, , 3, 1
2021/1/30, , 5, 
2021/1/31, , 7, 2
2021/2/1, , 6, 6
2021/2/2, , 4, 2
2021/2/3, , 3, 
2021/2/4, , 2, 
2021/2/5, , 3, 
2021/2/6, , 2, 
2021/2/7, , 6, 
2021/2/8, , 6, 
2021/2/9, , 3, 
2021/2/10, , , 
2021/2/11, , 1, 
2021/2/12, , 3, 
2021/2/13, , 1, 
2021/2/14, , 6, 1
2021/2/15, , 8, 1
2021/2/16, , 2, 2
2021/2/17, , 4, 2
2021/2/18, , 7, 
2021/2/19, , 11, 1
2021/2/20, , 6, 4
2021/2/21, , 2, 
2021/2/22, , 1, 
2021/2/23, , 1, 
2021/2/24, , 2, 
2021/2/25, , 3, 1
2021/2/26, , 4, 
2021/2/27, , 1, 
2021/2/28, , 1, 
2021/3/1, , 3, 1
2021/3/2, , 3, 2
2021/3/3, , 3, 
2021/3/4, , 4, 3
2021/3/5, , 6, 5
2021/3/6, , 4, 2
2021/3/7, , 4, 1
2021/3/8, , 4, 
2021/3/9, , 4, 
2021/3/10, , 2, 
2021/3/11, , 2, 
2021/3/12, , 4, 
2021/3/13, , 4, 
2021/3/14, , 5, 6
2021/3/15, , 2, 
2021/3/16, , 1, 
2021/3/17, , 2, 
2021/3/18, , 3, 
2021/3/19, , 1, 2
2021/3/20, , 2, 
2021/3/21, , 2, 
2021/3/22, , , 
2021/3/23, , , 
2021/3/24, , 1, 
2021/3/25, , 1, 
2021/3/26, , 1, 
2020/10/2, , 2, 
2020/10/3, , 1, 
2020/10/4, , 2, 
2020/10/5, , 2, 
2020/10/6, , 1, 
2020/10/7, , , 
2020/10/8, , 2, 5
2020/10/9, , 1, 
2020/10/10, , , 1
2020/10/11, , , 
2020/10/12, , , 
2020/10/13, , , 
2020/10/14, , , 
2020/10/15, , , 
2020/10/16, , , 
2020/10/17, , 1, 
2020/10/18, , , 
2020/10/19, , , 
2020/10/20, , 1, 
2020/10/21, , 1, 
2020/10/22, , 2, 
2020/10/23, , 1, 
2020/10/24, , 2, 
2020/10/25, , 1, 11
2020/10/26, , 1, 
2020/10/27, , 2, 
2020/10/28, , , 
2020/10/29, , , 
2020/10/30, , 2, 
2020/10/31, , 1, 
2020/11/1, , , 
2020/11/2, , 1, 
2020/11/3, , 3, 1
2020/11/4, , 4, 
2020/11/5, , 3, 
2020/11/6, , 2, 
2020/11/7, , 2, 
2020/11/8, , , 
2020/11/9, , , 
2020/11/10, , , 
2020/11/11, , 3, 
2020/11/12, , , 1
2020/11/13, , 4, 
2020/11/14, , 6, 
2020/11/15, , 4, 
2020/11/16, , 1, 
2020/11/17, , 1, 
2020/11/18, , 1, 
2020/11/19, , 2, 
2020/11/20, , 1, 
2020/11/21, , 3, 
2020/11/22, , 8, 3
2020/11/23, , 4, 
2020/11/24, , 3, 
2020/11/25, , 4, 
2020/11/26, , 3, 
2020/11/27, , 3, 
2020/11/28, , 3, 
2020/11/29, , 3, 1
2020/11/30, , 4, 1
2020/12/1, , 5, 
2020/12/2, , 1, 
2020/12/3, , 5, 
2020/12/4, , 9, 
2020/12/5, , 7, 
2020/12/6, , 8, 
2020/12/7, , 8, 
2020/12/8, , 9, 
2020/12/9, , 5, 
2020/12/10, , 4, 
2020/12/11, , 6, 
2020/12/12, , 1, 
2020/12/13, , , 
2020/12/14, , 3, 3
2020/12/15, , 4, 1
2020/12/16, , 4, 
2020/12/17, , 9, 2
2020/12/18, , 4, 1
2020/12/19, , 2, 4
2020/12/20, , 4, 2
2020/12/21, , 3, 
2020/12/22, , 4, 
2020/12/23, , 6, 
2020/12/24, , 7, 
2020/12/25, , 6, 
2020/12/26, , 4, 
2020/12/27, , 3, 
2020/12/28, , 2, 
2020/12/29, , 2, 
2020/12/30, , 3, 
2020/12/31, , 9, 
2021/1/1, , 15, 
2021/1/2, , 11, 1
2021/1/3, , 7, 
2021/1/4, , 4, 
2020/10/1, , 2, 2
2020/1/2, , 9, 
2020/1/3, , 3, 
2020/1/4, , 2, 
2020/1/8, , 7, 
2020/1/9, , 1, 
2020/1/12, , 2, 
2020/1/13, , 2, 
2020/1/14, , 1, 
2020/1/21, , 5, 5
2020/1/22, , 10, 1
2020/1/23, , 7, 
2020/1/24, , 4, 1
2020/1/25, , 7, 2
2020/1/28, , 1, 1
2020/1/29, , 1, 
2020/2/1, , 2, 
2020/2/2, , 2, 1
2020/2/3, , 1, 
2020/2/6, , 6, 3
2020/2/7, , 1, 1
2020/2/8, , 6, 
2019/10/1, , 1, 
2019/10/3, , 1, 
2019/12/7, , 3, 
2019/12/8, , 2, 
2019/12/9, , 4, 
2019/12/10, , 7, 
2019/12/11, , 1, 1
2019/12/12, , 2, 2
2019/12/13, , 4, 
2019/12/14, , 6, 
2019/12/15, , 3, 
2019/12/17, , 2, 2
2019/12/18, , 5, 
2019/12/19, , 2, 
2019/12/21, , 4, 
2019/12/22, , 3, 
2019/12/23, , 2, 
2019/12/24, , 2, 
2019/12/25, , 2, 
2019/12/26, , 5, 
2019/12/27, , 13, 
2019/12/28, , 8, 
2019/12/29, , 9, 
2019/9/30, , , 
2019/1/2, , 1, 
2019/1/3, , 3, 
2019/1/5, , 4, 
2019/1/6, , , 
2019/1/7, , , 1
2019/1/8, , , 1
2019/1/10, , 4, 2
2019/1/11, , , 
2019/1/22, , 4, 
2019/1/24, , 5, 
2019/1/26, , 7, 2
2019/1/29, , 1, 
2019/1/30, , 2, 2
2019/1/31, , 1, 4
2019/2/3, , , 
2019/2/4, , , 
2019/2/8, , 8, 4
2019/2/9, , 3, 2
2019/2/10, , 3, 
2019/2/12, , 1, 2
2019/2/14, , 12, 
2019/2/16, , 4, 2
2019/2/17, , 2, 
2019/2/20, , 3, 1
2019/2/22, , 2, 
2019/2/26, , 3, 
2019/3/4, , , 
2019/3/6, , , 
2019/3/9, , 2, 1
2019/3/10, , 1, 
2019/3/12, , 3, 1
2019/3/13, , 3, 1
2019/3/14, , 1, 
2019/3/15, , 2, 
2018/12/24, , 2, 
2018/12/25, , 1, 
2018/12/27, , , 1
2018/12/29, , 2, 
2018/12/30, , , 
2018/6/2, , 1, 1
2017/7/7, , 3, 
2017/8/22, , 3, 
2017/9/10, , 1, 
2017/4/17, , 2, 
2017/4/18, , 1, 
2017/4/19, , 2, 
2016/10/19, , 1, 
2016/10/24, , , 