date, pm10, so2
2023/3/2, 37, 12
2023/3/3, 53, 17
2023/3/4, 75, 6
2023/3/5, 756, 11
2023/3/6, 809, 
2023/2/14, 25, 7
2023/2/15, 25, 14
2023/2/16, 25, 4
2023/2/17, 27, 13
2023/2/18, 19, 12
2023/2/19, 19, 10
2023/2/20, 34, 16
2023/2/21, 42, 9
2023/2/22, 37, 9
2023/2/23, 26, 12
2023/2/24, 37, 6
2023/2/25, 32, 13
2023/2/26, 25, 5
2023/2/27, 40, 15
2023/2/28, 45, 1
2023/3/1, 44, 15
2023/1/3, 22, 20
2023/1/4, 22, 18
2023/1/5, 27, 19
2023/1/6, 22, 13
2023/1/7, 50, 8
2023/1/8, 39, 12
2023/1/9, 34, 8
2023/1/10, 24, 12
2023/1/11, 21, 17
2023/1/12, 24, 23
2023/1/13, 36, 22
2023/1/14, 32, 18
2023/1/15, 36, 
2023/1/16, 46, 
2023/1/18, 53, 9
2023/1/19, 40, 7
2023/1/20, 26, 18
2023/1/21, 29, 33
2023/1/22, 54, 24
2023/1/23, 55, 15
2023/1/24, 50, 16
2023/1/25, 53, 17
2023/1/26, 55, 8
2023/1/27, 58, 13
2023/1/28, 41, 11
2023/1/29, 42, 
2023/1/30, 51, 
2022/10/2, 41, 5
2022/10/3, 39, 7
2022/10/4, 49, 7
2022/10/5, 101, 9
2022/10/6, 169, 6
2022/10/7, 119, 6
2022/10/8, 55, 8
2022/10/9, 56, 6
2022/10/10, 54, 5
2022/10/11, 26, 7
2022/10/12, 3, 6
2022/10/13, 3, 8
2022/10/14, 5, 8
2022/10/15, 40, 7
2022/10/16, 50, 4
2022/10/17, 42, 11
2022/10/18, 65, 9
2022/10/19, 65, 9
2022/10/20, 71, 8
2022/10/21, 94, 4
2022/10/22, 190, 
2022/10/23, 993, 
2022/10/25, 18, 9
2022/10/26, 21, 5
2022/10/27, 22, 7
2022/10/28, 29, 9
2022/10/29, 26, 7
2022/10/30, 23, 8
2022/10/31, 36, 3
2022/11/1, 49, 4
2022/11/2, 38, 9
2022/11/3, 23, 8
2022/11/4, 17, 7
2022/11/5, 23, 10
2022/11/6, 44, 6
2022/11/7, 49, 8
2022/11/8, 47, 10
2022/11/9, 43, 9
2022/11/10, 31, 8
2022/11/11, 37, 10
2022/11/12, 38, 7
2022/11/13, 40, 10
2022/11/14, 29, 5
2022/11/15, 21, 5
2022/11/16, 38, 2
2022/11/17, 46, 9
2022/11/18, 36, 12
2022/11/19, 52, 13
2022/11/20, 42, 13
2022/11/21, 26, 11
2022/11/22, 18, 16
2022/11/23, 41, 9
2022/11/24, 42, 19
2022/11/25, 34, 7
2022/11/26, 39, 10
2022/11/27, 22, 7
2022/11/28, 14, 14
2022/11/29, 25, 16
2022/11/30, 52, 7
2022/12/1, 25, 9
2022/12/2, 22, 13
2022/12/3, 28, 8
2022/12/4, 31, 9
2022/12/5, 20, 11
2022/12/6, 36, 19
2022/12/7, 38, 14
2022/12/8, 39, 16
2022/12/9, 46, 14
2022/12/10, 50, 7
2022/12/11, 36, 9
2022/12/12, 25, 18
2022/12/13, 51, 16
2022/12/14, 47, 11
2022/12/15, 52, 20
2022/12/16, 56, 13
2022/12/17, 96, 11
2022/12/18, 48, 4
2022/12/19, 20, 12
2022/12/20, 21, 20
2022/12/21, 36, 25
2022/12/22, 52, 27
2022/12/23, 54, 12
2022/12/24, 52, 12
2022/12/25, 34, 18
2022/12/26, 39, 14
2022/12/27, 57, 13
2022/12/28, 47, 6
2022/12/29, 24, 7
2022/12/30, 22, 10
2022/12/31, 40, 10
2023/1/1, 26, 8
2023/1/2, 24, 9
2022/7/2, 50, 3
2022/7/3, 47, 
2022/7/4, 53, 1
2022/7/5, 51, 3
2022/7/6, 38, 5
2022/7/7, 42, 4
2022/7/8, 49, 2
2022/7/9, 54, 2
2022/7/10, 48, 5
2022/7/11, 54, 6
2022/7/12, 52, 9
2022/7/13, 34, 5
2022/7/14, 30, 6
2022/7/15, 30, 7
2022/7/16, 37, 3
2022/7/17, 51, 9
2022/7/18, 42, 1
2022/7/19, 43, 5
2022/7/20, 44, 6
2022/7/21, 39, 4
2022/7/22, 44, 9
2022/7/23, 55, 10
2022/7/24, 39, 7
2022/7/25, 33, 8
2022/7/26, 44, 6
2022/7/27, 33, 4
2022/7/28, 30, 13
2022/7/29, 29, 10
2022/7/30, 35, 8
2022/7/31, 36, 
2022/8/1, 36, 13
2022/8/2, 48, 10
2022/8/3, 47, 10
2022/8/4, 49, 7
2022/8/5, 52, 7
2022/8/6, 52, 2
2022/8/7, 53, 5
2022/8/8, 67, 7
2022/8/9, 66, 8
2022/8/10, 56, 12
2022/8/11, 52, 8
2022/8/12, 53, 7
2022/8/13, 55, 7
2022/8/14, 54, 9
2022/8/15, 50, 4
2022/8/16, 59, 3
2022/8/17, 52, 7
2022/8/18, 42, 6
2022/8/19, 46, 5
2022/8/20, 45, 6
2022/8/21, 54, 10
2022/8/22, 39, 6
2022/8/23, 54, 8
2022/8/24, 62, 11
2022/8/25, 54, 10
2022/8/26, 60, 9
2022/8/27, 48, 8
2022/8/28, 38, 7
2022/8/29, 38, 9
2022/8/30, 49, 6
2022/8/31, 41, 9
2022/9/1, 45, 5
2022/9/2, 62, 6
2022/9/3, 60, 5
2022/9/4, 62, 5
2022/9/5, 62, 6
2022/9/6, 61, 9
2022/9/7, 48, 9
2022/9/8, 35, 6
2022/9/9, 29, 6
2022/9/10, 31, 9
2022/9/11, 38, 10
2022/9/12, 44, 10
2022/9/13, 42, 5
2022/9/14, 50, 11
2022/9/15, 50, 6
2022/9/16, 32, 5
2022/9/17, 32, 5
2022/9/18, 29, 
2022/9/19, 42, 7
2022/9/20, 47, 7
2022/9/21, 49, 8
2022/9/22, 99, 7
2022/9/23, 97, 4
2022/9/24, 44, 9
2022/9/25, 36, 7
2022/9/26, 39, 8
2022/9/27, 32, 8
2022/9/28, 30, 9
2022/9/29, 41, 6
2022/9/30, 48, 7
2022/10/1, 48, 3
2022/4/2, 65, 9
2022/4/3, 66, 7
2022/4/4, 65, 6
2022/4/5, 64, 6
2022/4/6, 65, 6
2022/4/7, 81, 3
2022/4/8, 182, 8
2022/4/9, 112, 6
2022/4/10, 125, 
2022/4/11, 43, 
2022/4/12, 10, 
2022/4/15, 20, 9
2022/4/16, 18, 5
2022/4/17, 15, 5
2022/4/18, 20, 
2022/4/19, 16, 9
2022/4/20, 101, 5
2022/4/21, 173, 
2022/4/22, 44, 
2022/4/26, 801, 12
2022/4/27, 306, 5
2022/4/28, 18, 5
2022/4/29, 57, 9
2022/4/30, 75, 5
2022/5/1, 63, 3
2022/5/2, 52, 5
2022/5/3, 28, 
2022/5/4, 20, 
2022/5/6, 41, 5
2022/5/7, 38, 4
2022/5/8, 24, 3
2022/5/9, 24, 1
2022/5/10, 29, 7
2022/5/11, 23, 7
2022/5/12, 24, 3
2022/5/13, 40, 6
2022/5/14, 26, 6
2022/5/15, 24, 5
2022/5/16, 32, 2
2022/5/17, 32, 7
2022/5/18, 25, 11
2022/5/19, 31, 7
2022/5/20, 29, 
2022/5/21, 45, 
2022/5/24, 181, 5
2022/5/25, 84, 3
2022/5/26, 42, 6
2022/5/27, 25, 8
2022/5/28, 22, 6
2022/5/29, 22, 7
2022/5/30, 36, 10
2022/5/31, 45, 8
2022/6/1, 34, 7
2022/6/2, 42, 14
2022/6/3, 67, 15
2022/6/4, 93, 9
2022/6/5, 116, 6
2022/6/6, 63, 9
2022/6/7, 52, 10
2022/6/8, 61, 11
2022/6/9, 59, 6
2022/6/10, 58, 7
2022/6/11, 56, 4
2022/6/12, 55, 12
2022/6/13, 58, 5
2022/6/14, 76, 4
2022/6/15, 65, 3
2022/6/16, 53, 2
2022/6/17, 44, 4
2022/6/18, 47, 4
2022/6/19, 50, 5
2022/6/20, 68, 8
2022/6/21, 67, 9
2022/6/22, 75, 6
2022/6/23, 122, 9
2022/6/24, 70, 
2022/6/25, 69, 3
2022/6/26, 59, 8
2022/6/27, 44, 8
2022/6/28, 25, 8
2022/6/29, 39, 5
2022/6/30, 50, 7
2022/7/1, 46, 10
2022/1/4, 34, 20
2022/1/5, 17, 28
2022/1/6, 49, 18
2022/1/7, 62, 17
2022/1/8, 30, 17
2022/1/9, 29, 24
2022/1/10, 33, 13
2022/1/11, 32, 26
2022/1/12, 44, 13
2022/1/13, 56, 
2022/1/14, 31, 13
2022/1/15, 35, 15
2022/1/16, 16, 14
2022/1/17, 20, 12
2022/1/18, 19, 9
2022/1/19, 22, 8
2022/1/20, 51, 12
2022/1/21, 49, 18
2022/1/22, 20, 17
2022/1/23, 34, 14
2022/1/24, 27, 21
2022/1/25, 32, 27
2022/1/26, 45, 17
2022/1/27, 38, 10
2022/1/28, 37, 18
2022/1/29, 25, 19
2022/1/30, 36, 18
2022/1/31, 41, 19
2022/2/1, 31, 16
2022/2/2, 33, 
2022/2/3, 31, 
2022/2/7, 17, 11
2022/2/8, 39, 10
2022/2/9, 42, 21
2022/2/10, 32, 11
2022/2/11, 56, 
2022/2/12, 56, 
2022/2/13, 39, 12
2022/2/14, 19, 18
2022/2/15, 29, 15
2022/2/16, 40, 12
2022/2/17, 48, 16
2022/2/18, 51, 12
2022/2/19, 48, 18
2022/2/20, 47, 8
2022/2/21, 68, 17
2022/2/22, 56, 12
2022/2/23, 59, 16
2022/2/24, 46, 15
2022/2/25, 40, 9
2022/2/26, 63, 7
2022/2/27, 51, 13
2022/2/28, 29, 16
2022/3/1, 43, 14
2022/3/2, 35, 11
2022/3/3, 46, 20
2022/3/4, 53, 14
2022/3/5, 55, 10
2022/3/6, 22, 
2022/3/7, 23, 
2022/3/13, 19, 8
2022/3/14, 21, 8
2022/3/15, 17, 6
2022/3/16, 17, 2
2022/3/17, 18, 16
2022/3/18, 22, 11
2022/3/19, 31, 7
2022/3/20, 31, 
2022/3/21, 37, 27
2022/3/22, 28, 10
2022/3/23, 40, 
2022/3/24, 32, 2
2022/3/25, 23, 9
2022/3/26, 30, 9
2022/3/27, 26, 5
2022/3/28, 25, 8
2022/3/29, 22, 11
2022/3/30, 35, 12
2022/3/31, 33, 14
2022/4/1, 45, 11
2021/10/2, 44, 10
2021/10/3, 57, 12
2021/10/4, 72, 4
2021/10/5, 76, 6
2021/10/6, 56, 3
2021/10/7, 35, 8
2021/10/8, 37, 9
2021/10/9, 260, 9
2021/10/10, 198, 12
2021/10/11, 57, 2
2021/10/12, 67, 6
2021/10/13, 54, 5
2021/10/14, 69, 2
2021/10/15, 79, 3
2021/10/16, 84, 6
2021/10/17, 95, 14
2021/10/18, 65, 6
2021/10/19, 50, 6
2021/10/20, 40, 12
2021/10/21, 39, 9
2021/10/22, 43, 7
2021/10/23, 36, 
2021/10/24, 41, 7
2021/10/25, 36, 10
2021/10/26, 43, 1
2021/10/27, 51, 4
2021/10/28, 48, 19
2021/10/29, 65, 7
2021/10/30, 62, 6
2021/10/31, 44, 5
2021/11/1, 50, 5
2021/11/2, 81, 9
2021/11/3, 46, 4
2021/11/4, 43, 5
2021/11/5, 40, 6
2021/11/6, 26, 
2021/11/7, 20, 
2021/11/9, 40, 12
2021/11/10, 53, 9
2021/11/11, 60, 
2021/11/12, 56, 6
2021/11/13, 31, 14
2021/11/14, 34, 13
2021/11/15, 45, 19
2021/11/16, 49, 13
2021/11/17, 63, 17
2021/11/18, 53, 10
2021/11/19, 67, 10
2021/11/20, 74, 7
2021/11/21, 76, 12
2021/11/22, 44, 
2021/11/23, 49, 17
2021/11/24, 36, 9
2021/11/25, 43, 14
2021/11/26, 49, 11
2021/11/27, 42, 15
2021/11/28, 56, 11
2021/11/29, 34, 2
2021/11/30, 34, 18
2021/12/1, 33, 9
2021/12/2, 53, 5
2021/12/3, 28, 18
2021/12/4, 16, 21
2021/12/5, 30, 20
2021/12/6, 44, 
2021/12/7, 35, 
2021/12/11, 75, 3
2021/12/12, 42, 17
2021/12/13, 37, 13
2021/12/14, 22, 23
2021/12/15, 40, 29
2021/12/16, 49, 21
2021/12/17, 65, 14
2021/12/18, 64, 11
2021/12/19, 47, 16
2021/12/20, 35, 13
2021/12/21, 33, 3
2021/12/22, 43, 8
2021/12/23, 16, 12
2021/12/24, 20, 6
2021/12/25, 24, 
2021/12/26, 26, 
2021/12/27, 22, 9
2021/12/28, 38, 19
2021/12/29, 42, 32
2021/12/30, 52, 40
2021/12/31, 60, 14
2022/1/1, 54, 19
2022/1/2, 49, 29
2022/1/3, 39, 7
2021/7/2, 51, 4
2021/7/3, 56, 9
2021/7/4, 52, 8
2021/7/5, 64, 6
2021/7/6, 53, 7
2021/7/7, 39, 4
2021/7/8, 53, 3
2021/7/9, 42, 5
2021/7/10, 44, 10
2021/7/11, 49, 6
2021/7/12, 43, 
2021/7/13, 21, 
2021/7/15, 52, 8
2021/7/16, 57, 8
2021/7/17, 68, 11
2021/7/18, 61, 
2021/7/19, 54, 
2021/9/13, 52, 5
2021/9/14, 53, 6
2021/9/15, 44, 
2021/9/16, 51, 7
2021/9/17, 49, 4
2021/9/18, 36, 
2021/9/19, 27, 
2021/9/21, 3, 6
2021/9/22, 3, 7
2021/9/23, 3, 6
2021/9/24, 7, 5
2021/9/25, 44, 4
2021/9/26, 35, 4
2021/9/27, 67, 6
2021/9/28, 55, 7
2021/9/29, 44, 6
2021/9/30, 51, 5
2021/10/1, 52, 7
2021/4/2, 50, 7
2021/4/3, 34, 7
2021/4/4, 22, 9
2021/4/5, 22, 9
2021/4/6, 32, 9
2021/4/7, 39, 8
2021/4/8, 53, 18
2021/4/9, 75, 11
2021/4/10, 91, 10
2021/4/11, 52, 7
2021/4/12, 63, 9
2021/4/13, 24, 8
2021/4/14, 24, 4
2021/4/15, 17, 7
2021/4/16, 16, 8
2021/4/17, 33, 8
2021/4/18, 41, 5
2021/4/19, 42, 11
2021/4/20, 57, 7
2021/4/21, 63, 6
2021/4/22, 70, 6
2021/4/23, 54, 5
2021/4/24, 28, 4
2021/4/25, 24, 1
2021/4/26, 29, 
2021/4/27, 41, 10
2021/4/28, 85, 12
2021/4/29, 62, 10
2021/4/30, 62, 8
2021/5/1, 48, 5
2021/5/2, 34, 5
2021/5/3, 33, 5
2021/5/4, 19, 2
2021/5/5, 30, 4
2021/5/6, 41, 9
2021/5/7, 31, 7
2021/5/8, 26, 9
2021/5/9, 17, 11
2021/5/10, 18, 7
2021/5/11, 44, 8
2021/5/12, 25, 
2021/5/13, 26, 5
2021/5/14, 49, 
2021/5/18, 39, 7
2021/5/19, 47, 5
2021/5/20, 32, 4
2021/5/21, 32, 5
2021/5/22, 42, 5
2021/5/23, 183, 6
2021/5/24, 67, 7
2021/5/25, 36, 2
2021/5/26, 54, 2
2021/5/27, 46, 4
2021/5/28, 32, 8
2021/5/29, 44, 11
2021/5/30, 49, 9
2021/5/31, 55, 7
2021/6/1, 43, 5
2021/6/2, 66, 
2021/6/3, 65, 5
2021/6/4, 35, 9
2021/6/5, 32, 6
2021/6/6, 41, 8
2021/6/7, 33, 6
2021/6/8, 31, 7
2021/6/9, 28, 6
2021/6/10, 48, 7
2021/6/11, 54, 6
2021/6/12, 60, 8
2021/6/13, 58, 5
2021/6/14, 63, 3
2021/6/15, 48, 5
2021/6/16, 54, 4
2021/6/17, 50, 6
2021/6/18, 53, 5
2021/6/19, 35, 8
2021/6/20, 31, 11
2021/6/21, 56, 5
2021/6/22, 63, 4
2021/6/23, 52, 1
2021/6/24, 51, 7
2021/6/25, 57, 7
2021/6/26, 63, 6
2021/6/27, 50, 3
2021/6/28, 44, 4
2021/6/29, 47, 9
2021/6/30, 52, 8
2021/7/1, 59, 3
2021/1/5, 34, 17
2021/1/6, 39, 10
2021/1/7, 40, 14
2021/1/8, 32, 18
2021/1/9, 45, 30
2021/1/10, 41, 23
2021/1/11, 39, 17
2021/1/12, 51, 18
2021/1/13, 60, 15
2021/1/14, 67, 6
2021/1/15, 72, 6
2021/1/16, 42, 10
2021/1/17, 21, 6
2021/1/18, 29, 5
2021/1/19, 17, 5
2021/1/20, 16, 3
2021/1/21, 22, 14
2021/1/22, 28, 10
2021/1/23, 28, 18
2021/1/24, 27, 35
2021/1/25, 36, 43
2021/1/26, 47, 38
2021/1/27, 53, 36
2021/1/28, 66, 23
2021/1/29, 59, 8
2021/1/30, 49, 7
2021/1/31, 26, 6
2021/2/1, 23, 21
2021/2/2, 24, 13
2021/2/3, 30, 
2021/2/4, 32, 41
2021/2/5, 37, 19
2021/2/6, 50, 
2021/2/7, 50, 
2021/2/9, 39, 15
2021/2/10, 48, 21
2021/2/11, 48, 14
2021/2/12, 44, 14
2021/2/13, 34, 14
2021/2/14, 42, 15
2021/2/15, 48, 14
2021/2/16, 52, 17
2021/2/17, 55, 4
2021/2/18, 76, 4
2021/2/19, 31, 10
2021/2/20, 29, 13
2021/2/21, 24, 11
2021/2/22, 21, 13
2021/2/23, 25, 10
2021/2/24, 25, 7
2021/2/25, 20, 7
2021/2/26, 23, 3
2021/2/27, 26, 16
2021/2/28, 25, 16
2021/3/1, 40, 12
2021/3/2, 39, 14
2021/3/3, 36, 28
2021/3/4, 35, 12
2021/3/5, 10, 7
2021/3/6, 12, 13
2021/3/7, 34, 12
2021/3/8, 36, 15
2021/3/9, 32, 15
2021/3/10, 32, 12
2021/3/11, 32, 12
2021/3/12, 54, 7
2021/3/13, 70, 5
2021/3/14, 17, 16
2021/3/15, 27, 17
2021/3/16, 33, 18
2021/3/17, 40, 10
2021/3/18, 45, 9
2021/3/19, 26, 8
2021/3/20, 16, 10
2021/3/21, 18, 12
2021/3/22, 27, 15
2021/3/23, 39, 11
2021/3/24, 56, 5
2021/3/25, 53, 6
2021/3/26, 25, 8
2021/3/27, 18, 12
2021/3/28, 16, 8
2021/3/29, 17, 10
2021/3/30, 14, 13
2021/3/31, 18, 15
2021/4/1, 27, 11
2020/10/2, 62, 10
2020/10/3, 65, 4
2020/10/4, 38, 3
2020/10/5, 36, 4
2020/10/6, 38, 2
2020/10/7, 40, 5
2020/10/8, 31, 3
2020/10/9, 35, 
2020/10/10, 32, 8
2020/10/11, 38, 3
2020/10/12, 47, 7
2020/10/13, 57, 10
2020/10/14, 59, 6
2020/10/15, 61, 6
2020/10/16, 62, 5
2020/10/17, 60, 6
2020/10/18, 57, 5
2020/10/19, 59, 6
2020/10/20, 51, 5
2020/10/21, 57, 5
2020/10/22, 55, 
2020/10/23, 47, 5
2020/10/24, 51, 11
2020/10/25, 247, 12
2020/10/26, 198, 11
2020/10/27, 64, 4
2020/10/28, 71, 1
2020/10/29, 69, 
2020/12/1, 40, 9
2020/12/2, 48, 17
2020/12/3, 37, 20
2020/12/4, 36, 27
2020/12/5, 48, 12
2020/12/6, 35, 9
2020/12/7, 27, 17
2020/12/8, 27, 18
2020/12/9, 42, 9
2020/12/10, 39, 
2020/12/11, 36, 17
2020/12/12, 32, 18
2020/12/13, 40, 10
2020/12/14, 36, 
2020/12/15, 31, 
2020/12/16, 19, 
2020/12/19, 46, 
2020/12/20, 23, 
2020/12/22, 49, 6
2020/12/23, 41, 10
2020/12/24, 30, 14
2020/12/25, 20, 8
2020/12/26, 21, 
2020/12/27, 21, 29
2020/12/28, 18, 34
2020/12/29, 30, 31
2020/12/30, 39, 15
2020/12/31, 42, 27
2021/1/1, 44, 26
2021/1/2, 45, 23
2021/1/3, 40, 12
2021/1/4, 39, 12
2020/7/4, 5, 
2020/7/5, 3, 
2020/7/9, 4, 
2020/7/10, 3, 5
2020/7/11, 4, 5
2020/7/12, 6, 
2020/7/13, 7, 
2020/7/15, 3, 
2020/7/16, 5, 
2020/7/21, 4, 6
2020/7/22, 4, 5
2020/7/23, 3, 
2020/7/24, 3, 
2020/7/28, 6, 6
2020/7/29, 4, 8
2020/7/30, 4, 3
2020/7/31, 4, 3
2020/8/1, 4, 6
2020/8/2, 4, 4
2020/8/3, 4, 2
2020/8/4, 3, 3
2020/8/5, 4, 2
2020/8/6, 3, 1
2020/8/7, 4, 3
2020/8/8, 4, 4
2020/8/9, 4, 6
2020/8/10, 4, 4
2020/8/11, 3, 
2020/8/12, 4, 
2020/8/14, 3, 2
2020/8/15, 4, 2
2020/8/16, 3, 
2020/8/17, 4, 10
2020/8/18, 4, 6
2020/8/19, 4, 4
2020/8/20, 3, 6
2020/8/21, 3, 5
2020/8/22, 3, 1
2020/8/23, 3, 2
2020/8/24, 3, 2
2020/8/25, 3, 1
2020/8/26, 4, 4
2020/8/27, 4, 5
2020/8/28, 4, 5
2020/8/29, 4, 5
2020/8/30, 3, 5
2020/8/31, 4, 7
2020/9/1, 4, 11
2020/9/2, 3, 4
2020/9/3, 3, 2
2020/9/4, 4, 3
2020/9/5, 3, 11
2020/9/6, 4, 7
2020/9/7, 6, 3
2020/9/8, 3, 3
2020/9/9, 3, 4
2020/9/10, 4, 4
2020/9/11, 4, 3
2020/9/12, 4, 7
2020/9/13, 4, 9
2020/9/14, 4, 4
2020/9/15, 4, 3
2020/9/16, 4, 3
2020/9/17, 5, 7
2020/9/18, 8, 11
2020/9/19, 11, 6
2020/9/20, 12, 
2020/9/21, 14, 7
2020/9/22, 18, 10
2020/9/23, 50, 5
2020/9/24, 49, 7
2020/9/25, 53, 6
2020/9/26, 60, 7
2020/9/27, 60, 4
2020/9/28, 49, 3
2020/9/29, 60, 1
2020/9/30, 59, 11
2020/10/1, 46, 5
2020/4/2, 16, 1
2020/4/3, 15, 5
2020/4/4, 17, 7
2020/4/5, 13, 9
2020/4/6, 8, 12
2020/4/7, 19, 9
2020/4/8, 40, 9
2020/4/9, 41, 3
2020/4/10, 30, 
2020/4/11, 22, 
2020/4/12, 17, 4
2020/4/13, 4, 6
2020/4/14, 3, 3
2020/4/15, 3, 7
2020/4/16, 3, 6
2020/4/17, 3, 3
2020/4/18, 3, 4
2020/4/19, 3, 3
2020/4/20, 3, 5
2020/4/21, 3, 4
2020/4/22, 3, 6
2020/4/23, 3, 3
2020/4/24, 3, 4
2020/4/25, 3, 2
2020/4/26, 3, 1
2020/4/27, 2, 4
2020/4/28, 3, 4
2020/4/29, 4, 8
2020/4/30, 4, 4
2020/5/1, 5, 6
2020/5/2, 3, 4
2020/5/3, 3, 2
2020/5/4, 3, 4
2020/5/5, 3, 6
2020/5/6, 3, 
2020/5/7, 3, 
2020/5/15, 4, 4
2020/5/16, 5, 5
2020/5/17, 4, 5
2020/5/18, 5, 4
2020/5/19, 4, 5
2020/5/20, 4, 4
2020/5/21, 5, 4
2020/5/22, 5, 3
2020/5/23, 5, 6
2020/5/24, 4, 7
2020/5/25, 5, 2
2020/5/26, 4, 4
2020/5/27, 3, 7
2020/5/28, 5, 12
2020/5/29, 4, 
2020/5/30, 9, 
2020/6/5, 4, 5
2020/6/6, 4, 3
2020/6/7, 4, 
2020/6/8, 6, 
2020/6/9, 5, 
2020/6/10, 5, 
2020/6/11, 6, 
2020/6/12, 5, 
2020/6/13, 5, 
2020/6/14, 9, 
2020/6/15, 5, 
2020/6/16, 5, 
2020/6/17, 8, 
2020/1/2, 49, 3
2020/1/3, 32, 10
2020/1/4, 22, 11
2020/1/5, 31, 3
2020/1/6, 22, 7
2020/1/7, 23, 5
2020/1/8, 29, 9
2020/1/9, 41, 8
2020/1/10, 21, 7
2020/1/11, 26, 
2020/1/12, 17, 
2020/1/13, 14, 
2020/1/22, 35, 3
2020/1/23, 26, 
2020/1/24, 10, 5
2020/1/25, 22, 6
2020/1/26, 15, 1
2020/1/27, 23, 10
2020/1/28, 27, 31
2020/1/29, 58, 17
2020/1/30, 45, 7
2020/1/31, 41, 4
2020/2/1, 37, 5
2020/2/2, 19, 3
2020/2/3, 26, 
2020/2/4, 15, 
2020/2/6, 34, 18
2020/2/7, 37, 7
2020/2/8, 46, 3
2020/2/9, 18, 8
2020/2/10, 14, 6
2020/2/11, 24, 4
2020/2/12, 30, 12
2020/2/13, 34, 7
2020/2/14, 44, 8
2020/2/15, 36, 12
2020/2/16, 38, 8
2020/2/17, 36, 
2020/2/18, 25, 
2020/2/29, 49, 7
2020/3/1, 66, 10
2020/3/2, 47, 5
2020/3/3, 12, 14
2020/3/4, 30, 5
2020/3/5, 26, 8
2020/3/6, 28, 7
2020/3/7, 40, 10
2020/3/8, 55, 5
2020/3/9, 55, 6
2020/3/10, 46, 9
2020/3/11, 48, 10
2020/3/12, 48, 8
2020/3/13, 56, 11
2020/3/14, 56, 10
2020/3/15, 44, 11
2020/3/16, 35, 9
2020/3/17, 33, 7
2020/3/18, 38, 3
2020/3/19, 32, 5
2020/3/20, 11, 8
2020/3/21, 10, 5
2020/3/22, 17, 3
2020/3/23, 22, 3
2020/3/24, 17, 8
2020/3/25, 24, 6
2020/3/26, 30, 6
2020/3/27, 31, 6
2020/3/28, 32, 5
2020/3/29, 25, 2
2020/3/30, 22, 
2019/10/2, 44, 4
2019/10/3, 51, 7
2019/10/4, 62, 3
2019/10/5, 59, 6
2019/10/6, 53, 4
2019/10/7, 70, 4
2019/10/8, 53, 4
2019/10/9, 50, 8
2019/10/10, 78, 5
2019/10/11, 61, 9
2019/10/12, 61, 3
2019/10/13, 58, 3
2019/10/14, 43, 4
2019/10/15, 46, 3
2019/10/16, 37, 4
2019/10/17, 50, 3
2019/10/18, 66, 14
2019/10/19, 51, 6
2019/10/20, 47, 4
2019/10/21, 24, 4
2019/10/22, 4, 4
2019/10/23, 3, 9
2019/10/24, 2, 18
2019/10/25, 3, 36
2019/10/26, 3, 5
2019/10/27, 3, 12
2019/10/28, 3, 17
2019/10/29, 3, 10
2019/10/30, 2, 4
2019/10/31, 2, 4
2019/11/1, 3, 5
2019/11/2, 8, 3
2019/11/3, 23, 3
2019/11/4, 14, 6
2019/11/5, 28, 5
2019/11/6, 20, 
2019/11/7, 32, 5
2019/11/8, 29, 3
2019/11/9, 25, 
2019/11/11, 44, 16
2019/11/12, 40, 8
2019/11/13, 40, 13
2019/11/14, 34, 20
2019/11/15, 41, 17
2019/11/16, 70, 6
2019/11/17, 58, 5
2019/11/18, 57, 5
2019/11/19, 50, 5
2019/11/20, 35, 5
2019/11/21, 37, 6
2019/11/22, 53, 7
2019/11/23, 66, 8
2019/11/24, 55, 9
2019/11/25, 50, 18
2019/11/26, 62, 12
2019/11/27, 71, 15
2019/11/28, 68, 4
2019/11/29, 60, 5
2019/11/30, 43, 4
2019/12/1, 38, 4
2019/12/2, 40, 6
2019/12/3, 46, 4
2019/12/4, 14, 
2019/12/5, 9, 
2019/12/8, 21, 10
2019/12/9, 30, 4
2019/12/10, 27, 2
2019/12/11, 21, 
2019/12/12, 13, 
2019/12/14, 24, 8
2019/12/15, 27, 6
2019/12/16, 47, 3
2019/12/17, 63, 
2019/12/18, 63, 
2019/12/20, 17, 3
2019/12/21, 17, 17
2019/12/22, 21, 19
2019/12/23, 59, 15
2019/12/24, 48, 18
2019/12/25, 41, 11
2019/12/26, 50, 5
2019/12/27, 85, 5
2019/12/28, 95, 4
2019/12/29, 26, 3
2019/12/30, 20, 
2019/7/2, 51, 4
2019/7/3, 50, 3
2019/7/4, 60, 3
2019/7/5, 59, 4
2019/7/6, 53, 3
2019/7/7, 52, 3
2019/7/8, 53, 4
2019/7/9, 45, 3
2019/7/10, 41, 2
2019/7/11, 34, 2
2019/7/12, 31, 3
2019/7/13, 63, 4
2019/7/14, 45, 5
2019/7/15, 23, 5
2019/7/16, 40, 3
2019/7/17, 35, 6
2019/7/18, 34, 7
2019/7/19, 53, 8
2019/7/20, 35, 2
2019/7/21, 36, 2
2019/7/22, 41, 1
2019/7/23, 49, 
2019/7/25, 62, 
2019/7/26, 50, 
2019/7/31, 56, 
2019/8/5, 36, 1
2019/8/6, 56, 3
2019/8/7, 45, 
2019/8/10, 60, 4
2019/8/11, 52, 3
2019/8/12, 58, 5
2019/8/13, 52, 4
2019/8/14, 51, 
2019/8/16, 76, 2
2019/8/17, 61, 2
2019/8/18, 49, 3
2019/8/19, 53, 3
2019/8/20, 60, 2
2019/8/21, 50, 6
2019/8/22, 52, 4
2019/8/23, 38, 11
2019/8/24, 42, 
2019/8/26, 63, 3
2019/8/27, 59, 4
2019/8/28, 40, 3
2019/8/29, 37, 4
2019/8/30, 86, 5
2019/8/31, 70, 3
2019/9/1, 43, 1
2019/9/2, 34, 
2019/9/5, 16, 5
2019/9/6, 49, 6
2019/9/7, 49, 4
2019/9/8, 49, 3
2019/9/9, 34, 
2019/9/11, 47, 7
2019/9/12, 45, 3
2019/9/13, 52, 7
2019/9/14, 38, 16
2019/9/15, 53, 12
2019/9/16, 74, 2
2019/9/17, 58, 4
2019/9/18, 78, 3
2019/9/19, 49, 7
2019/9/20, 44, 9
2019/9/21, 57, 
2019/9/22, 49, 
2019/9/24, 35, 7
2019/9/25, 36, 6
2019/9/26, 54, 7
2019/9/27, 60, 10
2019/9/28, 55, 4
2019/9/29, 54, 4
2019/9/30, 37, 3
2019/10/1, 35, 5
2019/5/7, 26, 3
2019/5/8, 31, 4
2019/5/9, 47, 2
2019/5/10, 24, 3
2019/5/11, 28, 2
2019/5/12, 30, 5
2019/5/13, 36, 5
2019/5/14, 46, 6
2019/5/15, 37, 3
2019/5/16, 26, 4
2019/5/17, 22, 4
2019/5/18, 28, 8
2019/5/19, 56, 6
2019/5/20, 48, 9
2019/5/21, 34, 5
2019/5/22, 33, 4
2019/5/23, 31, 
2019/5/25, 76, 4
2019/5/26, 106, 5
2019/5/27, 46, 3
2019/5/28, 36, 3
2019/5/29, 26, 3
2019/5/30, 23, 4
2019/5/31, 29, 4
2019/6/1, 36, 5
2019/6/2, 43, 6
2019/6/3, 51, 5
2019/6/4, 57, 3
2019/6/5, 71, 3
2019/6/6, 60, 2
2019/6/7, 56, 3
2019/6/8, 60, 3
2019/6/9, 53, 3
2019/6/10, 67, 
2019/6/12, 71, 6
2019/6/13, 54, 3
2019/6/14, 71, 3
2019/6/15, 67, 3
2019/6/16, 50, 3
2019/6/17, 43, 3
2019/6/18, 60, 
2019/6/21, 64, 6
2019/6/22, 60, 1
2019/6/23, 63, 3
2019/6/24, 71, 2
2019/6/25, 54, 2
2019/6/26, 53, 1
2019/6/27, 52, 4
2019/6/28, 44, 3
2019/6/29, 49, 2
2019/6/30, 50, 3
2019/7/1, 45, 6
2019/1/29, 2, 
2018/10/2, 42, 10
2018/10/3, 52, 9
2018/10/4, 42, 4
2018/10/5, 44, 10
2018/10/6, 41, 13
2018/10/7, 47, 12
2018/10/8, 94, 7
2018/10/9, 68, 9
2018/10/10, 43, 10
2018/10/11, 64, 14
2018/10/12, 66, 10
2018/10/13, 389, 9
2018/10/14, 242, 12
2018/10/15, 94, 10
2018/10/16, 77, 10
2018/10/17, 91, 4
2018/10/18, 79, 9
2018/10/19, 66, 7
2018/10/20, 56, 6
2018/10/21, 57, 
2018/10/23, 59, 11
2018/10/24, 59, 4
2018/10/25, 59, 6
2018/10/26, 97, 2
2018/10/27, 10, 4
2018/10/28, 9, 8
2018/10/29, 9, 8
2018/10/30, 17, 2
2018/10/31, 18, 2
2018/11/1, 20, 6
2018/11/2, 45, 18
2018/11/3, 30, 11
2018/11/4, 26, 11
2018/11/5, 20, 4
2018/11/6, 9, 3
2018/11/7, 23, 3
2018/11/8, 20, 5
2018/11/9, 16, 8
2018/11/10, 40, 12
2018/11/11, 30, 1
2018/11/12, 25, 6
2018/11/13, 31, 7
2018/11/14, 40, 12
2018/11/15, 42, 13
2018/11/16, 15, 17
2018/11/17, 19, 12
2018/11/18, 18, 11
2018/11/19, 20, 13
2018/11/20, 21, 8
2018/11/21, 18, 9
2018/11/22, 26, 4
2018/11/23, 24, 7
2018/11/24, 21, 12
2018/11/25, 23, 4
2018/11/26, 16, 16
2018/11/27, 26, 10
2018/11/28, 30, 10
2018/11/29, 27, 10
2018/11/30, 22, 6
2018/12/1, 13, 4
2018/12/2, 24, 3
2018/12/3, 17, 8
2018/12/4, 20, 15
2018/12/5, 27, 8
2018/12/6, 26, 18
2018/12/7, 30, 11
2018/12/8, 29, 6
2018/12/9, 18, 19
2018/12/10, 23, 12
2018/12/11, 27, 6
2018/12/12, 18, 5
2018/12/13, 12, 6
2018/12/14, 18, 21
2018/12/15, 28, 5
2018/12/16, 26, 9
2018/12/17, 22, 13
2018/12/18, 33, 5
2018/12/19, 24, 14
2018/12/20, 36, 8
2018/12/21, 30, 12
2018/12/22, 33, 3
2018/12/23, 18, 
2018/12/25, 21, 19
2018/12/26, 27, 15
2018/12/27, 19, 12
2018/12/28, 33, 
2018/12/31, 22, 
2018/7/2, 38, 6
2018/7/3, 8, 7
2018/7/4, 4, 6
2018/7/5, 3, 6
2018/7/6, 3, 9
2018/7/7, 18, 2
2018/7/8, 52, 3
2018/7/9, 49, 4
2018/7/10, 47, 4
2018/7/11, 47, 4
2018/7/12, 52, 4
2018/7/13, 58, 8
2018/7/14, 52, 2
2018/7/15, 71, 2
2018/7/16, 81, 2
2018/7/17, 31, 2
2018/7/18, 26, 1
2018/7/19, 30, 2
2018/7/20, 42, 2
2018/7/21, 53, 3
2018/7/22, 42, 2
2018/7/23, 33, 2
2018/7/24, 38, 2
2018/7/25, 353, 2
2018/7/26, 72, 1
2018/7/27, 77, 1
2018/7/28, 47, 1
2018/7/29, 51, 1
2018/7/30, 51, 1
2018/7/31, 56, 1
2018/8/1, 54, 1
2018/8/2, 58, 1
2018/8/3, 51, 1
2018/8/4, 39, 1
2018/8/5, 43, 1
2018/8/6, 43, 1
2018/8/7, 43, 1
2018/8/8, 53, 3
2018/8/9, 45, 1
2018/8/10, 43, 3
2018/8/11, 34, 2
2018/8/12, 33, 
2018/8/13, 38, 
2018/8/14, 35, 
2018/8/15, 35, 
2018/8/16, 43, 
2018/8/17, 34, 12
2018/8/18, 58, 11
2018/8/19, 47, 8
2018/8/20, 37, 5
2018/8/21, 41, 4
2018/8/22, 34, 9
2018/8/23, 38, 7
2018/8/24, 38, 6
2018/8/25, 37, 9
2018/8/26, 46, 8
2018/8/27, 43, 7
2018/8/28, 56, 4
2018/8/29, 51, 3
2018/8/30, 36, 9
2018/8/31, 41, 5
2018/9/1, 49, 4
2018/9/2, 46, 3
2018/9/3, 31, 6
2018/9/4, 49, 5
2018/9/5, 64, 4
2018/9/6, 54, 5
2018/9/7, 60, 4
2018/9/8, 48, 3
2018/9/9, 48, 6
2018/9/10, 37, 6
2018/9/11, 37, 4
2018/9/12, 24, 6
2018/9/13, 39, 4
2018/9/14, 76, 21
2018/9/15, 130, 2
2018/9/16, 38, 7
2018/9/17, 35, 6
2018/9/18, 33, 3
2018/9/19, 34, 3
2018/9/20, 30, 2
2018/9/21, 31, 5
2018/9/22, 41, 3
2018/9/23, 48, 3
2018/9/24, 42, 6
2018/9/25, 32, 4
2018/9/26, 34, 3
2018/9/27, 43, 10
2018/9/28, 44, 10
2018/9/29, 41, 10
2018/9/30, 39, 4
2018/10/1, 34, 10
2018/4/3, 23, 4
2018/4/4, 37, 2
2018/4/5, 36, 3
2018/4/6, 19, 6
2018/4/7, 28, 3
2018/4/8, 33, 2
2018/4/9, 39, 3
2018/4/10, 46, 2
2018/4/11, 38, 2
2018/4/12, 21, 2
2018/4/13, 47, 3
2018/4/14, 53, 2
2018/4/15, 30, 2
2018/4/16, 20, 2
2018/4/17, 21, 3
2018/4/18, 23, 4
2018/4/19, 32, 3
2018/4/20, 37, 7
2018/4/21, 63, 2
2018/4/22, 25, 2
2018/4/23, 12, 3
2018/4/24, 24, 2
2018/4/25, 23, 1
2018/4/26, 27, 3
2018/4/27, 36, 1
2018/4/28, 99, 2
2018/4/29, 54, 2
2018/4/30, 49, 2
2018/5/1, 34, 2
2018/5/2, 23, 2
2018/5/3, 29, 2
2018/5/4, 25, 
2018/5/5, 383, 
2018/5/6, 242, 
2018/5/7, 111, 
2018/5/8, 56, 
2018/5/9, 20, 
2018/5/10, 20, 
2018/5/11, 20, 
2018/5/12, 16, 
2018/5/13, 14, 
2018/5/14, 16, 7
2018/5/15, 18, 3
2018/5/16, 16, 5
2018/5/17, 13, 2
2018/5/18, 18, 8
2018/5/19, 24, 1
2018/5/20, 20, 2
2018/5/21, 33, 1
2018/5/22, 62, 1
2018/5/23, 38, 1
2018/5/24, 34, 1
2018/5/25, 18, 1
2018/5/26, 25, 2
2018/5/27, 59, 8
2018/5/28, 82, 2
2018/5/29, 69, 1
2018/5/30, 45, 1
2018/5/31, 163, 1
2018/6/1, 36, 1
2018/6/2, 34, 2
2018/6/3, 31, 4
2018/6/4, 25, 1
2018/6/5, 32, 
2018/6/6, 41, 
2018/6/7, 26, 3
2018/6/8, 34, 5
2018/6/9, 32, 1
2018/6/10, 28, 1
2018/6/11, 23, 1
2018/6/12, 40, 1
2018/6/13, 49, 3
2018/6/14, 66, 5
2018/6/15, 63, 3
2018/6/16, 61, 2
2018/6/17, 26, 2
2018/6/18, 43, 8
2018/6/19, 49, 2
2018/6/20, 49, 2
2018/6/21, 58, 2
2018/6/22, 57, 2
2018/6/23, 46, 2
2018/6/24, 43, 1
2018/6/25, 34, 1
2018/6/26, 59, 1
2018/6/27, 53, 5
2018/6/28, 41, 7
2018/6/29, 49, 6
2018/6/30, 56, 6
2018/7/1, 55, 4
2018/1/2, 59, 7
2018/1/3, 32, 7
2018/1/4, 40, 6
2018/1/5, 25, 6
2018/1/6, 41, 9
2018/1/7, 34, 4
2018/1/8, 19, 4
2018/1/9, 20, 8
2018/1/10, 29, 7
2018/1/11, 31, 23
2018/1/12, 48, 21
2018/1/13, 63, 17
2018/1/14, 114, 12
2018/1/15, 65, 14
2018/1/16, 177, 15
2018/1/17, 130, 5
2018/1/18, 42, 6
2018/1/19, 76, 
2018/1/20, 123, 7
2018/1/21, 39, 6
2018/1/22, 54, 13
2018/1/23, 72, 8
2018/1/24, 127, 9
2018/1/25, 126, 8
2018/1/26, 94, 7
2018/1/27, 30, 9
2018/1/28, 77, 5
2018/1/29, 21, 15
2018/1/30, 53, 6
2018/1/31, 29, 9
2018/2/1, 36, 11
2018/2/2, 50, 8
2018/2/3, 51, 11
2018/2/4, 47, 8
2018/2/5, 37, 11
2018/2/6, 49, 14
2018/2/7, 67, 11
2018/2/8, 58, 6
2018/2/9, 61, 14
2018/2/10, 71, 8
2018/2/11, 57, 7
2018/2/12, 55, 
2018/3/1, 17, 3
2018/3/2, 23, 4
2018/3/3, 27, 5
2018/3/4, 45, 7
2018/3/5, 53, 6
2018/3/6, 62, 7
2018/3/7, 65, 7
2018/3/8, 88, 4
2018/3/9, 90, 4
2018/3/10, 63, 5
2018/3/11, 18, 4
2018/3/12, 22, 5
2018/3/13, 32, 4
2018/3/14, 34, 3
2018/3/15, 46, 2
2018/3/16, 39, 4
2018/3/17, 26, 5
2018/3/18, 21, 2
2018/3/19, 16, 3
2018/3/20, 28, 3
2018/3/21, 65, 5
2018/3/22, 68, 4
2018/3/23, 66, 3
2018/3/24, 62, 5
2018/3/25, 427, 3
2018/3/26, 41, 3
2018/3/27, 27, 2
2018/3/28, 55, 4
2018/3/29, 117, 4
2018/3/30, 125, 3
2018/3/31, 61, 
2017/10/2, 10, 2
2017/10/3, 10, 2
2017/10/4, 8, 1
2017/10/5, 10, 2
2017/10/6, 12, 5
2017/10/7, 10, 4
2017/10/8, 10, 4
2017/10/9, 10, 3
2017/10/10, 9, 3
2017/10/11, 11, 7
2017/10/12, 33, 3
2017/10/13, 20, 9
2017/10/14, 15, 4
2017/10/15, 13, 3
2017/10/16, 8, 1
2017/10/17, 13, 
2017/10/18, 30, 2
2017/10/19, 13, 4
2017/10/20, 32, 4
2017/10/21, 45, 4
2017/10/22, 28, 2
2017/10/23, 11, 7
2017/10/24, 11, 5
2017/10/25, 12, 6
2017/10/26, 17, 3
2017/10/27, 15, 2
2017/10/28, 11, 2
2017/10/29, 10, 1
2017/10/30, 11, 1
2017/10/31, 12, 2
2017/11/2, 329, 1
2017/11/3, 36, 1
2017/11/4, 36, 1
2017/11/5, 34, 1
2017/11/6, 61, 1
2017/11/7, 70, 2
2017/11/8, 392, 1
2017/11/9, 94, 1
2017/11/10, 38, 1
2017/11/11, 47, 2
2017/11/12, 68, 3
2017/11/13, 51, 3
2017/11/14, 52, 8
2017/11/15, 47, 2
2017/11/16, 74, 4
2017/11/17, 73, 4
2017/11/18, 69, 4
2017/11/19, 71, 5
2017/11/20, 64, 5
2017/11/21, 67, 5
2017/11/22, 129, 
2017/11/24, 45, 5
2017/11/25, 36, 5
2017/11/26, 43, 3
2017/11/27, 42, 5
2017/11/28, 52, 4
2017/11/29, 54, 6
2017/11/30, 50, 5
2017/12/1, 53, 6
2017/12/2, 24, 6
2017/12/3, 35, 4
2017/12/4, 21, 7
2017/12/5, 46, 8
2017/12/6, 65, 5
2017/12/7, 474, 4
2017/12/8, 26, 6
2017/12/9, 25, 8
2017/12/10, 49, 4
2017/12/11, 26, 7
2017/12/12, 29, 4
2017/12/13, 18, 11
2017/12/14, 22, 21
2017/12/15, 34, 15
2017/12/16, 52, 14
2017/12/17, 67, 7
2017/12/18, 56, 9
2017/12/19, 57, 11
2017/12/20, 48, 8
2017/12/21, 37, 7
2017/12/22, 115, 13
2017/12/23, 83, 13
2017/12/24, 60, 6
2017/12/25, 111, 4
2017/12/26, 83, 4
2017/12/27, 20, 9
2017/12/28, 33, 18
2017/12/29, 34, 9
2017/12/30, 32, 7
2017/12/31, 55, 
2017/7/2, 94, 2
2017/7/3, 81, 5
2017/7/4, 125, 3
2017/7/5, 91, 11
2017/7/6, 95, 2
2017/7/7, 88, 3
2017/7/8, 57, 2
2017/7/9, 75, 3
2017/7/10, 86, 5
2017/7/11, 81, 3
2017/7/12, 106, 3
2017/7/13, 66, 3
2017/7/14, 86, 4
2017/7/15, 173, 3
2017/7/16, 86, 2
2017/7/17, 63, 4
2017/7/18, 96, 3
2017/7/19, 103, 2
2017/7/20, 80, 2
2017/7/21, 78, 2
2017/7/22, 68, 3
2017/7/23, 62, 2
2017/7/24, 68, 2
2017/7/25, 61, 2
2017/7/26, 55, 2
2017/7/27, 63, 2
2017/7/28, 64, 3
2017/7/29, 73, 3
2017/7/30, 70, 2
2017/7/31, 64, 3
2017/8/1, 83, 2
2017/8/2, 90, 3
2017/8/3, 74, 3
2017/8/4, 62, 3
2017/8/5, 58, 2
2017/8/6, 46, 
2017/8/7, 23, 1
2017/8/8, 13, 5
2017/8/9, 23, 4
2017/8/10, 48, 2
2017/8/11, 37, 2
2017/8/12, 40, 2
2017/8/13, 55, 1
2017/8/14, 37, 2
2017/8/15, 35, 1
2017/8/16, 16, 1
2017/8/17, 20, 3
2017/8/18, 25, 1
2017/8/19, 44, 2
2017/8/20, 13, 3
2017/8/21, 17, 1
2017/8/22, 33, 2
2017/8/23, 32, 2
2017/8/24, 27, 2
2017/8/25, 33, 2
2017/8/26, 23, 4
2017/8/27, 10, 3
2017/8/28, 15, 3
2017/8/29, 9, 2
2017/8/30, 12, 1
2017/8/31, 11, 2
2017/9/1, 15, 1
2017/9/2, 10, 2
2017/9/3, 15, 2
2017/9/4, 11, 1
2017/9/5, 12, 3
2017/9/6, 10, 2
2017/9/7, 8, 
2017/9/12, 24, 3
2017/9/13, 38, 4
2017/9/14, 20, 3
2017/9/15, 8, 5
2017/9/16, 20, 6
2017/9/17, 35, 4
2017/9/18, 37, 6
2017/9/19, 26, 3
2017/9/20, 28, 4
2017/9/21, 33, 3
2017/9/22, 15, 2
2017/9/23, 28, 3
2017/9/24, 30, 3
2017/9/25, 18, 2
2017/9/26, 34, 2
2017/9/27, 31, 2
2017/9/28, 17, 9
2017/9/29, 11, 2
2017/9/30, 14, 1
2017/10/1, 9, 2
2017/4/2, 13, 2
2017/4/3, 11, 2
2017/4/4, 11, 8
2017/4/5, 12, 3
2017/4/6, 19, 8
2017/4/7, 33, 6
2017/4/8, 34, 1
2017/4/9, 29, 1
2017/4/10, 22, 1
2017/4/11, 14, 4
2017/4/12, 23, 4
2017/4/13, 28, 2
2017/4/14, 45, 1
2017/4/15, 150, 1
2017/4/16, 28, 1
2017/4/17, 13, 
2017/4/18, 38, 2
2017/4/19, 16, 1
2017/4/20, 16, 1
2017/4/21, 26, 3
2017/4/22, 39, 3
2017/4/23, 41, 1
2017/4/24, 131, 1
2017/4/25, 36, 1
2017/4/26, 35, 5
2017/4/27, 24, 5
2017/4/28, 51, 2
2017/4/29, 192, 1
2017/4/30, 56, 1
2017/5/1, 28, 1
2017/5/2, 45, 2
2017/5/3, 184, 1
2017/5/4, 42, 1
2017/5/5, 31, 15
2017/5/6, 30, 
2017/5/7, 32, 
2017/5/8, 43, 
2017/5/9, 35, 1
2017/5/10, 48, 1
2017/5/11, 81, 1
2017/5/12, 146, 1
2017/5/13, 36, 1
2017/5/14, 27, 1
2017/5/15, 51, 1
2017/5/16, 73, 1
2017/5/17, 35, 
2017/5/18, 18, 2
2017/5/19, 43, 1
2017/5/20, 259, 
2017/5/21, 207, 1
2017/5/22, 16, 1
2017/5/23, 28, 11
2017/5/24, 36, 1
2017/5/25, 16, 2
2017/5/26, 17, 2
2017/5/27, 40, 
2017/5/28, 47, 1
2017/5/29, 31, 3
2017/5/30, 67, 
2017/5/31, 41, 
2017/6/1, 36, 2
2017/6/2, 36, 5
2017/6/3, 31, 1
2017/6/4, 27, 1
2017/6/5, 33, 1
2017/6/6, 45, 
2017/6/7, 43, 1
2017/6/8, 71, 2
2017/6/9, 73, 1
2017/6/10, 59, 1
2017/6/11, 88, 
2017/6/12, 51, 1
2017/6/13, 46, 
2017/6/14, 51, 1
2017/6/15, 78, 1
2017/6/16, 69, 1
2017/6/17, 66, 1
2017/6/18, 55, 2
2017/6/19, 37, 17
2017/6/20, 68, 1
2017/6/21, 85, 1
2017/6/22, 62, 3
2017/6/23, 79, 1
2017/6/24, 102, 1
2017/6/25, 132, 1
2017/6/26, 97, 1
2017/6/27, 79, 1
2017/6/28, 80, 3
2017/6/29, 79, 1
2017/6/30, 111, 1
2017/7/1, 113, 2
2017/1/3, 43, 9
2017/1/4, 11, 6
2017/1/5, 33, 12
2017/1/6, 40, 17
2017/1/7, 39, 9
2017/1/8, 23, 9
2017/1/9, 59, 3
2017/1/10, 242, 4
2017/1/11, 218, 8
2017/1/12, 86, 15
2017/1/13, 54, 11
2017/1/14, 52, 10
2017/1/15, 32, 9
2017/1/16, 39, 23
2017/1/17, 46, 23
2017/1/18, 50, 26
2017/1/19, 53, 12
2017/1/20, 50, 15
2017/1/21, 49, 10
2017/1/22, 36, 7
2017/1/23, 24, 7
2017/1/24, 26, 20
2017/1/25, 46, 11
2017/1/26, 34, 22
2017/1/27, 56, 2
2017/1/28, 42, 7
2017/1/29, 32, 7
2017/1/30, 26, 15
2017/1/31, 42, 10
2017/2/1, 37, 6
2017/2/2, 25, 4
2017/2/3, 26, 53
2017/2/4, 999, 19
2017/2/5, 412, 8
2017/2/6, 32, 10
2017/2/7, 28, 8
2017/2/8, 34, 
2017/2/14, 38, 8
2017/2/15, 43, 6
2017/2/16, 28, 5
2017/2/17, 42, 1
2017/2/18, 29, 3
2017/2/19, 54, 8
2017/2/20, 10, 18
2017/2/21, 6, 17
2017/2/22, 2, 12
2017/2/23, 4, 15
2017/2/24, 2, 11
2017/2/25, 3, 9
2017/2/26, 2, 8
2017/2/27, 3, 8
2017/2/28, 3, 16
2017/3/1, 3, 19
2017/3/2, 2, 21
2017/3/3, 25, 11
2017/3/4, 43, 3
2017/3/5, 26, 4
2017/3/6, 26, 8
2017/3/7, 36, 8
2017/3/8, 38, 5
2017/3/9, 40, 7
2017/3/10, 41, 5
2017/3/11, 44, 7
2017/3/12, 59, 4
2017/3/13, 44, 4
2017/3/14, 42, 2
2017/3/15, 19, 2
2017/3/16, 10, 2
2017/3/17, 18, 4
2017/3/18, 23, 3
2017/3/19, 15, 6
2017/3/20, 62, 3
2017/3/21, 48, 3
2017/3/22, 17, 4
2017/3/23, 19, 4
2017/3/24, 11, 1
2017/3/25, 15, 3
2017/3/26, 28, 4
2017/3/27, 31, 4
2017/3/28, 44, 2
2017/3/29, 374, 1
2017/3/30, 410, 3
2017/3/31, 39, 2
2017/4/1, 37, 1
2016/10/2, 28, 5
2016/10/3, 31, 6
2016/10/4, 43, 7
2016/10/5, 52, 9
2016/10/6, 58, 7
2016/10/7, 56, 6
2016/10/8, 58, 5
2016/10/9, 56, 5
2016/10/10, 55, 5
2016/10/11, 59, 4
2016/10/12, 64, 7
2016/10/13, 60, 5
2016/10/14, 66, 3
2016/10/15, 107, 2
2016/10/16, 37, 3
2016/10/17, 21, 4
2016/10/18, 36, 8
2016/10/19, 67, 4
2016/10/20, 54, 4
2016/10/21, 40, 4
2016/10/22, 43, 5
2016/10/23, 48, 12
2016/10/24, 61, 51
2016/10/25, 86, 76
2016/10/26, 71, 16
2016/10/27, 39, 7
2016/10/28, 58, 6
2016/10/29, 60, 4
2016/10/30, 28, 2
2016/10/31, 42, 3
2016/11/1, 20, 3
2016/11/2, 14, 4
2016/11/3, 9, 12
2016/11/4, 24, 12
2016/11/5, 26, 14
2016/11/6, 28, 6
2016/11/7, 19, 10
2016/11/8, 38, 12
2016/11/9, 48, 10
2016/11/10, 47, 12
2016/11/11, 55, 12
2016/11/12, 65, 10
2016/11/13, 62, 7
2016/11/14, 59, 11
2016/11/15, 83, 23
2016/11/16, 97, 11
2016/11/17, 84, 5
2016/11/18, 22, 6
2016/11/19, 9, 4
2016/11/20, 11, 5
2016/11/21, 16, 5
2016/11/22, 16, 8
2016/11/23, 18, 14
2016/11/24, 37, 13
2016/11/25, 44, 18
2016/11/26, 47, 20
2016/11/27, 54, 33
2016/11/28, 80, 33
2016/11/29, 78, 27
2016/11/30, 65, 14
2016/12/1, 78, 4
2016/12/2, 26, 
2016/12/6, 4, 3
2016/12/7, 13, 
2016/12/10, 29, 
2016/12/15, 29, 5
2016/12/16, 19, 8
2016/12/17, 53, 8
2016/12/18, 58, 7
2016/12/19, 28, 10
2016/12/20, 27, 7
2016/12/21, 35, 15
2016/12/22, 47, 28
2016/12/23, 48, 30
2016/12/24, 42, 8
2016/12/25, 23, 3
2016/12/26, 16, 4
2016/12/27, 24, 21
2016/12/28, 42, 13
2016/12/29, 37, 16
2016/12/30, 39, 22
2016/12/31, 51, 15
2017/1/1, 75, 
2016/7/2, 35, 3
2016/7/3, 28, 3
2016/7/4, 25, 3
2016/7/5, 29, 2
2016/7/6, 56, 3
2016/7/7, 110, 3
2016/7/8, 92, 1
2016/7/9, 74, 4
2016/7/10, 35, 3
2016/7/11, 21, 4
2016/7/12, 70, 2
2016/7/13, 38, 3
2016/7/14, 36, 5
2016/7/15, 37, 4
2016/7/16, 36, 3
2016/7/17, 40, 4
2016/7/18, 38, 3
2016/7/19, 58, 2
2016/7/20, 70, 4
2016/7/21, 67, 7
2016/7/22, 36, 1
2016/7/23, 45, 3
2016/7/24, 36, 3
2016/7/25, 36, 5
2016/7/26, 59, 5
2016/7/27, 43, 4
2016/7/28, 45, 4
2016/7/29, 38, 3
2016/7/30, 31, 4
2016/7/31, 47, 4
2016/8/1, 47, 3
2016/8/2, 41, 4
2016/8/3, 41, 3
2016/8/4, 43, 4
2016/8/5, 50, 4
2016/8/6, 64, 4
2016/8/7, 68, 2
2016/8/8, 117, 2
2016/8/9, 61, 3
2016/8/10, 53, 3
2016/8/11, 68, 6
2016/8/12, 57, 4
2016/8/13, 65, 4
2016/8/14, 58, 2
2016/8/15, 41, 4
2016/8/16, 48, 3
2016/8/17, 63, 2
2016/8/18, 68, 2
2016/8/19, 52, 5
2016/8/20, 59, 5
2016/8/21, 68, 8
2016/8/22, 59, 5
2016/8/23, 60, 3
2016/8/24, 60, 5
2016/8/25, 62, 5
2016/8/26, 70, 4
2016/8/27, 143, 5
2016/8/28, 258, 4
2016/8/29, 62, 5
2016/8/30, 51, 3
2016/8/31, 76, 10
2016/9/1, 73, 4
2016/9/2, 51, 3
2016/9/3, 34, 3
2016/9/4, 46, 3
2016/9/5, 50, 3
2016/9/6, 46, 5
2016/9/7, 47, 2
2016/9/8, 47, 5
2016/9/9, 58, 7
2016/9/10, 56, 7
2016/9/11, 57, 4
2016/9/12, 52, 3
2016/9/13, 29, 3
2016/9/14, 38, 4
2016/9/15, 42, 3
2016/9/16, 47, 4
2016/9/17, 43, 3
2016/9/18, 21, 3
2016/9/19, 23, 5
2016/9/20, 28, 5
2016/9/21, 34, 3
2016/9/22, 52, 5
2016/9/23, 94, 3
2016/9/24, 41, 3
2016/9/25, 41, 3
2016/9/26, 19, 5
2016/9/27, 36, 8
2016/9/28, 71, 5
2016/9/29, 146, 1
2016/9/30, 281, 2
2016/10/1, 67, 3
2016/4/2, 14, 7
2016/4/3, 19, 5
2016/4/4, 27, 7
2016/4/5, 26, 11
2016/4/6, 41, 13
2016/4/7, 54, 9
2016/4/8, 79, 5
2016/4/9, 49, 5
2016/4/10, 55, 5
2016/4/11, 58, 5
2016/4/12, 36, 3
2016/4/13, 34, 4
2016/4/14, 27, 4
2016/4/15, 36, 5
2016/4/16, 28, 2
2016/4/17, 28, 4
2016/4/18, 14, 2
2016/4/19, 15, 3
2016/4/20, 22, 3
2016/4/21, 27, 4
2016/4/22, 51, 3
2016/4/23, 34, 3
2016/4/24, 25, 3
2016/4/25, 33, 8
2016/4/26, 65, 4
2016/4/27, 44, 6
2016/4/28, 112, 5
2016/4/29, 72, 4
2016/4/30, 37, 5
2016/5/1, 38, 4
2016/5/2, 39, 4
2016/5/3, 40, 3
2016/5/4, 40, 4
2016/5/5, 36, 4
2016/5/6, 24, 3
2016/5/7, 32, 3
2016/5/8, 17, 3
2016/5/9, 13, 3
2016/5/10, 21, 4
2016/5/11, 27, 3
2016/5/12, 49, 8
2016/5/13, 25, 3
2016/5/14, 42, 3
2016/5/15, 79, 2
2016/5/16, 70, 2
2016/5/17, 65, 1
2016/5/18, 67, 3
2016/5/19, 57, 4
2016/5/20, 39, 3
2016/5/21, 20, 3
2016/5/22, 22, 4
2016/5/23, 29, 2
2016/5/24, 77, 3
2016/5/25, 41, 2
2016/5/26, 26, 5
2016/5/27, 48, 3
2016/5/28, 63, 2
2016/5/29, 70, 1
2016/5/30, 24, 2
2016/5/31, 21, 3
2016/6/1, 31, 1
2016/6/2, 36, 2
2016/6/3, 38, 4
2016/6/4, 40, 3
2016/6/5, 79, 5
2016/6/6, 77, 3
2016/6/7, 40, 2
2016/6/8, 38, 3
2016/6/9, 18, 3
2016/6/10, 72, 3
2016/6/11, 20, 4
2016/6/12, 29, 2
2016/6/13, 24, 4
2016/6/14, 26, 4
2016/6/15, 47, 4
2016/6/16, 67, 2
2016/6/17, 70, 4
2016/6/18, 41, 2
2016/6/19, 70, 4
2016/6/20, 80, 3
2016/6/21, 69, 3
2016/6/22, 65, 4
2016/6/23, 46, 3
2016/6/24, 50, 4
2016/6/25, 56, 3
2016/6/26, 32, 2
2016/6/27, 37, 4
2016/6/28, 62, 3
2016/6/29, 82, 2
2016/6/30, 64, 3
2016/7/1, 62, 1
2016/1/5, 38, 6
2016/1/6, 10, 10
2016/1/7, 2, 8
2016/1/8, 2, 4
2016/1/9, 2, 7
2016/1/10, 3, 9
2016/1/11, 5, 11
2016/1/12, 2, 9
2016/1/13, 3, 9
2016/1/14, 2, 5
2016/1/15, 2, 4
2016/1/16, 2, 7
2016/1/17, 4, 9
2016/1/18, 4, 11
2016/1/19, 1, 4
2016/1/20, 1, 8
2016/1/21, 2, 7
2016/1/22, 3, 8
2016/1/23, 4, 11
2016/1/24, 2, 5
2016/1/25, 1, 5
2016/1/26, 1, 9
2016/1/27, 2, 8
2016/1/28, 3, 8
2016/1/29, 3, 11
2016/1/30, 4, 14
2016/1/31, 3, 10
2016/2/1, 3, 7
2016/2/2, 4, 8
2016/2/3, 2, 6
2016/2/4, 4, 9
2016/2/5, 3, 12
2016/2/6, 3, 7
2016/2/7, 2, 6
2016/2/8, 2, 6
2016/2/9, 7, 10
2016/2/10, 4, 8
2016/2/11, 3, 9
2016/2/12, 2, 9
2016/2/13, 1, 6
2016/2/14, 3, 5
2016/2/15, 1, 5
2016/2/16, 2, 2
2016/2/17, 2, 5
2016/2/18, 2, 6
2016/2/19, 125, 4
2016/2/20, 42, 6
2016/2/21, 41, 8
2016/2/22, 555, 5
2016/2/23, 264, 4
2016/2/24, 37, 5
2016/2/25, 31, 5
2016/2/26, 36, 5
2016/2/27, 45, 7
2016/2/28, 40, 5
2016/2/29, 28, 6
2016/3/1, 24, 5
2016/3/2, 29, 7
2016/3/3, 27, 6
2016/3/4, 44, 5
2016/3/5, 39, 3
2016/3/6, 27, 5
2016/3/7, 24, 6
2016/3/8, 25, 5
2016/3/9, 26, 5
2016/3/10, 31, 5
2016/3/11, 36, 5
2016/3/12, 40, 4
2016/3/13, 55, 3
2016/3/14, 36, 6
2016/3/15, 59, 3
2016/3/16, 13, 5
2016/3/17, 17, 5
2016/3/18, 21, 4
2016/3/19, 20, 5
2016/3/20, 23, 6
2016/3/21, 142, 6
2016/3/22, 20, 10
2016/3/23, 26, 8
2016/3/24, 31, 7
2016/3/25, 49, 10
2016/3/26, 152, 5
2016/3/27, 92, 4
2016/3/28, 62, 3
2016/3/29, 36, 9
2016/3/30, 27, 7
2016/3/31, 18, 8
2016/4/1, 23, 8
2015/10/2, 55, 1
2015/10/3, 61, 1
2015/10/4, 416, 2
2015/10/5, 163, 3
2015/10/6, 42, 3
2015/10/7, 75, 1
2015/10/8, 103, 2
2015/10/9, 29, 2
2015/10/10, 35, 3
2015/10/11, 39, 2
2015/10/12, 24, 3
2015/10/13, 50, 2
2015/10/14, 65, 2
2015/10/15, 45, 2
2015/10/16, 60, 3
2015/10/17, 58, 2
2015/10/18, 43, 3
2015/10/19, 40, 5
2015/10/20, 55, 4
2015/10/21, 70, 9
2015/10/22, 84, 6
2015/10/23, 99, 4
2015/10/24, 257, 6
2015/10/25, 88, 2
2015/10/26, 43, 1
2015/10/27, 65, 1
2015/10/28, 32, 1
2015/10/29, 26, 1
2015/10/30, 28, 1
2015/10/31, 27, 2
2015/11/1, 15, 1
2015/11/2, 7, 2
2015/11/3, 14, 3
2015/11/4, 23, 2
2015/11/5, 33, 6
2015/11/6, 35, 5
2015/11/7, 55, 3
2015/11/8, 50, 3
2015/11/9, 45, 3
2015/11/10, 32, 4
2015/11/11, 26, 3
2015/11/12, 23, 3
2015/11/13, 30, 5
2015/11/14, 35, 4
2015/11/15, 24, 3
2015/11/16, 28, 5
2015/11/17, 44, 4
2015/11/18, 22, 8
2015/11/19, 26, 8
2015/11/20, 40, 6
2015/11/21, 31, 6
2015/11/22, 35, 6
2015/11/23, 34, 5
2015/11/24, 24, 8
2015/11/25, 34, 10
2015/11/26, 34, 8
2015/11/27, 36, 13
2015/11/28, 45, 11
2015/11/29, 56, 7
2015/11/30, 60, 7
2015/12/1, 49, 7
2015/12/2, 27, 5
2015/12/3, 21, 5
2015/12/4, 19, 6
2015/12/5, 17, 6
2015/12/6, 20, 6
2015/12/7, 25, 12
2015/12/8, 29, 12
2015/12/9, 23, 13
2015/12/10, 29, 16
2015/12/11, 29, 15
2015/12/12, 34, 17
2015/12/13, 40, 8
2015/12/14, 40, 10
2015/12/15, 46, 8
2015/12/16, 44, 10
2015/12/17, 49, 11
2015/12/18, 49, 12
2015/12/19, 55, 10
2015/12/20, 56, 7
2015/12/21, 39, 7
2015/12/22, 36, 10
2015/12/23, 39, 13
2015/12/24, 44, 8
2015/12/25, 36, 8
2015/12/26, 26, 11
2015/12/27, 39, 13
2015/12/28, 40, 10
2015/12/29, 52, 12
2015/12/30, 68, 10
2015/12/31, 39, 
2015/7/2, 43, 2
2015/7/3, 47, 2
2015/7/4, 52, 
2015/7/5, 65, 
2015/7/6, 57, 2
2015/7/7, 62, 2
2015/7/8, 63, 1
2015/7/9, 54, 1
2015/7/10, 55, 
2015/7/11, 54, 1
2015/7/12, 55, 1
2015/7/13, 19, 1
2015/7/14, 10, 1
2015/7/15, 10, 2
2015/7/16, 10, 2
2015/7/17, 10, 1
2015/7/18, 9, 1
2015/7/19, 9, 
2015/7/20, 9, 2
2015/7/21, 22, 3
2015/7/22, 52, 2
2015/7/23, 61, 3
2015/7/24, 60, 4
2015/7/25, 68, 3
2015/7/26, 55, 1
2015/7/27, 51, 1
2015/7/28, 52, 2
2015/7/29, 53, 3
2015/7/30, 60, 2
2015/7/31, 73, 2
2015/8/1, 74, 2
2015/8/2, 49, 1
2015/8/3, 42, 2
2015/8/4, 50, 2
2015/8/5, 80, 2
2015/8/6, 71, 1
2015/8/7, 64, 1
2015/8/8, 62, 1
2015/8/9, 63, 1
2015/8/10, 42, 1
2015/8/11, 63, 1
2015/8/12, 60, 1
2015/8/13, 56, 2
2015/8/14, 53, 1
2015/8/15, 56, 
2015/8/16, 54, 
2015/8/17, 50, 1
2015/8/18, 50, 1
2015/8/19, 54, 1
2015/8/20, 45, 1
2015/8/21, 58, 1
2015/8/22, 66, 1
2015/8/23, 60, 1
2015/8/24, 51, 1
2015/8/25, 63, 1
2015/8/26, 49, 1
2015/8/27, 32, 1
2015/8/28, 35, 2
2015/8/29, 46, 2
2015/8/30, 45, 2
2015/8/31, 49, 2
2015/9/1, 64, 3
2015/9/2, 44, 3
2015/9/3, 31, 3
2015/9/4, 36, 2
2015/9/5, 47, 3
2015/9/6, 88, 2
2015/9/7, 99, 2
2015/9/8, 195, 3
2015/9/9, 109, 4
2015/9/10, 90, 6
2015/9/11, 176, 4
2015/9/12, 154, 4
2015/9/13, 159, 3
2015/9/14, 130, 2
2015/9/15, 79, 3
2015/9/16, 61, 2
2015/9/17, 65, 
2015/9/18, 42, 
2015/9/19, 48, 
2015/9/20, 74, 
2015/9/21, 61, 3
2015/9/22, 76, 1
2015/9/23, 49, 1
2015/9/24, 36, 1
2015/9/25, 56, 1
2015/9/26, 43, 1
2015/9/27, 33, 1
2015/9/28, 47, 1
2015/9/29, 50, 2
2015/9/30, 58, 2
2015/10/1, 44, 1
2015/4/2, 121, 2
2015/4/3, 103, 2
2015/4/4, 114, 3
2015/4/5, 125, 4
2015/4/6, 107, 3
2015/4/7, 146, 2
2015/4/8, 148, 2
2015/4/9, 181, 2
2015/4/10, 529, 1
2015/4/11, 165, 1
2015/4/12, 133, 2
2015/4/13, 123, 2
2015/4/14, 107, 3
2015/4/15, 114, 2
2015/4/16, 109, 2
2015/4/17, 99, 2
2015/4/18, 119, 2
2015/4/19, 143, 1
2015/4/20, 129, 2
2015/4/21, 100, 1
2015/4/22, 56, 1
2015/4/23, 33, 1
2015/4/24, 46, 3
2015/4/25, 36, 2
2015/4/26, 35, 1
2015/4/27, 40, 2
2015/4/28, 49, 2
2015/4/29, 63, 2
2015/4/30, 54, 2
2015/5/1, 73, 1
2015/5/2, 54, 1
2015/5/3, 43, 1
2015/5/4, 32, 3
2015/5/5, 51, 1
2015/5/6, 41, 2
2015/5/7, 35, 2
2015/5/8, 39, 3
2015/5/9, 35, 1
2015/5/10, 53, 1
2015/5/11, 36, 1
2015/5/12, 34, 
2015/5/13, 37, 2
2015/5/14, 40, 1
2015/5/15, 48, 1
2015/5/16, 47, 2
2015/5/17, 41, 1
2015/5/18, 104, 1
2015/5/19, 52, 1
2015/5/20, 55, 1
2015/5/21, 55, 1
2015/5/22, 37, 4
2015/5/23, 38, 1
2015/5/24, 60, 1
2015/5/25, 54, 2
2015/5/26, 62, 1
2015/5/27, 65, 2
2015/5/28, 70, 1
2015/5/29, 106, 2
2015/5/30, 92, 1
2015/5/31, 50, 
2015/6/1, 40, 3
2015/6/2, 49, 2
2015/6/3, 73, 2
2015/6/4, 83, 3
2015/6/5, 54, 9
2015/6/6, 60, 2
2015/6/7, 53, 3
2015/6/8, 51, 6
2015/6/9, 55, 6
2015/6/10, 71, 4
2015/6/11, 172, 2
2015/6/12, 59, 3
2015/6/13, 46, 4
2015/6/14, 54, 5
2015/6/15, 55, 6
2015/6/16, 66, 3
2015/6/17, 45, 5
2015/6/18, 61, 1
2015/6/19, 63, 1
2015/6/20, 57, 1
2015/6/21, 64, 1
2015/6/22, 64, 1
2015/6/23, 80, 2
2015/6/24, 64, 2
2015/6/25, 79, 1
2015/6/26, 74, 1
2015/6/27, 62, 1
2015/6/28, 52, 1
2015/6/29, 75, 2
2015/6/30, 152, 1
2015/7/1, 53, 2
2015/1/2, 43, 9
2015/1/3, 46, 6
2015/1/4, 35, 5
2015/1/5, 29, 6
2015/1/6, 24, 6
2015/1/7, 30, 4
2015/1/8, 435, 8
2015/1/9, 30, 14
2015/1/10, 32, 19
2015/1/11, 47, 14
2015/1/12, 41, 20
2015/1/13, 55, 16
2015/1/14, 49, 27
2015/1/15, 51, 17
2015/1/16, 36, 15
2015/1/17, 43, 11
2015/1/18, 32, 7
2015/1/19, 26, 10
2015/1/20, 35, 8
2015/1/21, 36, 14
2015/1/22, 51, 14
2015/1/23, 48, 14
2015/1/24, 50, 14
2015/1/25, 45, 16
2015/1/26, 46, 21
2015/1/27, 119, 20
2015/1/28, 407, 19
2015/1/29, 103, 13
2015/1/30, 80, 10
2015/1/31, 69, 13
2015/2/1, 45, 8
2015/2/2, 39, 12
2015/2/3, 56, 9
2015/2/4, 50, 7
2015/2/5, 45, 8
2015/2/6, 29, 9
2015/2/7, 28, 11
2015/2/8, 43, 16
2015/2/9, 59, 4
2015/2/10, 42, 4
2015/2/11, 33, 5
2015/2/12, 496, 6
2015/2/13, 408, 9
2015/2/14, 94, 14
2015/2/15, 91, 5
2015/2/16, 47, 7
2015/2/17, 42, 5
2015/2/18, 30, 7
2015/2/19, 32, 6
2015/2/20, 30, 8
2015/2/21, 64, 8
2015/2/22, 27, 11
2015/2/23, 31, 12
2015/2/24, 37, 11
2015/2/25, 37, 8
2015/2/26, 33, 4
2015/2/27, 31, 14
2015/2/28, 39, 10
2015/3/1, 95, 7
2015/3/2, 42, 9
2015/3/3, 41, 10
2015/3/4, 38, 7
2015/3/5, 29, 2
2015/3/6, 22, 6
2015/3/7, 35, 8
2015/3/8, 42, 7
2015/3/9, 36, 5
2015/3/10, 40, 4
2015/3/11, 83, 5
2015/3/12, 38, 5
2015/3/13, 36, 3
2015/3/14, 61, 6
2015/3/15, 68, 5
2015/3/16, 41, 3
2015/3/17, 29, 4
2015/3/18, 28, 3
2015/3/19, 30, 6
2015/3/20, 34, 3
2015/3/21, 23, 4
2015/3/22, 24, 7
2015/3/23, 26, 5
2015/3/24, 15, 5
2015/3/26, 164, 8
2015/3/27, 109, 5
2015/3/28, 150, 5
2015/3/29, 162, 4
2015/3/30, 228, 1
2015/3/31, 139, 2
2015/4/1, 219, 2
2014/10/2, 35, 3
2014/10/3, 44, 4
2014/10/4, 151, 3
2014/10/5, 369, 2
2014/10/6, 35, 3
2014/10/7, 34, 3
2014/10/8, 36, 4
2014/10/9, 34, 4
2014/10/10, 42, 4
2014/10/11, 240, 4
2014/10/12, 725, 3
2014/10/13, 210, 4
2014/10/14, 88, 4
2014/10/15, 72, 4
2014/10/16, 201, 2
2014/10/17, 181, 2
2014/10/18, 33, 3
2014/10/19, 27, 2
2014/10/20, 27, 3
2014/10/21, 21, 2
2014/10/22, 108, 2
2014/10/23, 33, 3
2014/10/24, 40, 6
2014/10/25, 48, 5
2014/10/26, 41, 4
2014/10/27, 39, 6
2014/10/28, 42, 
2014/11/12, 42, 11
2014/11/13, 41, 18
2014/11/14, 58, 17
2014/11/15, 59, 17
2014/11/16, 71, 9
2014/11/17, 50, 7
2014/11/18, 31, 10
2014/11/19, 37, 11
2014/11/20, 41, 9
2014/11/21, 56, 7
2014/11/22, 44, 5
2014/11/23, 20, 6
2014/11/24, 24, 7
2014/11/25, 27, 10
2014/11/26, 39, 9
2014/11/27, 24, 8
2014/11/28, 22, 17
2014/11/29, 38, 10
2014/11/30, 30, 7
2014/12/1, 132, 10
2014/12/2, 44, 8
2014/12/3, 39, 8
2014/12/4, 32, 7
2014/12/5, 34, 13
2014/12/6, 40, 17
2014/12/7, 50, 10
2014/12/8, 34, 11
2014/12/9, 30, 17
2014/12/10, 42, 10
2014/12/11, 40, 9
2014/12/12, 33, 19
2014/12/13, 38, 13
2014/12/14, 30, 8
2014/12/15, 21, 16
2014/12/16, 34, 12
2014/12/17, 34, 12
2014/12/18, 41, 13
2014/12/19, 43, 15
2014/12/20, 35, 18
2014/12/21, 37, 12
2014/12/22, 41, 11
2014/12/23, 39, 9
2014/12/24, 26, 13
2014/12/25, 31, 15
2014/12/26, 46, 18
2014/12/27, 40, 20
2014/12/28, 43, 18
2014/12/29, 45, 
2014/7/2, 55, 4
2014/7/3, 47, 4
2014/7/4, 40, 7
2014/7/5, 47, 8
2014/7/6, 61, 6
2014/7/7, 47, 2
2014/7/8, 41, 
2014/7/11, 36, 5
2014/7/12, 36, 5
2014/7/13, 41, 8
2014/7/14, 72, 6
2014/7/15, 74, 8
2014/7/16, 63, 7
2014/7/17, 59, 5
2014/7/18, 72, 7
2014/7/19, 54, 6
2014/7/20, 71, 4
2014/7/21, 83, 1
2014/7/22, 76, 3
2014/7/23, 33, 4
2014/7/24, 38, 5
2014/7/25, 45, 10
2014/7/26, 49, 9
2014/7/27, 52, 3
2014/7/28, 50, 3
2014/7/29, 40, 3
2014/7/30, 28, 5
2014/7/31, 30, 4
2014/8/1, 36, 5
2014/8/2, 38, 11
2014/8/3, 41, 10
2014/8/4, 58, 5
2014/8/5, 76, 3
2014/8/6, 93, 2
2014/8/7, 44, 4
2014/8/8, 33, 5
2014/8/9, 37, 5
2014/8/10, 53, 5
2014/8/11, 49, 4
2014/8/12, 60, 9
2014/8/13, 51, 7
2014/8/14, 51, 8
2014/8/15, 60, 2
2014/8/16, 52, 
2014/8/21, 58, 7
2014/8/22, 49, 6
2014/8/23, 41, 6
2014/8/24, 54, 8
2014/8/25, 112, 7
2014/8/26, 62, 4
2014/8/27, 98, 8
2014/8/28, 67, 9
2014/8/29, 64, 6
2014/8/30, 54, 5
2014/8/31, 91, 5
2014/9/1, 39, 5
2014/9/2, 13, 6
2014/9/3, 11, 4
2014/9/4, 10, 5
2014/9/5, 10, 6
2014/9/6, 10, 5
2014/9/7, 9, 3
2014/9/8, 8, 3
2014/9/9, 8, 3
2014/9/10, 7, 3
2014/9/11, 8, 3
2014/9/12, 9, 3
2014/9/13, 8, 3
2014/9/14, 9, 4
2014/9/15, 9, 4
2014/9/16, 7, 3
2014/9/17, 8, 3
2014/9/18, 8, 3
2014/9/19, 7, 3
2014/9/20, 8, 4
2014/9/21, 8, 3
2014/9/22, 8, 3
2014/9/23, 8, 4
2014/9/24, 8, 3
2014/9/25, 8, 3
2014/9/26, 7, 3
2014/9/27, 8, 2
2014/9/28, 8, 2
2014/9/29, 7, 3
2014/9/30, 8, 4
2014/10/1, 19, 4
2014/4/2, 28, 9
2014/4/3, 36, 8
2014/4/4, 44, 6
2014/4/5, 37, 9
2014/4/6, 41, 5
2014/4/7, 50, 7
2014/4/8, 59, 6
2014/4/9, 69, 4
2014/4/10, 30, 5
2014/4/11, 37, 6
2014/4/12, 36, 
2014/4/17, 128, 6
2014/4/18, 42, 4
2014/4/19, 59, 4
2014/4/20, 62, 4
2014/4/21, 110, 5
2014/4/22, 31, 4
2014/4/23, 25, 3
2014/4/24, 26, 3
2014/4/25, 33, 
2014/4/30, 54, 
2014/5/10, 263, 4
2014/5/11, 46, 4
2014/5/12, 38, 4
2014/5/13, 38, 3
2014/5/14, 33, 3
2014/5/15, 30, 3
2014/5/16, 25, 5
2014/5/17, 39, 4
2014/5/18, 47, 3
2014/5/19, 46, 4
2014/5/20, 55, 5
2014/5/21, 69, 4
2014/5/22, 51, 5
2014/5/23, 46, 4
2014/5/24, 54, 3
2014/5/25, 40, 4
2014/5/26, 27, 4
2014/5/27, 36, 4
2014/5/28, 32, 3
2014/5/29, 31, 5
2014/5/30, 36, 5
2014/5/31, 45, 5
2014/6/1, 189, 3
2014/6/2, 170, 3
2014/6/3, 46, 4
2014/6/4, 41, 3
2014/6/5, 24, 4
2014/6/6, 40, 3
2014/6/7, 52, 3
2014/6/8, 50, 3
2014/6/9, 44, 4
2014/6/10, 39, 4
2014/6/11, 40, 4
2014/6/12, 52, 3
2014/6/13, 53, 3
2014/6/14, 29, 4
2014/6/15, 30, 4
2014/6/16, 46, 4
2014/6/17, 44, 4
2014/6/18, 58, 3
2014/6/19, 48, 8
2014/6/20, 38, 7
2014/6/21, 72, 3
2014/6/22, 78, 5
2014/6/23, 50, 4
2014/6/24, 39, 4
2014/6/25, 41, 6
2014/6/26, 56, 4
2014/6/27, 54, 3
2014/6/28, 66, 4
2014/6/29, 42, 4
2014/6/30, 87, 7
2014/7/1, 54, 6
2014/1/2, 39, 23
2014/1/3, 55, 28
2014/1/4, 56, 22
2014/1/5, 56, 10
2014/1/6, 31, 9
2014/1/7, 33, 13
2014/1/8, 46, 24
2014/1/9, 45, 31
2014/1/10, 47, 28
2014/1/11, 56, 18
2014/1/12, 51, 12
2014/1/13, 42, 14
2014/1/14, 38, 10
2014/1/15, 36, 14
2014/1/16, 39, 27
2014/1/17, 47, 27
2014/1/18, 45, 10
2014/1/19, 38, 19
2014/1/20, 36, 29
2014/1/21, 53, 32
2014/1/22, 60, 11
2014/1/23, 47, 16
2014/1/24, 50, 12
2014/1/25, 33, 17
2014/1/26, 35, 12
2014/1/27, 36, 11
2014/1/28, 64, 8
2014/1/29, 26, 5
2014/1/30, 41, 7
2014/1/31, 38, 7
2014/2/1, 23, 5
2014/2/2, 30, 7
2014/2/3, 27, 10
2014/2/4, 40, 13
2014/2/5, 34, 20
2014/2/6, 46, 25
2014/2/7, 46, 30
2014/2/8, 50, 18
2014/2/9, 43, 18
2014/2/10, 37, 26
2014/2/11, 51, 15
2014/2/12, 50, 9
2014/2/13, 37, 23
2014/2/14, 47, 17
2014/2/15, 45, 18
2014/2/16, 44, 11
2014/2/17, 37, 10
2014/2/18, 39, 19
2014/2/19, 46, 16
2014/2/20, 46, 17
2014/2/21, 62, 17
2014/2/22, 62, 17
2014/2/23, 61, 15
2014/2/24, 67, 15
2014/2/25, 66, 19
2014/2/26, 92, 8
2014/2/27, 27, 11
2014/2/28, 26, 12
2014/3/1, 34, 14
2014/3/2, 38, 7
2014/3/3, 42, 15
2014/3/4, 60, 4
2014/3/5, 59, 9
2014/3/6, 106, 9
2014/3/7, 114, 9
2014/3/8, 85, 11
2014/3/9, 58, 10
2014/3/10, 97, 8
2014/3/11, 39, 5
2014/3/12, 24, 6
2014/3/13, 26, 4
2014/3/14, 21, 5
2014/3/15, 23, 12
2014/3/16, 30, 5
2014/3/17, 25, 6
2014/3/18, 37, 6
2014/3/19, 17, 4
2014/3/20, 17, 7
2014/3/21, 35, 5
2014/3/22, 29, 5
2014/3/23, 28, 8
2014/3/24, 30, 8
2014/3/25, 28, 7
2014/3/26, 37, 7
2014/3/27, 39, 7
2014/3/28, 42, 6
2014/3/29, 36, 5
2014/3/30, 53, 4
2014/3/31, 47, 4
2014/4/1, 35, 8
2023/2/13, , 10
2023/1/17, , 17
2022/10/24, , 11
2022/4/14, , 14
2022/4/25, , 13
2022/5/5, , 6
2022/5/23, , 6
2022/2/6, , 30
2022/3/12, , 7
2021/11/8, , 13
2021/12/10, , 6
2021/7/14, , 5
2021/9/12, , 7
2021/9/20, , 8
2021/5/17, , 5
2021/2/8, , 14
2020/11/30, , 15
2020/12/18, , 18
2020/12/21, , 16
2020/7/3, , 8
2020/7/8, , 2
2020/7/14, , 4
2020/7/20, , 3
2020/7/27, , 7
2020/8/13, , 
2020/4/1, , 4
2020/5/14, , 6
2020/6/4, , 3
2020/1/1, , 9
2020/1/21, , 8
2020/2/5, , 16
2020/2/28, , 12
2019/11/10, , 23
2019/12/7, , 7
2019/12/13, , 8
2019/12/19, , 5
2019/7/30, , 6
2019/8/4, , 1
2019/8/9, , 5
2019/8/15, , 4
2019/8/25, , 2
2019/9/4, , 3
2019/9/10, , 4
2019/9/23, , 5
2019/5/6, , 18
2019/5/24, , 4
2019/6/11, , 4
2019/6/20, , 2
2019/1/28, , 4
2018/10/22, , 8
2018/12/24, , 7
2018/12/30, , 5
2018/4/2, , 3
2018/1/1, , 10
2018/2/28, , 11
2017/11/1, , 2
2017/11/23, , 7
2017/9/11, , 8
2017/1/2, , 14
2017/2/13, , 3
2016/12/5, , 4
2016/12/14, , 4
2016/1/4, , 12
2015/1/1, , 12
2015/3/25, , 6
2014/11/11, , 14
2014/7/10, , 5
2014/8/20, , 7
2014/4/16, , 2
2014/4/29, , 5
2014/5/9, , 5
2014/1/1, , 11