date, pm10, no2, so2, co
2021/9/2, 54, 8, 1, 
2021/9/3, 45, 6, 1, 
2021/9/4, 47, 2, , 
2021/9/5, 16, 5, , 
2021/9/6, 29, 8, 2, 
2021/9/7, 39, 5, , 
2021/9/8, 25, 4, , 
2021/9/9, 29, 8, 1, 
2021/9/10, 54, 11, 5, 
2021/9/11, 60, 9, , 
2021/9/12, 45, 5, 1, 
2021/9/13, 28, 8, , 
2021/9/14, 50, 9, 2, 
2021/9/15, 47, 9, 1, 
2021/9/16, 39, 11, 2, 
2021/9/17, 69, 11, 1, 
2021/9/18, 66, 12, 6, 
2021/9/19, 66, 11, , 
2021/9/20, 55, 12, 2, 
2021/9/21, 76, 7, , 
2021/9/22, 89, 7, 2, 
2021/9/23, 68, 7, 1, 
2021/9/24, 37, 9, 1, 
2021/9/25, 64, 7, , 
2021/9/26, 67, 4, , 
2021/9/27, 72, , , 
2021/8/2, 71, 7, , 
2021/8/3, 66, 8, , 
2021/8/4, 58, 4, , 
2021/8/5, 65, 8, , 
2021/8/6, 126, 8, 2, 
2021/8/7, 80, 5, 2, 
2021/8/8, 69, 3, , 
2021/8/9, 69, 5, , 
2021/8/10, 122, 11, 2, 
2021/8/11, 71, , , 
2021/8/13, 80, 9, 1, 
2021/8/14, 61, 7, , 
2021/8/15, 47, 7, , 
2021/8/16, 53, 7, , 
2021/8/17, 60, 7, 1, 
2021/8/18, 75, 5, , 
2021/8/19, 57, 3, , 
2021/8/20, 18, 8, 2, 
2021/8/21, 50, 7, , 
2021/8/22, 41, 6, , 
2021/8/23, 27, 5, , 
2021/8/24, 29, 2, , 
2021/8/25, 22, 3, , 
2021/8/26, 26, 4, , 
2021/8/27, 36, 4, , 
2021/8/28, 31, 8, , 
2021/8/29, 68, 8, 4, 
2021/8/30, 58, 10, 5, 
2021/8/31, 66, 10, 4, 
2021/9/1, 62, 11, 1, 
2021/7/2, 29, 6, , 
2021/7/3, 32, 8, 1, 
2021/7/4, 62, 6, 1, 
2021/7/5, 68, 7, 3, 
2021/7/6, 76, 7, 1, 
2021/7/7, 74, 9, 5, 
2021/7/8, 92, 9, 5, 
2021/7/9, 85, 4, 1, 
2021/7/10, 73, 6, 9, 
2021/7/11, 65, 5, 1, 
2021/7/12, 50, 3, , 
2021/7/13, 43, 3, , 
2021/7/14, 46, 2, , 
2021/7/15, 37, 7, 7, 
2021/7/16, 54, 7, , 
2021/7/17, 62, 6, 1, 
2021/7/18, 51, 7, 2, 
2021/7/19, 56, 7, , 
2021/7/20, 69, 7, 1, 
2021/7/21, 69, 7, 1, 
2021/7/22, 63, 3, , 
2021/7/23, 37, 7, 2, 
2021/7/24, 64, 6, , 
2021/7/25, 56, 4, , 
2021/7/26, 54, 5, 1, 
2021/7/27, 61, 7, 2, 
2021/7/28, 72, 6, 2, 
2021/7/29, 76, 7, 1, 
2021/7/30, 71, 3, , 
2021/7/31, 62, 2, , 
2021/8/1, 45, 8, 4, 
2021/6/2, 39, 2, , 
2021/6/3, 33, 6, 1, 
2021/6/4, 52, 8, 2, 
2021/6/5, 70, 8, 2, 
2021/6/6, 69, 3, 1, 
2021/6/7, 85, 2, , 
2021/6/8, 30, 3, , 
2021/6/9, 33, 6, 2, 
2021/6/10, 35, 8, 1, 
2021/6/11, 61, 7, 2, 
2021/6/12, 59, 8, 4, 
2021/6/13, 67, 5, 1, 
2021/6/14, 48, 7, , 
2021/6/15, 48, 6, , 
2021/6/16, 37, 3, , 
2021/6/17, 35, 3, , 
2021/6/18, 37, 5, , 
2021/6/19, 56, 7, , 
2021/6/20, 64, 8, 4, 
2021/6/21, 65, 6, 1, 
2021/6/22, 78, 7, 2, 
2021/6/23, 50, 8, 3, 
2021/6/24, 53, 7, 1, 
2021/6/25, 74, 5, , 
2021/6/26, 44, 7, 3, 
2021/6/27, 64, 7, 2, 
2021/6/28, 80, 6, 2, 
2021/6/29, 56, 2, , 
2021/6/30, 31, 2, , 
2021/7/1, 27, 3, , 
2021/5/2, 66, 2, 2, 
2021/5/3, 130, 2, 1, 
2021/5/4, 198, 4, 2, 
2021/5/5, 36, 6, 4, 
2021/5/6, 209, 3, 2, 
2021/5/7, 122, 6, 2, 
2021/5/8, 53, 7, 8, 
2021/5/9, 48, 7, 3, 
2021/5/10, 48, 11, 4, 
2021/5/11, 74, , , 
2021/5/24, 37, 3, , 
2021/5/25, 45, 4, 1, 
2021/5/26, 35, 4, 1, 
2021/5/27, 37, 4, , 
2021/5/28, 32, 8, 1, 
2021/5/29, 54, 5, 2, 
2021/5/30, 37, 5, , 
2021/5/31, 42, 3, , 
2021/6/1, 30, 4, , 
2021/4/2, 67, 8, 4, 
2021/4/3, 57, 8, 7, 
2021/4/4, 71, 16, 8, 
2021/4/5, 104, 8, 7, 
2021/4/6, 57, 9, 9, 
2021/4/7, 69, 10, 11, 
2021/4/8, 76, 9, 7, 
2021/4/9, 69, 8, 6, 
2021/4/10, 75, 7, 8, 
2021/4/11, 54, 2, 1, 
2021/4/12, 372, 4, 3, 
2021/4/13, 74, 7, 8, 
2021/4/14, 52, 7, 10, 
2021/4/15, 103, 2, 1, 
2021/4/16, 123, 3, 2, 
2021/4/17, 71, 8, 8, 
2021/4/18, 60, 7, 6, 
2021/4/19, 59, 7, 8, 
2021/4/20, 61, 6, 5, 
2021/4/21, 77, 6, 9, 
2021/4/22, 82, 5, 17, 
2021/4/23, 62, 4, 6, 
2021/4/24, 59, 2, 5, 
2021/4/25, 318, 6, 4, 
2021/4/26, 53, 2, 1, 
2021/4/27, 378, 3, 1, 
2021/4/28, 44, 3, 1, 
2021/4/29, 61, 4, 4, 
2021/4/30, 48, 3, 2, 
2021/5/1, 33, 4, 4, 
2021/3/2, 77, 13, 20, 
2021/3/3, 85, 12, 17, 
2021/3/4, 97, 8, 9, 
2021/3/5, 66, 12, 16, 
2021/3/6, 65, 14, 26, 
2021/3/13, 98, 13, 14, 
2021/3/14, 95, 10, 9, 
2021/3/15, 498, 3, 2, 
2021/3/16, 54, 7, 6, 
2021/3/17, 77, 6, 7, 
2021/3/18, 67, 3, 3, 
2021/3/19, 202, 4, 3, 
2021/3/20, 51, 6, 5, 
2021/3/21, 52, 11, 13, 
2021/3/22, 89, 14, 14, 
2021/3/23, 99, 13, 12, 
2021/3/24, 86, 12, 11, 
2021/3/25, 93, 5, 6, 
2021/3/26, 103, 8, 11, 
2021/3/27, 73, 4, 6, 
2021/3/28, 655, 6, 4, 
2021/3/29, 128, 11, 9, 
2021/3/30, 148, 7, 6, 
2021/3/31, 86, 8, 11, 
2021/4/1, 75, 5, 4, 
2021/2/2, 54, 15, 41, 
2021/2/3, 94, 12, 26, 
2021/2/4, 66, 23, 36, 
2021/2/5, 107, 17, 35, 
2021/2/6, 98, 8, 13, 
2021/2/7, 49, 14, 24, 
2021/2/8, 80, 17, 25, 
2021/2/9, 82, 16, 20, 
2021/2/10, 78, 14, 14, 
2021/2/11, 59, 6, 9, 
2021/2/12, 83, 8, 14, 
2021/2/13, 56, 7, 15, 
2021/2/14, 58, 7, 18, 
2021/2/15, 81, 6, 16, 
2021/2/16, 267, 7, 20, 
2021/2/17, 77, 15, 35, 
2021/2/18, 80, 14, 30, 
2021/2/19, 77, 8, 23, 
2021/2/20, 61, 12, 22, 
2021/2/21, 80, 3, 5, 
2021/2/22, 57, 10, 16, 
2021/2/23, 69, 10, 13, 
2021/2/24, 64, 12, 14, 
2021/2/25, 67, 13, 15, 
2021/2/26, 76, 3, 6, 
2021/2/27, 127, 4, 6, 
2021/2/28, 63, 10, 17, 
2021/3/1, 72, 10, 16, 
2021/1/5, 152, 7, 19, 
2021/1/6, 137, 8, 18, 
2021/1/7, 110, 16, 39, 
2021/1/8, 108, 12, 26, 
2021/1/9, 120, 17, 38, 
2021/1/10, 92, 16, 41, 
2021/1/11, 96, 20, 51, 
2021/1/12, 118, 17, 38, 
2021/1/13, 105, 13, 16, 
2021/1/14, 61, 12, 20, 
2021/1/15, 61, 13, 26, 
2021/1/16, 104, 16, 48, 
2021/1/17, 122, 15, 48, 
2021/1/18, 105, 21, 46, 
2021/1/19, 100, 16, 23, 
2021/1/20, 68, 30, 46, 
2021/1/21, 172, 28, 45, 
2021/1/22, 204, 15, 18, 
2021/1/23, 61, 15, 19, 
2021/1/24, 60, 13, 23, 
2021/1/25, 149, 8, 14, 
2021/1/26, 160, 11, 29, 
2021/1/27, 267, 12, 35, 
2021/1/28, 94, 21, 52, 
2021/1/29, 106, 14, 39, 
2021/1/30, 120, 17, 42, 
2021/1/31, 95, 8, 19, 
2021/2/1, 83, 7, 14, 
2020/10/2, 157, 8, 1, 
2020/10/3, 154, 4, , 
2020/10/4, 169, 9, 2, 
2020/10/5, 119, 12, 5, 
2020/10/6, 170, 13, 4, 
2020/10/7, 107, 14, 5, 
2020/10/8, 160, 6, 2, 
2020/10/9, 196, 8, 3, 
2020/10/10, 96, 6, 1, 
2020/10/11, 117, 11, 3, 
2020/10/12, 160, 9, 3, 
2020/10/13, 93, 13, 7, 
2020/10/14, 112, 12, 6, 
2020/10/15, 68, 14, 4, 
2020/10/16, 237, 14, 4, 
2020/10/17, 232, 14, 6, 
2020/10/18, 126, 14, 6, 
2020/10/19, 101, 15, 8, 
2020/10/20, 230, 7, 3, 
2020/10/21, 240, 10, 3, 
2020/10/22, 115, 15, 7, 
2020/10/23, 108, 13, 5, 
2020/10/24, 201, 15, 7, 
2020/10/25, 303, 10, 5, 
2020/10/26, 124, 6, 2, 
2020/10/27, 99, 16, 6, 
2020/10/28, 170, 15, 7, 
2020/10/29, 163, 14, 8, 
2020/10/30, 154, 12, 8, 
2020/10/31, 98, 6, 1, 
2020/11/1, 42, 8, 2, 
2020/11/2, 60, 11, 4, 
2020/11/3, 78, 14, 7, 
2020/11/4, 77, 14, 7, 
2020/11/5, 93, 10, 9, 
2020/11/6, 89, 6, 4, 
2020/11/7, 85, 7, 4, 
2020/11/8, 70, 13, 10, 
2020/11/9, 92, 15, 9, 
2020/11/10, 90, 13, 8, 
2020/11/11, 123, 12, 9, 
2020/11/12, 92, 12, 6, 
2020/11/13, 84, 11, 7, 
2020/11/14, 159, 8, 6, 
2020/11/15, 64, 7, 4, 
2020/11/16, 68, 5, 6, 
2020/11/17, 53, 7, 5, 
2020/11/18, 55, 5, 3, 
2020/11/19, 50, 4, 2, 
2020/11/20, 107, 5, 3, 
2020/11/21, 58, 7, 13, 
2020/11/22, 69, 10, 27, 
2020/11/23, 83, 10, 22, 
2020/11/24, 71, 12, 19, 
2020/11/25, 101, 11, 10, 
2020/11/26, 78, 7, 8, 
2020/11/27, 61, 10, 9, 
2020/11/28, 58, 9, 14, 
2020/11/29, 60, 9, 22, 
2020/11/30, 91, 12, 28, 
2020/12/1, 89, 10, 27, 
2020/12/2, 81, 14, 34, 
2020/12/3, 100, 9, 28, 
2020/12/4, 78, 16, 32, 
2020/12/5, 91, 14, 22, 
2020/12/6, 76, 11, 23, 
2020/12/7, 66, 15, 43, 
2020/12/8, 95, 13, 29, 
2020/12/9, 70, 19, 53, 
2020/12/10, 122, 14, 39, 
2020/12/11, 86, 13, 21, 
2020/12/12, 76, 12, 25, 
2020/12/13, 76, 12, 42, 
2020/12/14, 93, 14, 33, 
2020/12/15, 86, 16, 28, 
2020/12/16, 77, 20, 39, 
2020/12/17, 97, 19, 35, 
2020/12/18, 110, 16, 28, 
2020/12/19, 81, 18, 40, 
2020/12/20, 92, 14, 27, 
2020/12/21, 73, 16, 30, 
2020/12/22, 74, 14, 32, 
2020/12/23, 79, 9, 18, 
2020/12/24, 65, 17, 33, 
2020/12/25, 86, 17, 30, 
2020/12/26, 84, 17, 38, 
2020/12/27, 90, 8, 20, 
2020/12/28, 62, 3, 7, 
2020/12/29, 48, 8, 19, 
2020/12/30, 93, 11, 20, 
2020/12/31, 77, 13, 23, 
2021/1/1, 66, 9, 21, 
2021/1/2, 84, 8, 13, 
2021/1/3, 64, 9, 13, 
2021/1/4, 80, 12, 30, 
2020/7/2, 260, 6, , 
2020/7/3, 158, 9, 1, 
2020/7/4, 300, 8, 1, 
2020/7/6, 67, 10, 1, 
2020/7/7, 138, 8, 1, 
2020/7/8, 121, 8, 1, 
2020/7/9, 231, 7, , 
2020/7/10, 89, 4, , 
2020/7/11, 148, 4, , 
2020/7/12, 127, 5, 1, 
2020/7/13, 131, 5, , 
2020/7/14, 174, 5, , 
2020/7/15, 325, 5, , 
2020/7/16, 359, 4, , 
2020/7/17, 239, 3, , 
2020/7/18, 163, 5, 1, 
2020/7/19, 238, 4, , 
2020/7/20, 326, 9, 6, 
2020/7/21, 137, 8, 2, 
2020/7/22, 334, 6, 1, 
2020/7/23, 119, 5, 2, 
2020/7/24, 357, 6, 4, 
2020/7/25, 126, 7, , 
2020/7/26, 126, 4, , 
2020/7/27, 211, 5, , 
2020/7/28, 367, 7, , 
2020/7/29, 195, 8, , 
2020/7/30, 273, 6, , 
2020/7/31, 59, 7, 1, 
2020/8/1, 116, 5, , 
2020/8/2, 41, 3, , 
2020/8/3, 44, 3, , 
2020/8/4, 34, 6, 1, 
2020/8/5, 94, 8, 2, 
2020/8/6, 103, 7, , 
2020/8/7, 72, 7, 2, 
2020/8/8, 69, 6, , 
2020/8/9, 56, 6, , 
2020/8/10, 62, 5, , 
2020/8/11, 56, 7, 2, 
2020/8/12, 64, 7, 1, 
2020/8/13, 57, 5, , 
2020/8/14, 44, 7, 3, 
2020/8/15, 68, 7, 1, 
2020/8/16, 54, 7, , 
2020/8/17, 42, 7, , 
2020/8/18, 31, 8, 5, 
2020/8/19, 59, 6, , 
2020/8/20, 57, 4, , 
2020/8/21, 52, 7, 1, 
2020/8/22, 64, 6, 1, 
2020/8/23, 69, 6, 2, 
2020/8/24, 69, 5, , 
2020/8/25, 61, 9, , 
2020/8/26, 51, 8, 1, 
2020/8/27, 48, 7, , 
2020/8/28, 35, 6, , 
2020/8/29, 46, 7, , 
2020/8/30, 64, 6, , 
2020/8/31, 42, 5, , 
2020/9/5, 63, 7, 1, 
2020/9/6, 59, 5, , 
2020/9/7, 38, 7, 1, 
2020/9/8, 59, 7, , 
2020/9/9, 67, 7, 1, 
2020/9/10, 72, 4, 1, 
2020/9/11, 66, 3, 2, 
2020/9/12, 81, 5, , 
2020/9/13, 54, 4, , 
2020/9/14, 38, 6, , 
2020/9/15, 33, 3, , 
2020/9/16, 31, 5, , 
2020/9/17, 42, 6, 4, 
2020/9/18, 69, , , 
2020/9/22, 66, 7, 4, 
2020/9/23, 245, 7, 2, 
2020/9/24, 90, 7, 2, 
2020/9/25, 121, 7, 2, 
2020/9/26, 226, 5, 2, 
2020/9/27, 152, 6, 2, 
2020/9/28, 91, 7, 2, 
2020/9/29, 125, 10, 3, 
2020/9/30, 142, 8, 1, 
2020/10/1, 70, 4, , 
2020/4/2, 106, 10, 11, 
2020/4/3, 102, 10, 8, 
2020/4/4, 91, 9, 8, 
2020/4/5, 88, 6, 5, 
2020/4/6, 76, 3, 5, 
2020/4/7, 283, 4, 3, 
2020/4/8, 91, 6, 5, 
2020/4/9, 74, 6, 8, 
2020/4/10, 76, 9, 7, 
2020/4/11, 79, 4, 2, 
2020/4/12, 83, 3, 2, 
2020/4/13, 123, 6, 6, 
2020/4/14, 90, 2, 2, 
2020/4/15, 64, 3, 2, 
2020/4/16, 57, 8, 4, 
2020/4/17, 77, 6, 4, 
2020/4/18, 80, 2, 2, 
2020/4/19, 61, 1, 1, 
2020/4/20, 58, 3, 1, 
2020/4/21, 53, 4, 3, 
2020/4/22, 59, 18, 6, 
2020/4/23, 57, , 9, 
2020/4/24, 95, , 6, 
2020/4/25, 123, , 4, 
2020/4/26, 69, , 9, 
2020/4/27, 86, , 5, 
2020/4/28, 119, , 2, 
2020/4/29, 84, , 5, 
2020/4/30, 87, , 8, 
2020/5/1, 95, , 6, 
2020/5/2, 80, , 3, 
2020/5/3, 46, , 7, 
2020/5/4, 68, , 3, 
2020/5/5, 67, , 3, 
2020/5/6, 97, , 1, 
2020/5/7, 95, , 1, 
2020/5/8, 48, , 5, 
2020/5/9, 91, , 1, 
2020/5/10, 60, , 1, 
2020/5/11, 49, , 1, 
2020/5/12, 207, , 5, 
2020/5/13, 69, , 2, 
2020/5/14, 70, , 4, 
2020/5/15, 109, , 2, 
2020/5/16, 95, , , 
2020/5/17, 56, , , 
2020/5/18, 49, , 3, 
2020/5/19, 59, , 3, 
2020/5/20, 60, , 3, 
2020/5/21, 68, , 1, 
2020/5/22, 31, , 1, 
2020/5/23, 38, , 1, 
2020/5/24, 52, , 1, 
2020/5/25, 57, , 1, 
2020/5/26, 53, , 1, 
2020/5/27, 68, , 3, 
2020/5/28, 82, , , 
2020/5/29, 80, , , 
2020/5/30, 45, 2, , 
2020/5/31, 37, 5, 2, 
2020/6/1, 42, 5, 1, 
2020/6/2, 58, 3, , 
2020/6/3, 61, 8, 6, 
2020/6/4, 71, 7, 5, 
2020/6/5, 69, 4, 3, 
2020/6/6, 59, 3, 2, 
2020/6/7, 65, , , 
2020/6/8, 52, , , 
2020/6/9, 44, , 4, 
2020/6/10, 59, , 5, 
2020/6/11, 66, , , 
2020/6/12, 49, 4, , 
2020/6/13, 49, 4, , 
2020/6/14, 81, 7, 2, 
2020/6/15, 89, 8, 1, 
2020/6/16, 108, 7, 2, 
2020/6/17, 181, 5, 1, 
2020/6/18, 180, 7, 4, 
2020/6/19, 156, 7, 4, 
2020/6/20, 238, 4, 1, 
2020/6/21, 135, 5, 1, 
2020/6/22, 161, 5, , 
2020/6/23, 183, 6, 1, 
2020/6/24, 177, 6, , 
2020/6/25, 123, 7, , 
2020/6/26, 134, 8, 2, 
2020/6/27, 151, 7, , 
2020/6/28, 129, 7, 1, 
2020/6/29, 236, 7, , 
2020/6/30, 151, 7, , 
2020/7/1, 159, 6, , 
2020/1/2, 72, 17, 19, 
2020/1/3, 81, 17, 15, 
2020/1/4, 82, 11, 15, 
2020/1/5, 60, 8, 10, 
2020/1/6, 57, 15, 13, 
2020/1/7, 79, 13, 10, 
2020/1/8, 65, 11, 5, 
2020/1/9, 50, 11, 8, 
2020/1/10, 64, 10, 9, 
2020/1/11, 68, 11, 7, 
2020/1/12, 67, 13, 13, 
2020/1/13, 79, 13, 11, 
2020/1/14, 68, 15, 15, 
2020/1/15, 75, 15, 17, 
2020/1/16, 81, 13, 11, 
2020/1/17, 62, 14, 15, 
2020/1/18, 73, 13, 19, 
2020/1/19, 107, 12, 18, 
2020/1/20, 93, 13, 9, 
2020/1/21, 59, 17, 19, 
2020/1/22, 112, 14, 21, 
2020/1/23, 79, 14, 19, 
2020/1/24, 87, 15, 19, 
2020/1/25, 72, 11, 13, 
2020/1/26, 67, 11, 9, 
2020/1/27, 57, 12, 8, 
2020/1/28, 62, 13, 8, 
2020/1/29, 62, 8, 4, 
2020/1/30, 43, 10, 8, 
2020/1/31, 61, 7, 6, 
2020/2/1, 55, 8, 10, 
2020/2/2, 66, 9, 16, 
2020/2/3, 74, 11, 13, 
2020/2/4, 74, 11, 13, 
2020/2/5, 75, 9, 9, 
2020/2/6, 60, 12, 12, 
2020/2/7, 82, 14, 14, 
2020/2/8, 82, 14, 14, 
2020/2/9, 81, 14, 15, 
2020/2/10, 84, 15, 12, 
2020/2/11, 78, 15, 12, 
2020/2/12, 84, 6, 8, 
2020/2/13, 83, 3, 3, 
2020/2/14, 67, 10, 6, 
2020/2/15, 56, 11, 10, 
2020/2/16, 66, 13, 15, 
2020/2/17, 75, 15, 15, 
2020/2/18, 81, 15, 12, 
2020/2/19, 80, 12, 11, 
2020/2/20, 57, 6, 6, 
2020/2/21, 52, 10, 9, 
2020/2/22, 61, 13, , 
2020/2/23, 64, 12, , 
2020/2/24, 72, 6, , 
2020/2/25, 56, 4, , 
2020/2/26, 39, 4, , 
2020/2/27, 36, 6, , 
2020/2/28, 51, 8, , 
2020/2/29, 49, 7, , 
2020/3/1, 54, 7, , 
2020/3/2, 58, 3, , 
2020/3/3, 45, 13, , 
2020/3/4, 52, 7, , 
2020/3/5, 47, 6, , 
2020/3/6, 48, 10, 14, 
2020/3/7, 64, 10, , 
2020/3/8, 66, 4, , 
2020/3/9, 51, 10, , 
2020/3/10, 59, 11, , 
2020/3/11, 56, 8, , 
2020/3/12, 57, 8, 8, 
2020/3/13, 58, 9, 9, 
2020/3/14, 63, 8, 12, 
2020/3/15, 65, 6, 6, 
2020/3/16, 53, 6, 6, 
2020/3/17, 48, 9, 7, 
2020/3/18, 66, 5, 3, 
2020/3/19, 48, 6, 5, 
2020/3/20, 52, 8, 9, 
2020/3/21, 60, 8, 5, 
2020/3/22, 73, 9, 8, 
2020/3/23, 72, 10, 12, 
2020/3/24, 83, 7, 8, 
2020/3/25, 201, 1, 1, 
2020/3/26, 68, , , 
2020/3/30, 83, 4, 3, 
2020/3/31, 61, 7, 6, 
2020/4/1, 83, 10, 10, 
2019/10/2, 64, 4, , 
2019/10/3, 39, 4, , 
2019/10/4, 35, 10, 4, 
2019/10/5, 86, 8, 5, 
2019/10/6, 77, 16, 2, 
2019/10/7, 141, 10, 6, 
2019/10/8, 89, 10, 14, 
2019/10/9, 133, 8, 1, 
2019/10/10, 102, 6, 3, 
2019/10/11, 60, 5, 3, 
2019/10/12, 55, 6, 2, 
2019/10/13, 72, 8, 3, 
2019/10/14, 82, 11, 5, 
2019/10/15, 120, 13, 7, 
2019/10/16, 188, 11, 6, 
2019/10/17, 143, 11, 6, 
2019/10/18, 128, 10, 5, 
2019/10/19, 106, 5, 5, 
2019/10/20, 70, 7, 2, 
2019/10/21, 57, 9, 5, 
2019/10/22, 77, 7, 3, 
2019/10/23, 69, 6, 1, 
2019/10/24, 50, 11, 5, 
2019/10/25, 101, 13, 6, 
2019/10/26, 132, 12, 6, 
2019/10/27, 131, 6, 3, 
2019/10/28, 108, 10, 4, 
2019/10/29, 71, 13, 5, 
2019/10/30, 121, 11, 3, 
2019/10/31, 106, 13, 6, 
2019/11/1, 106, 11, 5, 
2019/11/2, 125, 12, 6, 
2019/11/3, 151, 8, 3, 
2019/11/4, 88, 7, 2, 
2019/11/5, 80, 10, 4, 
2019/11/6, 104, 8, 3, 
2019/11/7, 89, 14, 6, 
2019/11/8, 123, 14, 6, 
2019/11/9, 88, 9, 5, 
2019/11/10, 86, 7, 2, 
2019/11/11, 75, 11, 3, 
2019/11/12, 59, 4, 1, 
2019/11/13, 48, 11, 7, 
2019/11/14, 56, 14, 10, 
2019/11/15, 73, 10, 6, 
2019/11/16, 49, 6, 3, 
2019/11/17, 76, 5, 3, 
2019/11/18, 69, 11, 11, 
2019/11/19, 76, 13, 10, 
2019/11/20, 62, 12, 8, 
2019/11/21, 60, 11, 6, 
2019/11/22, 53, 7, 5, 
2019/11/23, 58, 8, 9, 
2019/11/24, 72, 11, 10, 
2019/11/25, 74, 12, 12, 
2019/11/26, 78, 14, 13, 
2019/11/27, 93, 11, 10, 
2019/11/28, 67, 10, 7, 
2019/11/29, 58, 8, 4, 
2019/11/30, 52, 10, 7, 
2019/12/1, 58, 12, 13, 
2019/12/2, 78, 13, 16, 
2019/12/3, 80, 17, 15, 
2019/12/4, 83, 17, 19, 
2019/12/5, 102, 18, 9, 
2019/12/6, 68, 17, 10, 
2019/12/7, 83, 13, 8, 
2019/12/8, 63, 20, 22, 
2019/12/9, 131, 15, 13, 
2019/12/10, 80, 11, 8, 
2019/12/11, 63, 16, 11, 
2019/12/12, 73, 18, 15, 
2019/12/13, 92, 17, 19, 
2019/12/14, 91, 13, 9, 
2019/12/15, 64, 13, 10, 
2019/12/16, 74, 8, 7, 
2019/12/17, 51, 13, 12, 
2019/12/18, 77, 16, 25, 
2019/12/19, 113, 19, 22, 
2019/12/20, 108, 17, 16, 
2019/12/21, 101, 13, 12, 
2019/12/22, 78, 14, 12, 
2019/12/23, 78, 12, 10, 
2019/12/24, 67, 8, 7, 
2019/12/25, 56, 15, 14, 
2019/12/26, 77, 16, 15, 
2019/12/27, 78, 14, 15, 
2019/12/28, 66, 8, 10, 
2019/12/29, 52, 6, 7, 
2019/12/30, 42, , , 
2019/7/2, 51, 8, 2, 
2019/7/3, 62, 9, 1, 
2019/7/4, 69, 6, 1, 
2019/7/5, 66, 7, 1, 
2019/7/6, 50, 8, 1, 
2019/7/7, 65, 6, 1, 
2019/7/8, 68, 7, 1, 
2019/7/9, 54, 9, 3, 
2019/7/10, 76, 11, 1, 
2019/7/11, 87, 6, 1, 
2019/7/12, 46, 5, 1, 
2019/7/13, 36, 4, , 
2019/7/14, 43, 4, 2, 
2019/7/15, 48, 5, 2, 
2019/7/16, 40, 8, , 
2019/7/17, 49, 6, 1, 
2019/7/18, 55, 10, , 
2019/7/19, 73, 7, , 
2019/7/20, 34, 9, 1, 
2019/7/21, 59, 7, 1, 
2019/7/22, 60, 5, 1, 
2019/7/23, 36, 4, , 
2019/7/24, 25, 6, , 
2019/7/25, 42, 6, 1, 
2019/7/26, 54, 6, , 
2019/7/27, 59, 5, , 
2019/7/28, 75, 3, , 
2019/7/29, 42, 3, , 
2019/7/30, 28, 3, , 
2019/7/31, 43, 8, , 
2019/8/1, 90, 8, 1, 
2019/8/2, 89, 9, , 
2019/8/3, 88, 6, , 
2019/8/4, 76, 8, 1, 
2019/8/5, 78, 8, , 
2019/8/6, 47, 6, 1, 
2019/8/7, 30, 6, , 
2019/8/8, 38, 7, , 
2019/8/9, 59, 6, , 
2019/8/10, 27, 7, 1, 
2019/8/11, 48, 4, 1, 
2019/8/12, 60, 4, , 
2019/8/13, 33, 8, 1, 
2019/8/14, 56, 6, 1, 
2019/8/15, 54, 3, , 
2019/8/16, 35, 5, 2, 
2019/8/17, 63, 6, 1, 
2019/8/18, 72, 4, , 
2019/8/19, 36, 5, , 
2019/8/20, 47, 3, , 
2019/8/21, 39, 7, 1, 
2019/8/22, 79, 8, 1, 
2019/8/23, 71, 7, , 
2019/8/24, 54, 5, 1, 
2019/8/25, 42, 6, , 
2019/8/26, 61, 5, , 
2019/8/27, 60, 4, , 
2019/8/28, 78, 6, 2, 
2019/8/29, 72, 9, 7, 
2019/8/30, 97, 7, 4, 
2019/8/31, 81, 8, 3, 
2019/9/1, 100, 8, 1, 
2019/9/2, 95, 11, 3, 
2019/9/3, 96, 5, 1, 
2019/9/4, 90, 7, 2, 
2019/9/5, 88, 9, 2, 
2019/9/6, 94, 5, 1, 
2019/9/7, 51, 3, 1, 
2019/9/8, 34, 3, , 
2019/9/9, 52, 7, 4, 
2019/9/10, 66, 7, 2, 
2019/9/11, 74, 4, 1, 
2019/9/12, 72, 4, , 
2019/9/13, 39, 7, 2, 
2019/9/14, 76, 6, 1, 
2019/9/15, 83, 4, 2, 
2019/9/16, 60, 8, 2, 
2019/9/17, 86, 5, 1, 
2019/9/18, 53, 9, 2, 
2019/9/19, 91, 9, 4, 
2019/9/20, 84, 10, 3, 
2019/9/21, 92, 9, 2, 
2019/9/22, 91, 10, 4, 
2019/9/23, 88, 10, 3, 
2019/9/24, 104, 11, 3, 
2019/9/25, 119, 11, 2, 
2019/9/26, 118, 11, 3, 
2019/9/27, 124, 8, 2, 
2019/9/28, 101, 6, 4, 
2019/9/29, 72, 6, 3, 
2019/9/30, 163, 9, 2, 
2019/10/1, 115, 4, 1, 
2019/4/2, 74, 12, 7, 
2019/4/4, 389, 5, 3, 
2019/4/5, 55, 6, 3, 
2019/4/6, 60, 8, 3, 
2019/4/7, 77, 9, 7, 
2019/4/8, 48, 8, 5, 
2019/4/9, 54, 12, 3, 
2019/4/10, 64, 11, 5, 
2019/4/11, 77, 12, 4, 
2019/4/12, 82, 8, 3, 
2019/4/13, 67, 10, 2, 
2019/4/14, 118, 11, 3, 
2019/4/15, 126, 11, 4, 
2019/4/16, 126, 12, 5, 
2019/4/17, 109, 4, 2, 
2019/4/18, 54, 6, 2, 
2019/4/19, 84, 3, 3, 
2019/4/20, 348, 6, 2, 
2019/4/21, 64, 12, 5, 
2019/4/22, 91, 9, 2, 
2019/4/23, 82, 4, 2, 
2019/4/24, 47, 7, 2, 
2019/4/25, 64, 5, 3, 
2019/4/26, 70, 8, 2, 
2019/4/27, 282, 11, 4, 
2019/4/28, 96, 10, 3, 
2019/4/29, 84, 8, 1, 
2019/4/30, 70, 12, 4, 
2019/5/1, 81, 12, 4, 
2019/5/2, 92, 11, 4, 
2019/5/3, 84, 7, 3, 
2019/5/4, 82, 4, 1, 
2019/5/5, 48, 9, 5, 
2019/5/6, 62, 10, 3, 
2019/5/7, 69, 10, 4, 
2019/5/8, 81, 12, 2, 
2019/5/9, 100, 9, 2, 
2019/5/10, 186, 3, 1, 
2019/5/11, 57, 3, , 
2019/5/12, 51, 6, 1, 
2019/5/13, 60, 9, 4, 
2019/5/14, 76, 6, 2, 
2019/5/15, 95, 4, 1, 
2019/5/16, 54, 6, 1, 
2019/5/17, 56, 5, 2, 
2019/5/18, 44, 4, 2, 
2019/5/19, 50, 6, 2, 
2019/5/20, 69, 10, 3, 
2019/5/21, 75, 11, 3, 
2019/5/22, 82, 11, 3, 
2019/5/23, 89, 9, 4, 
2019/5/24, 102, 4, 1, 
2019/5/25, 63, 4, 1, 
2019/5/26, 39, 6, 1, 
2019/5/27, 40, 10, 5, 
2019/5/28, 70, 8, 2, 
2019/5/29, 86, 3, , 
2019/5/30, 42, 8, 2, 
2019/5/31, 59, 10, 4, 
2019/6/1, 91, 7, 3, 
2019/6/2, 82, 4, , 
2019/6/3, 37, 5, 1, 
2019/6/4, 59, 4, , 
2019/6/5, 35, 11, 2, 
2019/6/6, 64, 7, 1, 
2019/6/7, 57, 7, 1, 
2019/6/8, 58, 9, 1, 
2019/6/9, 67, 9, 2, 
2019/6/10, 79, 9, 2, 
2019/6/11, 82, 5, 1, 
2019/6/12, 97, 5, 1, 
2019/6/13, 48, 9, 2, 
2019/6/14, 90, 5, , 
2019/6/15, 79, 2, 1, 
2019/6/16, 213, 3, 1, 
2019/6/17, 35, 8, 1, 
2019/6/18, 36, 8, 1, 
2019/6/19, 45, 9, 2, 
2019/6/20, 57, 9, 2, 
2019/6/21, 80, 9, 2, 
2019/6/23, 80, 8, 2, 
2019/6/24, 84, 8, 1, 
2019/6/25, 74, 8, 1, 
2019/6/26, 48, 8, 2, 
2019/6/27, 65, 4, 1, 
2019/6/28, 32, 3, , 
2019/6/29, 25, 5, , 
2019/6/30, 37, 7, 1, 
2019/7/1, 49, 8, 2, 
2019/1/2, 79, 20, 16, 4
2019/1/3, 77, , , 
2019/1/4, 128, , , 
2019/1/5, 202, , , 
2019/1/6, 79, , , 
2019/1/7, 141, , , 
2019/1/8, 209, , , 
2019/1/9, 83, , , 
2019/1/10, 136, , , 
2019/1/11, 110, , , 
2019/1/12, 50, , , 
2019/1/15, 68, , , 
2019/1/16, 204, , , 
2019/1/17, 191, , , 
2019/1/18, 111, , , 
2019/1/19, 156, , , 
2019/1/20, 203, , , 
2019/1/21, 262, , , 
2019/1/22, 105, , , 
2019/1/23, 220, , , 
2019/1/24, 89, , , 
2019/1/25, 87, , , 
2019/1/26, 81, , , 
2019/1/27, 62, , , 
2019/1/28, 53, , , 
2019/1/29, 94, , , 
2019/1/30, 76, , , 
2019/1/31, 137, , , 
2019/2/1, 241, , , 
2019/2/2, 260, , , 
2019/2/3, 79, , , 
2019/2/4, 132, 11, 5, 
2019/2/5, 214, 8, 4, 
2019/2/6, 81, 6, 3, 
2019/2/7, 67, 15, 14, 
2019/2/8, 116, 9, 6, 
2019/2/9, 81, 6, 3, 
2019/2/10, 71, 9, 3, 
2019/2/11, 84, 12, 6, 
2019/2/12, 103, 15, 10, 
2019/2/13, 115, 15, 10, 
2019/2/14, 97, 12, 8, 
2019/2/15, 100, 11, , 
2019/2/16, 89, 14, , 
2019/2/17, 109, 15, , 
2019/2/18, 112, 16, 11, 
2019/2/19, 131, 17, 13, 
2019/2/20, 117, 18, 12, 
2019/2/21, 166, 19, 12, 
2019/2/22, 182, 17, 10, 
2019/2/23, 131, 14, 8, 
2019/2/24, 93, 12, 5, 
2019/2/25, 88, 15, 7, 
2019/2/26, 96, 14, 9, 
2019/2/27, 103, 14, 9, 
2019/2/28, 95, 17, 10, 
2019/3/1, 166, 16, 9, 
2019/3/2, 142, 11, 6, 
2019/3/3, 117, 14, 10, 
2019/3/4, 111, 13, 5, 
2019/3/5, 103, 16, 5, 
2019/3/6, 176, 10, 4, 
2019/3/7, 99, 12, 6, 
2019/3/8, 132, 7, 5, 
2019/3/9, 91, 9, 6, 
2019/3/10, 71, 9, 3, 
2019/3/11, 82, 5, 1, 
2019/3/12, 64, 12, 8, 
2019/3/13, 101, 12, 7, 
2019/3/14, 106, 13, 5, 
2019/3/15, 171, 14, 5, 
2019/3/16, 171, 12, 12, 
2019/3/17, 82, 11, 5, 
2019/3/18, 88, 7, 5, 
2019/3/19, 90, 2, 1, 
2019/3/20, 67, 4, 1, 
2019/3/21, 51, 9, 5, 
2019/3/22, 77, 7, 2, 
2019/3/23, 64, 11, 5, 
2019/3/24, 88, 11, 5, 
2019/3/25, 99, 12, 6, 
2019/3/26, 110, 7, 4, 
2019/3/27, 78, 6, 3, 
2019/3/28, 51, 9, 4, 
2019/3/29, 87, 5, 1, 
2019/3/30, 60, 9, 3, 
2019/3/31, 73, 10, 5, 
2019/4/1, 71, 11, 4, 
2018/10/2, 124, 23, 1, 9
2018/10/3, 115, 23, 3, 6
2018/10/4, 151, 23, 4, 5
2018/10/5, 115, 11, 3, 3
2018/10/6, 46, 7, 1, 3
2018/10/7, 37, 7, 1, 2
2018/10/8, 25, 6, , 2
2018/10/9, 31, 18, 2, 8
2018/10/10, 70, 26, 4, 9
2018/10/11, 103, 24, 3, 7
2018/10/12, 128, 22, 6, 5
2018/10/13, 97, 22, 4, 7
2018/10/14, 102, 22, 5, 6
2018/10/15, 116, 25, 5, 6
2018/10/16, 145, 26, 7, 6
2018/10/17, 137, 28, 8, 7
2018/10/18, 174, 27, 10, 8
2018/10/19, 153, 21, 7, 5
2018/10/20, 116, 17, 6, 6
2018/10/21, 196, 15, 5, 4
2018/10/22, 118, 13, 1, 4
2018/10/23, 110, 23, 7, 8
2018/10/24, 131, 16, 6, 3
2018/10/25, 94, 9, 1, 3
2018/10/26, 161, 23, 1, 15
2018/10/27, 96, 20, 2, 6
2018/10/28, 66, 18, 1, 6
2018/10/29, 67, 31, 3, 13
2018/10/30, 132, 29, 6, 9
2018/10/31, 143, 27, 8, 8
2018/11/1, 114, 23, 9, 5
2018/11/2, 118, 12, 3, 3
2018/11/3, 64, 13, 5, 4
2018/11/4, 78, 20, 7, 6
2018/11/5, 106, 24, 9, 13
2018/11/6, 142, 28, 10, 10
2018/11/7, 165, 24, 11, 6
2018/11/8, 118, 23, 7, 9
2018/11/9, 198, 24, 11, 8
2018/11/10, 125, 22, 11, 7
2018/11/11, 130, 22, 10, 5
2018/11/12, 106, 25, 9, 7
2018/11/13, 135, 12, 4, 3
2018/11/14, 95, 13, 2, 5
2018/11/15, 104, 23, 5, 14
2018/11/16, 188, 28, 10, 15
2018/11/17, 223, 23, 7, 13
2018/11/18, 176, 20, 6, 9
2018/11/19, 117, 24, 15, 11
2018/11/20, 142, 27, 11, 17
2018/11/21, 222, 27, 11, 15
2018/11/22, 191, 28, 14, 9
2018/11/23, 144, 32, 16, 14
2018/11/24, 188, 34, 13, 19
2018/11/25, 244, 26, 12, 6
2018/11/26, 209, 11, 3, 4
2018/11/27, 135, 23, 8, 11
2018/11/28, 92, 33, 20, 10
2018/11/29, 114, 42, 23, 19
2018/11/30, 257, 49, 22, 27
2018/12/1, 301, 28, 11, 8
2018/12/2, 93, 8, 2, 4
2018/12/3, 75, 22, 5, 13
2018/12/4, 112, 30, 17, 12
2018/12/5, 126, 26, 14, 12
2018/12/6, 125, 14, 4, 7
2018/12/7, 73, 29, 11, 18
2018/12/8, 238, 48, 25, 28
2018/12/9, 402, 29, 27, 8
2018/12/10, 112, 29, 14, 16
2018/12/11, 195, 47, 28, 21
2018/12/12, 280, 40, 22, 21
2018/12/13, 290, 31, 15, 8
2018/12/14, 106, 32, 19, 15
2018/12/15, 194, 41, 24, 29
2018/12/16, 337, 44, 19, 38
2018/12/17, 392, 39, 20, 18
2018/12/18, 193, 40, 17, 14
2018/12/19, 139, 34, 25, 10
2018/12/20, 116, 33, 20, 14
2018/12/21, 158, 31, 14, 18
2018/12/22, 171, 14, 8, 6
2018/12/23, 69, 43, 24, 28
2018/12/24, 274, 28, 16, 13
2018/12/25, 121, 16, 6, 7
2018/12/26, 64, 26, 9, 17
2018/12/27, 152, 19, 11, 9
2018/12/28, 106, 31, 30, 20
2018/12/29, 241, 32, 25, 17
2018/12/30, 170, 34, 24, 13
2018/12/31, 126, , , 
2018/9/4, 73, 10, 1, 17
2018/9/5, 65, 13, 1, 2
2018/9/6, 26, 7, , 
2018/9/7, 30, 8, , 1
2018/9/8, 66, 14, , 5
2018/9/9, 60, 15, 4, 2
2018/9/10, 70, 15, 1, 3
2018/9/11, 71, 18, 1, 3
2018/9/12, 34, 11, , 2
2018/9/13, 60, 15, 2, 4
2018/9/14, 61, 12, 1, 3
2018/9/15, 47, 9, , 3
2018/9/16, 101, 20, 2, 9
2018/9/17, 111, 18, 10, 13
2018/9/18, 85, 18, 2, 3
2018/9/19, 120, 18, 4, 4
2018/9/20, 151, 13, 3, 4
2018/9/21, 38, 7, , 3
2018/9/22, 35, 8, , 2
2018/9/23, 66, 14, , 9
2018/9/24, 71, 18, 2, 6
2018/9/25, 79, 20, 4, 5
2018/9/26, 109, 19, 4, 4
2018/9/27, 119, 16, 3, 3
2018/9/28, 29, 7, , 2
2018/9/29, 27, 7, , 2
2018/9/30, 27, 6, , 2
2018/10/1, 92, 16, 1, 8
2018/4/2, 170, 4, 2, 3
2018/4/3, 41, 7, 7, 4
2018/4/4, 83, 5, 5, 2
2018/4/5, 135, 3, 2, 2
2018/4/6, 96, 7, 6, 7
2018/4/7, 58, 10, 8, 7
2018/4/8, 83, 10, 12, 6
2018/4/9, 77, 8, 8, 4
2018/4/10, 64, 6, 4, 4
2018/4/11, 62, 10, 11, 5
2018/4/12, 67, 7, 10, 3
2018/4/13, 184, 6, 3, 2
2018/4/14, 59, 11, 6, 6
2018/4/15, 67, 10, 11, 6
2018/4/16, 94, 11, 6, 6
2018/4/17, 77, 10, 6, 4
2018/4/18, 89, 9, 11, 3
2018/4/19, 68, 7, 4, 2
2018/4/20, 102, 9, 15, 3
2018/4/21, 64, 7, 8, 2
2018/4/22, 82, 8, 7, 3
2018/4/23, 66, 11, 6, 4
2018/4/24, 99, 12, 8, 4
2018/4/25, 120, 11, 7, 3
2018/4/26, 102, 13, 5, 4
2018/4/27, 167, 12, 5, 5
2018/5/10, 94, 7, 8, 8
2018/5/11, 100, 7, 4, 4
2018/5/12, 94, 6, 3, 3
2018/5/13, 131, 6, 4, 3
2018/5/14, 89, 9, 5, 4
2018/5/15, 97, 5, 3, 2
2018/5/16, 73, 8, 10, 3
2018/5/19, 384, 5, 4, 2
2018/5/20, 122, 5, 6, 2
2018/5/21, 164, 4, 2, 2
2018/5/22, 123, 4, 2, 3
2018/5/23, 198, 5, 2, 4
2018/5/24, 81, 8, 7, 3
2018/5/25, 79, 5, 2, 2
2018/5/26, 131, 4, 2, 2
2018/5/27, 84, 6, 3, 2
2018/5/31, 142, 18, 9, 2
2018/1/2, 137, 13, 10, 14
2018/1/3, 119, 14, 8, 11
2018/1/4, 99, 20, 19, 14
2018/1/5, 160, 21, 25, 18
2018/1/6, 223, 25, 34, 17
2018/1/7, 249, 14, 23, 10
2018/1/8, 113, 14, 8, 11
2018/1/9, 126, 12, 7, 8
2018/1/10, 62, 20, 12, 18
2018/1/11, 195, 28, 22, 26
2018/1/12, 323, 25, 29, 
2018/1/13, 184, 18, 32, 
2018/1/14, 88, , , 
2018/1/17, 129, 25, 26, 
2018/1/18, 242, 23, 25, 10
2018/1/19, 264, 10, 13, 8
2018/1/20, 92, 10, 18, 10
2018/1/21, 91, 8, 12, 12
2018/1/22, 98, , , 
2018/1/25, 72, 22, 25, 16
2018/1/26, 148, 23, 25, 11
2018/1/27, 100, 17, 14, 7
2018/1/28, 62, 15, 13, 10
2018/1/29, 94, 18, 22, 34
2018/1/30, 360, 15, 24, 35
2018/1/31, 342, 12, 25, 32
2018/2/1, 227, 10, 12, 10
2018/2/2, 122, 12, 18, 
2018/2/3, 198, 11, 18, 
2018/2/4, 161, 10, 16, 
2018/2/5, 230, 12, 17, 
2018/2/6, 145, 10, 11, 11
2018/2/7, 127, 13, 18, 17
2018/2/8, 146, 7, 11, 8
2018/2/9, 104, 4, 4, 3
2018/2/10, 55, 5, 6, 4
2018/2/11, 53, 7, 6, 12
2018/2/12, 99, 14, 19, 39
2018/2/13, 426, 12, 12, 14
2018/2/14, 94, 13, 15, 22
2018/2/15, 199, 13, 15, 16
2018/2/16, 116, 14, 26, 21
2018/2/17, 173, 11, 13, 16
2018/2/18, 117, 10, 9, 12
2018/2/19, 80, 11, 11, 15
2018/2/20, 127, 12, 14, 14
2018/2/21, 114, 12, 14, 24
2018/2/22, 197, 12, 15, 14
2018/2/23, 104, 11, 17, 11
2018/2/24, 80, 11, 23, 8
2018/2/25, 78, 9, 17, 7
2018/2/26, 61, 7, 12, 6
2018/2/27, 55, 9, 15, 7
2018/2/28, 63, 7, 8, 6
2018/3/1, 60, 10, 17, 10
2018/3/2, 80, 11, 23, 18
2018/3/3, 127, 5, 8, 5
2018/3/4, 49, 6, 8, 6
2018/3/5, 61, 8, 15, 5
2018/3/6, 67, 6, 10, 4
2018/3/7, 65, 8, 11, 6
2018/3/8, 65, 12, 28, 10
2018/3/9, 84, 8, 14, 7
2018/3/10, 61, 9, 11, 6
2018/3/11, 63, 11, 23, 8
2018/3/12, 81, 12, 24, 11
2018/3/13, 92, 9, 17, 7
2018/3/14, 68, 5, 3, 4
2018/3/15, 50, 10, 11, 7
2018/3/16, 76, 11, 16, 10
2018/3/17, 93, 10, 17, 7
2018/3/18, 72, 10, 15, 8
2018/3/19, 71, 9, 11, 6
2018/3/20, 67, 10, 8, 6
2018/3/21, 87, 8, 9, 4
2018/3/22, 52, 9, 9, 7
2018/3/23, 73, 11, 11, 8
2018/3/24, 128, 10, 12, 7
2018/3/25, 94, 7, 13, 3
2018/3/26, 138, 8, 9, 5
2018/3/27, 139, 7, 7, 5
2018/3/28, 142, 9, 7, 6
2018/3/29, 77, 8, 7, 3
2018/3/30, 95, 7, 9, 4
2018/3/31, 80, 8, 6, 7
2018/4/1, 381, 6, 4, 3
2017/10/2, 99, , 1, 4
2017/10/3, 55, , 5, 6
2017/10/4, 141, , 6, 6
2017/10/5, 160, , 5, 4
2017/10/6, 110, , 5, 7
2017/10/7, 100, , 4, 4
2017/10/8, 107, , , 3
2017/10/9, 35, , 1, 4
2017/10/10, 45, , 5, 7
2017/10/11, 79, , 5, 9
2017/10/12, 86, 13, 3, 10
2017/10/13, 85, 12, 10, 7
2017/10/14, 128, 15, 5, 9
2017/10/15, 94, 14, 9, 9
2017/10/16, 153, 19, 17, 8
2017/10/17, 185, 19, 12, 8
2017/10/18, 199, 18, 10, 8
2017/10/19, 130, 17, 9, 5
2017/10/20, 132, 16, 5, 8
2017/10/21, 190, 18, 2, 7
2017/10/22, 62, 16, 4, 7
2017/10/23, 82, 14, 13, 8
2017/10/24, 122, 18, 7, 8
2017/10/25, 114, 19, 10, 9
2017/10/26, 143, 21, 9, 13
2017/10/27, 214, 9, 2, 5
2017/10/28, 78, 8, 1, 5
2017/10/29, 75, 17, 11, 11
2017/10/30, 121, 19, 7, 11
2017/10/31, 203, 16, 5, 9
2017/11/1, 115, 15, 7, 8
2017/11/2, 99, 15, 4, 9
2017/11/3, 134, 18, 7, 8
2017/11/4, 111, 22, 12, 9
2017/11/5, 200, 19, 10, 9
2017/11/6, 134, 14, 8, 13
2017/11/7, 90, 10, 10, 13
2017/11/8, 83, , 8, 7
2017/11/9, 81, , 5, 8
2017/11/10, 80, , 10, 10
2017/11/11, 93, , 9, 7
2017/11/12, 85, , 4, 7
2017/11/13, 75, , 2, 5
2017/11/14, 62, , 6, 14
2017/11/15, 142, 18, 18, 9
2017/11/16, 102, 12, 14, 5
2017/11/17, 84, 12, 5, 14
2017/11/18, 117, 17, 9, 24
2017/11/19, 284, 22, 17, 17
2017/11/20, 175, 20, 19, 10
2017/11/21, 128, 9, 7, 5
2017/11/22, 51, 14, 9, 10
2017/11/23, 89, 16, 12, 18
2017/11/24, 153, 19, 10, 13
2017/11/25, 118, 12, 6, 10
2017/11/26, 95, 18, 15, 11
2017/11/27, 97, 13, 8, 14
2017/11/28, 174, 11, 5, 12
2017/11/29, 124, 20, 13, 15
2017/11/30, 155, 20, 11, 24
2017/12/1, 344, 27, 14, 28
2017/12/2, 369, 18, 8, 19
2017/12/3, 188, 17, 9, 24
2017/12/4, 289, 19, 11, 24
2017/12/5, 267, 22, 15, 24
2017/12/6, 251, 20, 11, 22
2017/12/7, 191, 19, 8, 18
2017/12/8, 167, 22, 12, 23
2017/12/9, 252, 15, 9, 16
2017/12/10, 180, 10, 6, 9
2017/12/11, 72, 18, 11, 13
2017/12/12, 108, 15, 12, 8
2017/12/13, 69, 16, 10, 10
2017/12/14, 91, 15, 7, 11
2017/12/15, 106, 16, 7, 17
2017/12/16, 153, 20, 11, 23
2017/12/17, 243, 18, 12, 18
2017/12/18, 194, 19, 9, 15
2017/12/19, 109, 24, 14, 24
2017/12/20, 229, 32, 17, 34
2017/12/21, 332, 28, 20, 18
2017/12/22, 152, 24, 18, 18
2017/12/23, 156, 26, 18, 23
2017/12/24, 267, 24, 24, 26
2017/12/25, 310, 32, 24, 40
2017/12/26, 555, 22, 18, 12
2017/12/27, 117, 18, 15, 8
2017/12/28, 65, 19, 18, 7
2017/12/29, 64, 9, 9, 5
2017/12/30, 57, 10, 6, 11
2017/12/31, 131, , , 
2017/7/4, 75, 6, 2, 12
2017/7/5, 56, 9, 3, 2
2017/7/6, 61, 13, 1, 16
2017/7/7, 91, 10, 2, 5
2017/7/8, 81, 5, , 23
2017/7/9, 46, 12, 2, 4
2017/7/10, 98, 13, 4, 8
2017/7/11, 81, 11, 8, 12
2017/7/12, 93, 10, 2, 2
2017/7/13, 48, 8, 2, 9
2017/7/14, 56, 10, 5, 4
2017/7/15, 68, 9, 4, 18
2017/7/16, 123, 10, 3, 17
2017/7/17, 147, 10, 1, 20
2017/7/18, 51, 9, 3, 4
2017/7/19, 52, 17, 2, 20
2017/7/20, 62, 16, 4, 21
2017/7/21, 55, 16, 2, 9
2017/7/22, 57, 14, 1, 6
2017/7/23, 59, 12, 2, 6
2017/7/24, 50, 13, 3, 8
2017/7/25, 74, 13, 2, 11
2017/7/26, 54, 14, 1, 16
2017/7/27, 43, 13, 3, 6
2017/7/28, 62, 11, 3, 6
2017/7/29, 69, 13, 4, 5
2017/7/30, 69, 12, 3, 33
2017/7/31, 87, 14, 10, 4
2017/8/1, 63, 16, 5, 24
2017/8/2, 62, 14, 2, 1
2017/8/3, 65, 15, 1, 11
2017/8/4, 95, 12, 1, 19
2017/8/5, 35, 15, 1, 10
2017/8/6, 67, 16, 12, 16
2017/8/7, 75, 14, 3, 2
2017/8/8, 69, 13, 2, 2
2017/8/9, 59, 13, 1, 7
2017/8/10, 64, 14, 4, 10
2017/8/11, 54, 11, 1, 3
2017/8/12, 41, 9, , 2
2017/8/13, 42, 13, 2, 3
2017/8/14, 74, 13, 2, 3
2017/8/15, 72, 15, 5, 4
2017/8/16, 74, 15, 5, 9
2017/8/17, 67, 17, 1, 4
2017/8/18, 48, 16, 5, 3
2017/8/19, 43, 14, 1, 3
2017/8/20, 37, 7, , 2
2017/8/21, 34, 9, 3, 2
2017/8/22, 41, 11, 1, 4
2017/8/23, 63, 7, 8, 14
2017/8/24, 33, 10, , 6
2017/8/25, 52, , , 3
2017/8/26, 61, , , 4
2017/8/27, 80, , , 2
2017/8/28, 39, , , 3
2017/8/29, 62, 17, 8, 3
2017/8/30, 94, 23, 4, 3
2017/8/31, 106, 24, 4, 3
2017/9/1, 99, 22, 3, 2
2017/9/2, 76, 18, 1, 2
2017/9/3, 48, 23, 3, 4
2017/9/4, 74, 14, , 3
2017/9/5, 43, 22, 4, 5
2017/9/6, 88, 28, , 5
2017/9/7, 102, , , 
2017/9/12, 73, 25, 3, 4
2017/9/13, 127, 24, 2, 3
2017/9/14, 115, 20, 3, 2
2017/9/15, 100, 17, , 3
2017/9/16, 65, 19, 4, 4
2017/9/17, 144, 23, 4, 3
2017/9/18, 110, 16, 1, 4
2017/9/19, 70, 27, 7, 5
2017/9/20, 115, 28, 4, 4
2017/9/21, 145, 13, 1, 2
2017/9/22, 45, 17, 2, 5
2017/9/23, 58, 25, 1, 5
2017/9/24, 52, 21, 4, 3
2017/9/25, 152, 12, , 3
2017/9/26, 41, 23, 1, 8
2017/9/27, 75, , 1, 5
2017/9/28, 72, , 4, 5
2017/9/29, 69, , 5, 7
2017/9/30, 139, , 3, 5
2017/10/1, 89, , 4, 5
2017/4/2, 122, 18, 9, 5
2017/4/3, 182, 20, 9, 4
2017/4/4, 116, 25, 14, 5
2017/4/5, 121, 11, 5, 3
2017/4/6, 63, 16, 4, 5
2017/4/7, 236, 12, 4, 3
2017/4/8, 98, 18, 10, 5
2017/4/9, 98, 18, 9, 4
2017/4/10, 118, 8, 2, 2
2017/4/11, 74, 12, 4, 6
2017/4/12, 88, 21, 13, 6
2017/4/13, 135, 22, 7, 7
2017/4/14, 158, 20, 7, 5
2017/4/15, 120, 19, 8, 5
2017/4/16, 94, 14, 7, 3
2017/4/17, 59, 10, 3, 4
2017/4/18, 58, 16, 4, 4
2017/4/19, 215, 8, 2, 3
2017/4/20, 51, 10, 8, 3
2017/4/21, 66, 15, 5, 4
2017/4/22, 97, 8, 4, 4
2017/4/23, 64, 9, 2, 3
2017/4/24, 73, 10, 1, 5
2017/4/25, 71, 14, 10, 5
2017/4/26, 78, 17, , 5
2017/4/27, 90, 17, , 6
2017/4/28, 138, 23, 6, 7
2017/4/29, 173, 19, 6, 5
2017/4/30, 116, 18, 9, 4
2017/5/1, 110, 16, 6, 3
2017/5/2, 316, 11, 10, 2
2017/5/3, 205, 7, 4, 2
2017/5/4, 123, 6, 2, 2
2017/5/5, 68, 8, 2, 4
2017/5/6, 59, 13, 4, 5
2017/5/7, 92, 17, 8, 4
2017/5/8, 153, 16, 8, 3
2017/5/9, 248, 7, 4, 2
2017/5/10, 66, 14, 4, 3
2017/5/11, 162, 6, 2, 2
2017/5/12, 48, 6, 1, 2
2017/5/13, 52, 12, 5, 3
2017/5/14, 67, 12, 4, 3
2017/5/15, 69, 16, 11, 3
2017/5/16, 110, 15, 9, 3
2017/5/17, 128, 22, 13, 3
2017/5/18, 171, 15, 2, 2
2017/5/19, 159, 10, 3, 2
2017/5/20, 118, 8, 3, 2
2017/5/21, 38, 14, 7, 3
2017/5/22, 51, 16, 8, 3
2017/5/23, 66, 15, 9, 3
2017/5/24, 77, 15, 5, 3
2017/5/25, 76, 18, 9, 3
2017/5/26, 131, 18, 7, 3
2017/5/27, 109, 10, 5, 2
2017/5/28, 77, 8, 4, 2
2017/5/29, 72, 14, 5, 3
2017/5/30, 127, 15, 6, 3
2017/5/31, 99, 13, 4, 12
2017/6/1, 73, 11, 3, 3
2017/6/2, 90, 7, 1, 2
2017/6/3, 48, 11, 6, 2
2017/6/4, 83, 9, 11, 1
2017/6/5, 59, , , 
2017/6/6, 145, , , 
2017/6/7, 45, , , 
2017/6/8, 67, 6, 4, 10
2017/6/9, 81, 9, 2, 2
2017/6/10, 198, 7, 3, 2
2017/6/11, 92, 10, 5, 2
2017/6/12, 155, 11, 4, 2
2017/6/13, 88, 10, 4, 2
2017/6/14, 139, 10, 4, 2
2017/6/15, 205, 11, 2, 2
2017/6/16, 90, 9, 3, 2
2017/6/17, 76, 6, 1, 1
2017/6/18, 76, 8, 1, 2
2017/6/19, 76, 12, 4, 3
2017/6/20, 107, 15, 1, 3
2017/6/21, 38, 14, 3, 4
2017/6/22, 47, 14, 5, 2
2017/6/23, 61, 19, 7, 3
2017/6/24, 93, 20, 11, 3
2017/6/25, 105, 18, 4, 3
2017/6/26, 100, 18, 6, 3
2017/6/27, 92, 16, 3, 4
2017/6/28, 91, 13, 5, 3
2017/6/29, 91, 12, 1, 40
2017/6/30, 110, , , 
2017/1/3, 210, 57, 40, 39
2017/1/4, 494, 31, 22, 6
2017/1/5, 74, 33, 17, 9
2017/1/6, 99, 40, 24, 18
2017/1/7, 225, 31, 17, 8
2017/1/8, 109, 27, 12, 12
2017/1/9, 133, 29, 17, 14
2017/1/10, 153, 33, 13, 17
2017/1/11, 198, 40, 20, 24
2017/1/12, 297, 42, 31, 15
2017/1/13, 237, 25, 18, 5
2017/1/14, 75, 18, 11, 5
2017/1/15, 51, 16, 12, 6
2017/1/16, 74, 26, 16, 10
2017/1/17, 124, 28, 18, 15
2017/1/18, 181, 31, 24, 14
2017/1/19, 205, 30, 23, 16
2017/1/20, 197, 30, 30, 13
2017/1/21, 156, 28, 21, 17
2017/1/22, 194, 30, 28, 8
2017/1/23, 96, 26, 23, 6
2017/1/24, 72, 24, 18, 5
2017/1/25, 59, 28, 22, 10
2017/1/26, 84, 24, 11, 14
2017/1/27, 130, 37, 30, 14
2017/1/28, 163, 8, 6, 3
2017/1/29, 60, 20, 15, 8
2017/1/30, 84, 26, 17, 9
2017/1/31, 101, 33, 24, 15
2017/2/1, 170, 38, 36, 10
2017/2/2, 118, 31, 21, 7
2017/2/3, 87, 32, 26, 10
2017/2/4, 116, 35, 25, 13
2017/2/5, 152, 28, 20, 7
2017/2/6, 96, 21, 14, 6
2017/2/7, 63, 19, 7, 8
2017/2/8, 78, 30, 15, 15
2017/2/9, 176, 31, 24, 10
2017/2/10, 141, 30, 21, 7
2017/2/11, 91, 27, 18, 8
2017/2/12, 85, 33, 24, 10
2017/2/13, 116, 26, 15, 5
2017/2/14, 61, 38, 23, 16
2017/2/15, 131, 12, 12, 4
2017/2/16, 58, 18, 9, 9
2017/2/17, 94, 29, 18, 12
2017/2/18, 139, 20, 19, 6
2017/2/19, 90, 12, 5, 5
2017/2/20, 52, 25, 12, 6
2017/2/21, 74, 21, 14, 8
2017/2/22, 94, 21, 7, 11
2017/2/23, 101, 27, 15, 10
2017/2/24, 103, 25, 13, 21
2017/2/25, 197, 26, 14, 20
2017/2/26, 189, 23, 14, 8
2017/2/27, 89, 21, 10, 9
2017/2/28, 92, 13, 6, 6
2017/3/1, 72, 22, 9, 10
2017/3/2, 104, 24, 15, 10
2017/3/3, 101, 19, 12, 5
2017/3/4, 66, 9, 5, 4
2017/3/5, 47, 10, 7, 5
2017/3/6, 56, 8, 5, 3
2017/3/7, 46, 16, 6, 5
2017/3/8, 62, 18, 8, 11
2017/3/9, 104, 23, 13, 8
2017/3/10, 103, 30, 18, 11
2017/3/11, 95, , 5, 7
2017/3/12, 57, , 13, 7
2017/3/13, 96, 20, 17, 7
2017/3/14, 109, 28, 17, 7
2017/3/15, 104, 25, 9, 6
2017/3/16, 92, 22, 11, 4
2017/3/17, 81, 13, 7, 4
2017/3/18, 80, 17, 9, 6
2017/3/19, 83, 18, 12, 6
2017/3/20, 84, 19, 10, 9
2017/3/21, 136, 17, 6, 3
2017/3/22, 76, 14, 5, 3
2017/3/23, 83, 11, 5, 3
2017/3/24, 59, 9, 3, 3
2017/3/25, 65, 15, 5, 9
2017/3/26, 108, 20, 16, 6
2017/3/27, 111, 21, 10, 5
2017/3/28, 92, 23, 12, 8
2017/3/29, 134, 14, 5, 4
2017/3/30, 80, 21, 15, 8
2017/3/31, 129, 24, 13, 7
2017/4/1, 145, 26, 11, 7
2016/10/2, 77, 13, 1, 3
2016/10/3, 78, 17, 2, 5
2016/10/4, 86, 20, 9, 5
2016/10/5, 95, 15, , 5
2016/10/6, 45, 18, 3, 6
2016/10/7, 67, 12, 3, 5
2016/10/8, 66, 14, 4, 5
2016/10/9, 109, 18, 6, 6
2016/10/10, 86, 11, 2, 3
2016/10/11, 64, 22, 7, 6
2016/10/12, 109, 25, 9, 6
2016/10/13, 154, 29, 7, 6
2016/10/14, 197, 24, 6, 6
2016/10/15, 194, 17, 4, 4
2016/10/16, 121, 11, 2, 4
2016/10/17, 54, 18, 7, 4
2016/10/18, 68, 13, 4, 3
2016/10/19, 71, 17, 11, 3
2016/10/20, 67, 14, 5, 3
2016/10/21, 64, 21, 7, 7
2016/10/22, 116, 21, 5, 5
2016/10/23, 136, 23, 6, 6
2016/10/24, 137, 8, 1, 2
2016/10/25, 48, 10, 2, 3
2016/10/26, 68, 20, 6, 5
2016/10/27, 100, 15, 4, 8
2016/10/28, 146, 13, 4, 6
2016/10/29, 116, 16, 8, 5
2016/10/30, 80, 14, 5, 6
2016/10/31, 92, 23, 12, 9
2016/11/1, 155, 27, 15, 12
2016/11/2, 219, 36, 24, 19
2016/11/3, 375, 36, 19, 19
2016/11/4, 443, 27, 10, 15
2016/11/5, 228, 16, 3, 4
2016/11/6, 77, 10, 1, 4
2016/11/7, 102, 23, 4, 9
2016/11/8, 98, 26, 10, 6
2016/11/9, 69, 20, 9, 6
2016/11/10, 71, 17, , 5
2016/11/11, 71, 25, 9, 10
2016/11/12, 126, 26, 6, 7
2016/11/13, 74, 10, 4, 4
2016/11/14, 131, 28, 19, 10
2016/11/15, 102, 32, 17, 11
2016/11/16, 102, 27, 12, 5
2016/11/17, 60, 21, 11, 8
2016/11/18, 82, 13, 7, 5
2016/11/19, 127, 13, 6, 6
2016/11/20, 86, 20, 12, 10
2016/11/21, 140, 25, 13, 14
2016/11/22, 160, 35, 23, 23
2016/11/23, 336, 47, 30, 30
2016/11/24, 440, 38, 33, 11
2016/11/25, 123, 30, 30, 8
2016/11/26, 96, 37, 23, 21
2016/11/27, 262, 39, 27, 13
2016/11/28, 143, 34, 24, 8
2016/11/29, 98, 28, 17, 10
2016/11/30, 110, 37, 15, 25
2016/12/1, 249, 50, 25, 26
2016/12/2, 295, 40, 23, 13
2016/12/3, 131, 33, 19, 17
2016/12/4, 163, 23, 11, 11
2016/12/5, 106, 41, 23, 21
2016/12/6, 263, 47, 26, 34
2016/12/7, 375, 40, 25, 23
2016/12/8, 302, 35, 18, 14
2016/12/9, 115, 32, 24, 9
2016/12/10, 97, 25, 17, 6
2016/12/11, 69, 38, 22, 27
2016/12/12, 266, 33, 14, 11
2016/12/13, 154, 25, 15, 6
2016/12/14, 75, 30, 17, 14
2016/12/15, 154, 39, 26, 17
2016/12/16, 214, 36, 30, 13
2016/12/17, 126, 35, 17, 6
2016/12/18, 72, 30, 15, 8
2016/12/19, 77, 35, 18, 12
2016/12/20, 120, 45, 31, 27
2016/12/21, 252, 24, 11, 9
2016/12/22, 86, 29, 13, 10
2016/12/23, 127, 29, 15, 9
2016/12/24, 93, 29, 17, 9
2016/12/25, 99, 25, 12, 9
2016/12/26, 109, 31, 21, 7
2016/12/27, 93, 25, 23, 11
2016/12/28, 105, 37, 28, 20
2016/12/29, 208, 32, 29, 8
2016/12/30, 103, 24, 17, 6
2016/12/31, 61, 37, 30, 17
2017/1/1, 167, 21, 15, 7
2017/1/2, 86, 34, 23, 16
2016/7/2, 79, 20, 8, 2
2016/7/3, 85, 23, 5, 3
2016/7/4, 101, 15, 10, 2
2016/7/5, 102, 22, 1, 4
2016/7/6, 305, 14, 1, 6
2016/7/7, 309, 27, 1, 3
2016/7/8, 170, 26, 3, 3
2016/7/9, 189, 28, 2, 4
2016/7/11, 333, 8, , 2
2016/7/12, 323, 8, , 2
2016/7/13, 241, 12, 1, 3
2016/7/14, 114, 11, , 2
2016/7/15, 136, 11, 1, 2
2016/7/16, 252, 14, 8, 1
2016/7/17, 169, 15, 2, 1
2016/7/18, 192, 12, 1, 2
2016/7/19, 608, 17, 2, 2
2016/7/20, 401, 19, 3, 2
2016/7/21, 286, 16, 1, 2
2016/7/24, 528, 19, 2, 8
2016/7/25, 334, 22, 7, 5
2016/7/26, 438, 22, 3, 3
2016/7/27, 261, 20, 1, 4
2016/7/31, 90, 16, 2, 2
2016/8/1, 139, 23, 2, 2
2016/8/2, 151, 11, 1, 1
2016/8/3, 126, 8, 1, 2
2016/8/4, 87, 9, 1, 2
2016/8/5, 104, 6, , 3
2016/8/6, 72, , , 
2016/8/11, 109, 8, , 3
2016/8/12, 67, 8, , 4
2016/8/13, 64, 9, , 2
2016/8/14, 62, 9, , 1
2016/8/15, 40, 11, , 2
2016/8/16, 49, 16, , 2
2016/8/17, 63, 13, , 1
2016/8/18, 50, 12, , 2
2016/8/19, 51, 13, , 2
2016/8/20, 55, 14, , 3
2016/8/21, 61, 13, , 2
2016/8/22, 67, 15, , 1
2016/8/23, 52, 12, , 2
2016/8/24, 61, 6, , 1
2016/8/25, 31, 14, , 2
2016/8/26, 73, 15, , 2
2016/8/27, 69, 18, , 2
2016/8/28, 111, 12, , 1
2016/8/29, 68, 17, , 1
2016/8/30, 59, 19, , 2
2016/8/31, 36, 16, 3, 2
2016/9/1, 53, 18, , 2
2016/9/2, 77, 14, , 1
2016/9/3, 69, 4, , 1
2016/9/4, 34, 4, , 2
2016/9/5, 27, 8, 1, 2
2016/9/6, 49, 9, , 2
2016/9/7, 63, 8, , 2
2016/9/8, 55, 9, , 1
2016/9/9, 59, 14, , 2
2016/9/10, 69, 16, 2, 3
2016/9/11, 103, 18, 9, 2
2016/9/12, 80, 15, 3, 2
2016/9/13, 85, 15, 1, 2
2016/9/14, 63, 16, 3, 2
2016/9/15, 81, 17, 1, 2
2016/9/16, 69, 17, 4, 3
2016/9/17, 110, 18, , 5
2016/9/18, 82, 17, 1, 4
2016/9/19, 86, 14, , 2
2016/9/20, 63, 18, 5, 2
2016/9/21, 64, 17, 3, 2
2016/9/22, 61, 22, 6, 2
2016/9/23, 108, 20, , 2
2016/9/24, 51, 13, 1, 5
2016/9/25, 75, 12, , 4
2016/9/26, 60, 8, , 5
2016/9/27, 84, 21, 3, 6
2016/9/28, 145, 19, , 4
2016/9/29, 95, 20, 2, 5
2016/9/30, 161, 21, 2, 4
2016/10/1, 142, 15, 2, 3
2016/4/8, 98, , 3, 2
2016/4/9, 68, , 4, 6
2016/4/10, 51, , 8, 4
2016/4/11, 103, , 4, 3
2016/4/12, 49, , 4, 3
2016/4/13, 113, , 5, 4
2016/4/14, 40, , 6, 2
2016/4/15, 64, , 12, 4
2016/4/16, 49, , 3, 2
2016/4/17, 18, , 2, 2
2016/4/18, 37, , 3, 5
2016/4/19, 54, , 6, 4
2016/4/20, 46, , 5, 3
2016/4/21, 146, , 4, 5
2016/4/22, 117, , 1, 2
2016/4/23, 27, , 1, 2
2016/4/24, 78, , 6, 4
2016/4/25, 38, , 8, 2
2016/4/26, 77, , 5, 4
2016/4/27, 47, , 5, 4
2016/4/28, 54, , 3, 3
2016/4/29, 73, , 1, 2
2016/4/30, 81, , 10, 4
2016/5/1, 76, , 4, 
2016/5/2, 16, , 1, 3
2016/5/3, 46, , 8, 7
2016/5/4, 46, , 5, 13
2016/5/5, 54, , 2, 5
2016/5/6, 27, , 1, 2
2016/5/7, 63, , 6, 16
2016/5/8, 55, , 3, 34
2016/5/9, 45, , 5, 33
2016/5/10, 108, , 3, 23
2016/5/11, 102, , 2, 4
2016/5/12, 34, 14, 2, 3
2016/5/13, 40, 25, 22, 3
2016/5/14, 83, 11, 4, 6
2016/5/15, 49, 21, 2, 3
2016/5/16, 66, 19, 9, 49
2016/5/17, 94, 24, 10, 7
2016/5/18, 114, , 5, 13
2016/5/27, 161, 16, 4, 16
2016/5/28, 120, 32, 4, 24
2016/5/29, 79, 14, 3, 24
2016/5/30, 101, 20, 4, 21
2016/5/31, 73, 22, 4, 
2016/6/1, 74, 17, 10, 1
2016/6/2, 69, 19, 4, 2
2016/6/3, 60, 22, 3, 2
2016/6/4, 89, 10, 3, 3
2016/6/5, 40, 13, 4, 3
2016/6/6, 32, 13, 4, 2
2016/6/7, 37, 23, 2, 2
2016/6/8, 63, 19, 6, 2
2016/6/9, 62, 8, 3, 2
2016/6/19, 95, 15, 6, 3
2016/6/20, 70, 11, 2, 3
2016/6/21, 56, 10, 2, 3
2016/6/22, 33, 10, 1, 2
2016/6/23, 25, 15, 1, 2
2016/6/24, 49, 23, 2, 3
2016/6/25, 100, 21, 13, 2
2016/6/26, 98, 19, 4, 2
2016/6/27, 87, 10, 2, 2
2016/6/28, 59, 11, 2, 2
2016/6/29, 53, 9, 1, 2
2016/6/30, 34, 16, 1, 2
2016/7/1, 151, 17, 2, 2
2016/1/5, 68, , 24, 23
2016/1/6, 308, , 16, 11
2016/1/7, 72, , 11, 12
2016/1/8, 82, , 25, 12
2016/1/9, 111, , 28, 10
2016/1/10, 93, , 13, 10
2016/1/11, 85, , 21, 8
2016/1/12, 84, , 33, 16
2016/1/13, 249, , 25, 12
2016/1/14, 218, , 18, 12
2016/1/15, 98, , 28, 28
2016/1/16, 340, , 16, 9
2016/1/17, 74, , 9, 5
2016/1/18, 57, , 20, 14
2016/1/19, 166, , 20, 13
2016/1/20, 219, , 24, 14
2016/1/21, 297, , 12, 7
2016/1/22, 77, , 9, 3
2016/1/23, 28, , 16, 6
2016/1/24, 52, , 27, 18
2016/1/25, 232, , 34, 16
2016/1/26, 271, , 13, 8
2016/1/27, 80, , 31, 21
2016/1/28, 226, , 24, 17
2016/1/29, 190, , 22, 15
2016/1/30, 201, , 13, 8
2016/1/31, 73, , 16, 9
2016/2/1, 94, , 37, 13
2016/2/2, 119, , 26, 9
2016/2/3, 91, , 28, 15
2016/2/4, 150, , 12, 6
2016/2/5, 66, , 16, 15
2016/2/6, 189, , 30, 16
2016/2/7, 220, , 31, 23
2016/2/8, 283, , 28, 22
2016/2/9, 194, , 27, 7
2016/2/10, 67, , 24, 6
2016/2/11, 56, , 13, 5
2016/2/12, 50, , 7, 6
2016/2/13, 41, , 8, 8
2016/2/14, 73, , 8, 5
2016/2/15, 46, , 10, 6
2016/2/16, 53, , 12, 13
2016/2/17, 80, , 11, 13
2016/2/18, 156, , 13, 12
2016/2/19, 90, , 9, 10
2016/2/20, 85, , 23, 12
2016/2/21, 94, , 15, 5
2016/2/22, 62, , 8, 7
2016/2/23, 51, , 13, 12
2016/2/24, 99, , 10, 11
2016/2/25, 90, , 10, 10
2016/2/26, 88, , 14, 11
2016/2/27, 71, , 15, 13
2016/2/28, 84, , 14, 13
2016/2/29, 86, , 20, 8
2016/3/1, 65, , 13, 6
2016/3/2, 51, , 13, 6
2016/3/3, 52, , 15, 5
2016/3/4, 52, , 7, 2
2016/3/5, 64, , 5, 4
2016/3/6, 31, , 8, 4
2016/3/7, 44, , 5, 5
2016/3/8, 37, , 7, 8
2016/3/9, 57, , 6, 6
2016/3/10, 54, , 9, 10
2016/3/11, 65, , 11, 4
2016/3/12, 42, , 7, 7
2016/3/13, 36, , 14, 7
2016/3/14, 56, , 14, 7
2016/3/15, 61, , 16, 8
2016/3/16, 71, , 12, 5
2016/3/17, 66, , 9, 6
2016/3/18, 30, , 7, 9
2016/3/23, 70, , 9, 5
2016/3/24, 61, , 9, 4
2016/3/25, 30, , 10, 7
2015/10/2, 70, , 1, 4
2015/10/3, 62, , 4, 5
2015/10/4, 87, , 4, 7
2015/10/5, 118, , 5, 7
2015/10/6, 134, , 5, 4
2015/10/7, 112, , , 3
2015/10/8, 38, , 1, 5
2015/10/9, 40, , , 3
2015/10/10, 33, , 2, 7
2015/10/11, 74, , 5, 7
2015/10/12, 130, , 6, 7
2015/10/13, 129, , 4, 7
2015/10/14, 87, , 8, 9
2015/10/15, 201, , 8, 6
2015/10/16, 108, , 2, 4
2015/10/17, 79, , 3, 4
2015/10/18, 67, , 4, 6
2015/10/19, 76, , 4, 13
2015/10/20, 115, , 5, 7
2015/10/21, 76, , 3, 7
2015/10/22, 99, , 6, 10
2015/10/23, 144, , 6, 10
2015/10/24, 144, , 3, 3
2015/10/25, 82, , 2, 4
2015/10/26, 55, , 1, 4
2015/10/27, 89, , 1, 6
2015/10/28, 4, , 1, 4
2015/10/29, 3, , 1, 6
2015/10/30, 3, , 4, 15
2015/10/31, 5, , 6, 11
2015/11/1, 4, , , 
2015/11/3, 4, , , 
2015/11/11, 4, , 14, 14
2015/11/12, 51, , 10, 8
2015/11/13, 80, , 6, 6
2015/11/14, 78, , 3, 6
2015/11/15, 54, , 4, 6
2015/11/16, 96, , 3, 5
2015/11/17, 59, , 9, 7
2015/11/18, 67, , 9, 9
2015/11/19, 90, , 13, 6
2015/11/20, 64, , 12, 9
2015/11/21, 102, , 18, 7
2015/11/22, 94, , 12, 5
2015/11/23, 68, , 13, 7
2015/11/24, 73, , 14, 8
2015/11/25, 76, , 16, 9
2015/11/26, 76, , 24, 11
2015/11/27, 90, , 31, 11
2015/11/28, 90, , 17, 8
2015/11/29, 77, , 13, 6
2015/11/30, 99, , 13, 8
2015/12/1, 59, , 7, 8
2015/12/2, 59, , 5, 8
2015/12/3, 58, , 6, 8
2015/12/4, 52, , 15, 22
2015/12/5, 152, , 10, 9
2015/12/6, 79, , 13, 8
2015/12/7, 58, , 15, 12
2015/12/8, 85, , 16, 9
2015/12/9, 81, , 19, 11
2015/12/10, 89, , 17, 6
2015/12/11, 53, , 13, 8
2015/12/12, 53, , 17, 11
2015/12/13, 91, , 16, 15
2015/12/14, 102, , 8, 8
2015/12/15, 57, , 8, 10
2015/12/16, 55, , 18, 28
2015/12/17, 187, , , 
2015/12/21, 84, , 17, 18
2015/12/22, 113, , 13, 9
2015/12/23, 59, , 12, 9
2015/12/24, 73, , 22, 9
2015/12/25, 76, , 39, 23
2015/12/26, 198, , 31, 14
2015/12/27, 131, , 17, 5
2015/12/28, 54, , 20, 10
2015/12/29, 69, , 23, 16
2015/12/30, 123, , 12, 4
2015/12/31, 48, , , 
2016/1/4, 57, , 12, 9
2015/7/2, 98, , , 
2015/7/6, 50, , 2, 2
2015/7/7, 90, , 1, 3
2015/7/8, 104, , 2, 3
2015/7/9, 21, , 1, 2
2015/7/10, 108, , 3, 1
2015/7/11, 90, , 6, 2
2015/7/12, 114, , 1, 2
2015/7/13, 127, , 2, 1
2015/7/14, 38, , 1, 2
2015/7/15, 44, , 1, 2
2015/7/16, 50, , 1, 3
2015/7/17, 40, , 1, 4
2015/7/18, 41, , 1, 5
2015/7/19, 35, , 1, 4
2015/7/20, 41, , 1, 5
2015/7/21, 42, , 1, 4
2015/7/22, 50, , 1, 4
2015/7/23, 66, , 2, 4
2015/7/24, 99, , 1, 3
2015/7/25, 71, , 1, 3
2015/7/26, 30, , 1, 2
2015/7/27, 48, , 1, 2
2015/7/28, 39, , 1, 3
2015/7/29, 40, , 1, 4
2015/7/30, 53, , 1, 3
2015/7/31, 66, , 1, 2
2015/8/1, 50, , 1, 2
2015/8/2, 31, , , 3
2015/8/3, 53, , 1, 3
2015/8/4, 57, , , 2
2015/8/5, 43, , , 2
2015/8/6, 22, , 1, 3
2015/8/7, 59, , 2, 3
2015/8/8, 117, , 3, 3
2015/8/9, 67, , 1, 3
2015/8/10, 71, , 3, 3
2015/8/11, 94, , 2, 3
2015/8/12, 81, , 3, 3
2015/8/13, 65, , 1, 3
2015/8/14, 51, , 2, 5
2015/8/15, 81, , 4, 3
2015/8/16, 74, , 1, 2
2015/8/17, 191, , 1, 2
2015/8/18, 30, , 1, 2
2015/8/19, 33, , , 2
2015/8/20, 16, , 1, 4
2015/8/21, 50, , 1, 3
2015/8/22, 58, , 3, 2
2015/8/23, 55, , 4, 3
2015/8/24, 69, , 1, 3
2015/8/25, 77, , 2, 3
2015/8/26, 59, , 3, 3
2015/8/27, 65, , 2, 3
2015/8/28, 65, , 1, 3
2015/8/29, 79, , 2, 4
2015/8/30, 60, , 3, 3
2015/8/31, 60, , 3, 7
2015/9/1, 79, , 1, 3
2015/9/2, 39, , 5, 4
2015/9/3, 67, , 2, 3
2015/9/4, 49, , 1, 3
2015/9/5, 49, , 1, 3
2015/9/6, 77, , 5, 3
2015/9/7, 59, , 1, 3
2015/9/8, 36, , 1, 2
2015/9/9, 26, , 2, 2
2015/9/10, 61, , 1, 3
2015/9/11, 54, , , 2
2015/9/12, 21, , 4, 5
2015/9/13, 86, , 5, 4
2015/9/14, 87, , 4, 6
2015/9/15, 93, , 1, 4
2015/9/16, 92, , 2, 2
2015/9/17, 58, , 6, 3
2015/9/18, 67, , 7, 3
2015/9/19, 110, , 4, 3
2015/9/20, 83, , 3, 4
2015/9/21, 75, , 1, 3
2015/9/22, 41, , 1, 5
2015/9/23, 41, , , 3
2015/9/24, 34, , , 2
2015/9/25, 17, , 1, 3
2015/9/26, 35, , 1, 4
2015/9/27, 38, , 2, 4
2015/9/28, 46, , 2, 3
2015/9/29, 106, , 3, 2
2015/9/30, 83, , , 3
2015/10/1, 23, , 2, 3
2015/4/2, 82, , 7, 5
2015/4/3, 69, , 4, 4
2015/4/4, 61, , 1, 2
2015/4/5, 118, , 2, 5
2015/4/6, 36, , 3, 7
2015/4/7, 56, , 7, 8
2015/4/8, 69, , 6, 7
2015/4/9, 68, , 7, 8
2015/4/10, 91, , 6, 5
2015/4/11, 74, , 2, 3
2015/4/12, 39, , 4, 5
2015/4/13, 82, , 10, 8
2015/4/14, 110, , 9, 5
2015/4/15, 339, , 1, 2
2015/4/16, 190, , 7, 6
2015/4/17, 77, , 6, 6
2015/4/18, 144, , 1, 2
2015/4/19, 36, , 4, 5
2015/4/20, 70, , 4, 5
2015/4/21, 84, , 5, 2
2015/4/22, 69, , 3, 5
2015/4/23, 115, , 4, 4
2015/4/24, 85, , 7, 5
2015/4/25, 121, , 7, 9
2015/4/26, 164, , 7, 4
2015/4/27, 246, , 7, 4
2015/4/28, 78, , 6, 3
2015/4/29, 95, , 3, 3
2015/4/30, 74, , 4, 5
2015/5/1, 79, , 3, 4
2015/5/2, 31, , 2, 5
2015/5/3, 63, , 1, 4
2015/5/4, 35, , 2, 4
2015/5/5, 60, , , 2
2015/5/6, 25, , 2, 4
2015/5/7, 59, , , 
2015/5/9, 56, , 3, 3
2015/5/10, 75, , 2, 3
2015/5/11, 40, , 6, 5
2015/5/12, 80, , 7, 4
2015/5/13, 208, , 1, 2
2015/5/14, 64, , 1, 3
2015/5/15, 44, , 6, 4
2015/5/16, 84, , 6, 4
2015/5/17, 85, , 2, 3
2015/5/18, 88, , , 2
2015/5/19, 36, , 3, 4
2015/5/20, 71, , 8, 4
2015/5/21, 85, , 7, 4
2015/5/22, 95, , 5, 4
2015/5/23, 82, , 6, 3
2015/5/24, 80, , 4, 6
2015/5/25, 240, , 3, 8
2015/5/28, 49, , 2, 2
2015/5/29, 27, , 7, 3
2015/5/30, 73, , 5, 2
2015/5/31, 163, , 1, 2
2015/6/1, 44, , 1, 2
2015/6/2, 25, , 13, 3
2015/6/3, 77, , 3, 3
2015/6/4, 113, , 2, 2
2015/6/5, 67, , 1, 2
2015/6/6, 32, , 1, 3
2015/6/7, 211, , 3, 3
2015/6/8, 823, , 1, 2
2015/6/9, 13, , 1, 3
2015/6/10, 4, , 2, 3
2015/6/11, 6, , 1, 3
2015/6/12, 5, , 2, 2
2015/6/13, 4, , 2, 3
2015/6/14, 7, , 7, 3
2015/6/15, 5, , 6, 3
2015/6/16, 4, , 7, 3
2015/6/17, 5, , 6, 3
2015/6/18, 53, , 3, 3
2015/6/19, 96, , 3, 2
2015/6/20, 94, , 6, 3
2015/6/21, 91, , 7, 3
2015/6/22, 74, , 4, 3
2015/6/23, 105, , 2, 3
2015/6/24, 76, , 3, 3
2015/6/25, 46, , 6, 4
2015/6/26, 74, , 2, 3
2015/6/27, 178, , 3, 2
2015/6/28, 35, , 1, 2
2015/6/29, 60, , 7, 3
2015/6/30, 67, , 2, 2
2015/7/1, 68, , 1, 3
2015/1/5, 41, , 8, 11
2015/1/6, 53, , , 
2015/1/12, 97, , 19, 14
2015/1/13, 75, , , 
2015/1/19, 55, , 15, 13
2015/1/20, 58, , , 
2015/1/26, 37, , 7, 16
2015/1/27, 53, , , 
2015/2/2, 68, , 14, 10
2015/2/3, 83, , 14, 10
2015/2/4, 95, , 16, 23
2015/2/5, 163, , 21, 28
2015/2/6, 218, , 13, 19
2015/2/7, 181, , , 
2015/2/9, 97, , 25, 14
2015/2/10, 135, , 21, 16
2015/2/11, 164, , 17, 10
2015/2/12, 110, , 17, 16
2015/2/13, 135, , 20, 14
2015/2/14, 178, , 20, 11
2015/2/15, 137, , 9, 7
2015/2/16, 50, , 12, 13
2015/2/17, 96, , 17, 14
2015/2/18, 128, , 10, 5
2015/2/19, 89, , 11, 7
2015/2/20, 84, , 10, 6
2015/2/21, 115, , 4, 3
2015/2/22, 75, , 16, 10
2015/2/23, 86, , 15, 10
2015/2/24, 102, , 8, 7
2015/2/25, 86, , 6, 6
2015/2/26, 76, , 13, 8
2015/2/27, 81, , 9, 4
2015/2/28, 64, , 7, 8
2015/3/1, 72, , 14, 12
2015/3/2, 104, , 4, 4
2015/3/3, 106, , 15, 13
2015/3/4, 106, , 16, 10
2015/3/5, 107, , 14, 11
2015/3/6, 99, , 10, 7
2015/3/7, 66, , 8, 7
2015/3/8, 69, , 4, 6
2015/3/9, 59, , 13, 18
2015/3/10, 153, , 17, 11
2015/3/11, 104, , 13, 8
2015/3/12, 88, , 15, 12
2015/3/13, 118, , 13, 5
2015/3/14, 71, , 6, 4
2015/3/15, 142, , 8, 8
2015/3/16, 58, , 8, 7
2015/3/17, 60, , 9, 6
2015/3/18, 52, , 8, 7
2015/3/19, 58, , 5, 5
2015/3/20, 54, , 4, 5
2015/3/21, 57, , 5, 6
2015/3/22, 56, , 10, 7
2015/3/23, 73, , 11, 7
2015/3/24, 97, , 10, 6
2015/3/25, 90, , 8, 6
2015/3/26, 121, , 14, 8
2015/3/27, 120, , 7, 6
2015/3/28, 40, , 5, 7
2015/3/29, 49, , 6, 6
2015/3/30, 58, , 3, 4
2015/3/31, 32, , 14, 5
2015/4/1, 58, , 9, 6
2014/10/21, 41, 2, 9, 8
2014/10/22, 110, 2, 8, 10
2014/10/23, 166, 2, 6, 8
2014/10/24, 109, 1, 4, 12
2014/10/25, 167, 1, 2, 21
2014/10/26, 204, 2, 8, 7
2014/10/27, 75, 1, 6, 5
2014/10/28, 80, 1, 6, 4
2014/10/29, 91, 1, 2, 5
2014/10/30, 58, 1, 3, 6
2014/10/31, 68, 1, 4, 6
2014/11/1, 73, 1, 3, 11
2014/11/2, 85, 2, 5, 12
2014/11/3, 141, 2, 9, 14
2014/11/4, 196, 1, 5, 20
2014/11/5, 265, 1, 6, 6
2014/11/6, 63, 1, 9, 9
2014/11/7, 101, , 11, 9
2014/11/8, 124, , 16, 9
2014/11/9, 157, , 16, 10
2014/11/10, 152, , 5, 4
2014/11/11, 108, , 2, 3
2014/11/12, 136, , 4, 9
2014/11/13, 85, , 9, 15
2014/11/14, 134, , 12, 11
2014/11/15, 142, , 12, 13
2014/11/16, 123, , 12, 9
2014/11/17, 110, , 13, 11
2014/11/18, 113, , 16, 11
2014/11/19, 145, , 10, 6
2014/11/20, 96, , 6, 6
2014/11/21, 77, , 5, 6
2014/11/22, 72, , 10, 12
2014/11/23, 95, , 11, 16
2014/11/24, 133, , 10, 5
2014/11/25, 61, , 10, 5
2014/11/26, 85, , 6, 7
2014/11/27, 86, , 10, 8
2014/11/28, 89, , 13, 17
2014/11/29, 146, , 10, 12
2014/11/30, 113, , 3, 5
2014/12/1, 93, , 12, 11
2014/12/2, 77, , 14, 15
2014/12/3, 110, , 9, 12
2014/12/4, 104, , 15, 25
2014/12/5, 188, , 22, 11
2014/12/6, 127, , 14, 8
2014/12/7, 84, , 11, 12
2014/12/8, 87, , 14, 9
2014/12/9, 83, , 11, 13
2014/12/10, 89, , 7, 9
2014/12/11, 51, , 7, 15
2014/12/12, 81, , 12, 27
2014/12/13, 126, , 17, 18
2014/12/14, 120, , 11, 6
2014/12/15, 51, , 6, 8
2014/12/16, 46, , 11, 17
2014/12/17, 89, , 17, 32
2014/12/18, 233, , 13, 17
2014/12/19, 97, , 9, 19
2014/12/20, 95, , 10, 19
2014/12/21, 142, , , 
2021/8/12, , 7, , 
2021/5/23, , 5, , 
2021/3/7, , 11, 13, 
2021/3/8, , 12, 15, 
2021/3/9, , 11, 13, 
2021/3/10, , 14, 17, 
2021/3/11, , 10, 11, 
2021/3/12, , 11, 11, 
2020/7/5, , 7, 1, 
2020/9/1, , 6, , 
2020/9/2, , 8, 3, 
2020/9/3, , 7, 1, 
2020/9/4, , 8, 1, 
2020/9/21, , 8, , 
2020/1/1, , 12, 15, 
2020/3/29, , 6, 5, 
2019/4/3, , 9, 4, 
2019/6/22, , 10, 2, 
2019/1/1, , 22, 17, 7
2018/7/3, , 5, 7, 8
2018/7/4, , 7, 1, 10
2018/9/3, , 4, 8, 7
2018/4/28, , 7, 7, 2
2018/4/29, , 7, 28, 2
2018/4/30, , 8, 12, 6
2018/5/1, , 9, , 1
2018/5/2, , 7, , 7
2018/5/8, , 5, , 9
2018/5/9, , 5, 15, 19
2018/5/17, , 9, 5, 4
2018/5/18, , 7, 2, 4
2018/5/28, , 7, 5, 3
2018/5/29, , 10, 18, 3
2018/5/30, , 12, 7, 3
2018/6/1, , 15, 4, 3
2018/6/2, , 6, 1, 2
2018/6/3, , 9, 2, 2
2018/6/4, , 15, 2, 4
2018/6/5, , 10, 2, 3
2018/6/6, , 8, , 4
2018/6/7, , 12, , 5
2018/6/8, , 16, , 11
2018/6/9, , 15, , 
2018/6/26, , 7, 8, 52
2018/6/27, , 9, 2, 14
2018/6/28, , 11, , 14
2018/1/1, , 18, 19, 12
2018/1/16, , 15, 20, 
2018/1/24, , 13, 13, 8
2017/7/3, , 11, 6, 14
2017/9/11, , 21, 4, 4
2016/7/10, , 14, 1, 2
2016/7/22, , 16, , 2
2016/7/23, , 7, , 3
2016/7/28, , 21, 5, 5
2016/7/29, , 15, 1, 3
2016/7/30, , 17, 3, 2
2016/8/10, , 12, 1, 2
2016/5/26, , 34, , 
2016/6/10, , 11, 1, 2
2016/6/11, , 20, 1, 2
2016/6/12, , 20, 6, 2
2016/6/13, , 17, 4, 3
2016/6/14, , 12, 1, 2
2016/6/16, , 11, , 
2016/6/17, , 16, 1, 3
2016/6/18, , 21, 2, 3
2014/10/20, , 1, 1, 5
2016/4/2, , , 2, 3
2016/4/3, , , 7, 7
2016/4/4, , , 7, 7
2016/4/5, , , 6, 5
2016/4/6, , , 8, 4
2016/4/7, , , 5, 5
2016/6/15, , , 2, 2
2016/3/19, , , 19, 6
2016/3/20, , , 14, 4
2016/3/21, , , 14, 5
2016/3/22, , , 12, 5
2016/3/26, , , 7, 5
2016/3/27, , , 10, 7
2016/3/28, , , 3, 2
2016/3/29, , , 8, 8
2016/3/30, , , 8, 5
2016/3/31, , , 6, 3
2016/4/1, , , 3, 2
2015/11/2, , , 11, 7
2015/11/10, , , 7, 3
2015/12/20, , , 9, 15
2016/1/3, , , 11, 7
2015/7/5, , , 1, 2
2015/5/8, , , 10, 4
2015/5/26, , , 2, 3
2015/5/27, , , 3, 3
2015/1/4, , , 9, 5
2015/1/11, , , 23, 19
2015/1/18, , , 14, 9
2015/1/25, , , 7, 5
2015/2/1, , , 13, 8
2015/2/8, , , 18, 9
2019/1/13, , , , 
2019/1/14, , , , 