date, pm25, pm10, so2
2023/12/2, 41, 14, 1
2023/12/3, 31, 16, 6
2023/12/4, 39, 16, 1
2023/12/5, 37, 17, 9
2023/12/6, 32, 20, 8
2023/12/7, 47, 23, 
2023/12/8, 59, 20, 3
2023/12/9, 52, 27, 6
2023/12/10, 61, 29, 16
2023/12/11, 58, 53, 
2023/12/12, 51, 20, 
2023/12/13, 31, 14, 
2023/12/14, 25, 22, 10
2023/12/15, 48, 11, 
2023/12/16, 25, 12, 3
2023/12/17, 24, 6, 
2023/12/18, 12, 7, 
2023/12/19, 13, 11, 
2023/12/20, 24, 26, 14
2023/12/21, 55, 33, 3
2023/12/22, 32, 20, 
2023/12/23, 25, 24, 6
2023/12/24, 44, 31, 
2023/12/25, 62, , 
2023/11/2, 67, 22, 
2023/11/3, 42, 19, 4
2023/11/4, 37, 18, 
2023/11/5, 33, 16, 
2023/11/6, 21, 15, 1
2023/11/7, 18, 18, 10
2023/11/8, 27, 41, 
2023/11/9, 76, 25, 1
2023/11/10, 52, 17, 12
2023/11/11, 51, 16, 
2023/11/12, 44, 15, 3
2023/11/13, 41, 20, 1
2023/11/14, 46, 21, 
2023/11/15, 51, 23, 6
2023/11/16, 51, 38, 10
2023/11/17, 78, 23, 
2023/11/18, 39, 13, 
2023/11/19, 27, 12, 4
2023/11/20, 26, 11, 6
2023/11/21, 28, 17, 5
2023/11/22, 32, 19, 4
2023/11/23, 43, 19, 6
2023/11/24, 52, 14, 10
2023/11/25, 34, 11, 14
2023/11/26, 22, 18, 4
2023/11/27, 37, 10, 3
2023/11/28, 23, 13, 4
2023/11/29, 28, 15, 8
2023/11/30, 30, 13, 1
2023/12/1, 22, 24, 2
2023/10/2, 41, 14, 
2023/10/3, 23, 16, 2
2023/10/4, 25, 50, 8
2023/10/5, 45, 22, 
2023/10/6, 19, 16, 
2023/10/7, 12, 15, 
2023/10/8, 24, 23, 8
2023/10/9, 51, 16, 
2023/10/10, 43, 17, 1
2023/10/11, 45, 13, 
2023/10/12, 29, 13, 
2023/10/13, 24, 25, 
2023/10/14, 30, 18, 
2023/10/15, 19, 11, 7
2023/10/16, 15, 12, 
2023/10/17, 16, 14, 
2023/10/18, 19, 16, 2
2023/10/19, 31, 18, 17
2023/10/20, 36, 18, 18
2023/10/21, 34, 15, 32
2023/10/22, 21, 24, 
2023/10/23, 38, 22, 3
2023/10/24, 43, 26, 2
2023/10/25, 51, 36, 
2023/10/26, 39, 29, 
2023/10/27, 27, 27, 
2023/10/28, 46, 49, 
2023/10/29, 102, 48, 8
2023/10/30, 103, 41, 
2023/10/31, 78, 33, 5
2023/11/1, 72, 34, 13
2023/7/2, 7, 5, 1
2023/7/3, 10, 3, 
2023/7/4, 8, 5, 32
2023/7/5, 12, 10, 31
2023/7/6, 23, 11, 31
2023/7/7, 22, 6, 
2023/7/8, 11, 8, 
2023/7/9, 11, 7, 
2023/7/10, 11, 6, 
2023/7/11, 7, 8, 
2023/7/12, 9, 10, 
2023/7/13, 15, 9, 
2023/7/14, 14, 10, 
2023/7/15, 17, 11, 
2023/7/16, 21, , 
2023/7/18, 10, 15, 
2023/7/19, 15, 9, 
2023/7/20, 13, 13, 11
2023/7/21, 24, 13, 
2023/7/22, 18, 11, 
2023/7/23, 15, 20, 
2023/7/24, 16, 13, 
2023/7/25, 11, 17, 
2023/7/26, 14, 8, 
2023/7/27, 12, 9, 
2023/7/28, 13, 11, 2
2023/7/29, 18, 12, 
2023/7/30, 20, 12, 
2023/7/31, 19, 11, 
2023/8/1, 12, 13, 
2023/8/2, 17, 16, 
2023/8/3, 16, 12, 
2023/8/4, 18, 13, 
2023/8/5, 19, 15, 
2023/8/6, 15, 12, 
2023/8/7, 16, 13, 
2023/8/8, 16, 13, 
2023/8/9, 21, 15, 
2023/8/10, 22, 14, 
2023/8/11, 22, 17, 
2023/8/12, 26, 22, 10
2023/8/13, 29, 16, 7
2023/8/14, 29, 22, 5
2023/8/15, 30, 21, 3
2023/8/16, 34, 19, 
2023/8/17, 34, 23, 1
2023/8/18, 37, 18, 
2023/8/19, 18, 11, 
2023/8/20, 13, 9, 
2023/8/21, 10, 17, 
2023/8/22, 25, 15, 1
2023/8/23, 21, 11, 
2023/8/24, 14, 12, 
2023/8/25, 16, 13, 
2023/8/26, 20, 16, 
2023/8/27, 21, 16, 
2023/8/28, 26, 16, 
2023/8/29, 25, 19, 
2023/8/30, 30, 21, 
2023/8/31, 22, 17, 
2023/9/1, 18, 12, 
2023/9/2, 13, 17, 21
2023/9/3, 24, 18, 2
2023/9/4, 25, 22, 
2023/9/5, 41, 27, 4
2023/9/6, 50, 21, 
2023/9/7, 37, 30, 
2023/9/8, 54, 48, 
2023/9/9, 37, 14, 
2023/9/10, 18, 13, 
2023/9/11, 17, 22, 
2023/9/12, 39, 22, 
2023/9/13, 45, 19, 
2023/9/14, 31, 22, 
2023/9/15, 39, 22, 
2023/9/16, 43, 26, 
2023/9/17, 48, 19, 
2023/9/18, 34, 17, 
2023/9/19, 31, 19, 4
2023/9/20, 33, 19, 1
2023/9/21, 32, 26, 7
2023/9/22, 39, 19, 
2023/9/23, 25, 18, 20
2023/9/24, 25, 18, 
2023/9/25, 31, 18, 3
2023/9/26, 30, 15, 
2023/9/27, 20, 15, 
2023/9/28, 21, 19, 
2023/9/29, 22, 17, 
2023/9/30, 25, 19, 
2023/10/1, 30, 21, 
2023/4/2, 9, 8, 
2023/4/3, 8, 9, 
2023/4/4, 8, 11, 
2023/4/5, 11, 11, 1
2023/4/6, 12, 14, 11
2023/4/7, 21, 14, 6
2023/4/8, 20, 13, 1
2023/4/9, 15, 11, 1
2023/4/10, 15, 11, 1
2023/4/11, 19, 14, 1
2023/4/12, 20, 15, 1
2023/4/13, 17, 15, 1
2023/4/14, 18, 16, 12
2023/4/15, 22, 22, 1
2023/4/16, 30, 8, 1
2023/4/17, 13, 7, 1
2023/4/18, 9, 11, 2
2023/4/19, 13, 7, 
2023/4/20, 11, 10, 
2023/4/21, 12, 13, 
2023/4/22, 19, 12, 
2023/4/23, 18, 12, 
2023/4/24, 15, 12, 
2023/4/25, 14, 12, 
2023/4/26, 18, 12, 
2023/4/27, 19, 13, 
2023/4/28, 18, 12, 185
2023/4/29, 18, 15, 3
2023/4/30, 16, 9, 
2023/5/1, 14, 8, 
2023/5/2, 12, 9, 
2023/5/3, 10, 10, 
2023/5/4, 9, 11, 
2023/5/5, 15, 13, 
2023/5/6, 17, 10, 
2023/5/7, 12, 21, 
2023/5/8, 18, 11, 
2023/5/9, 9, 9, 
2023/5/10, 7, 9, 
2023/5/11, 8, 15, 
2023/5/12, 20, 16, 
2023/5/13, 24, 11, 
2023/5/14, 16, 11, 
2023/5/15, 17, 13, 2
2023/5/16, 18, 10, 
2023/5/17, 11, 12, 
2023/5/18, 13, 13, 
2023/5/19, 17, 12, 
2023/5/20, 16, 10, 
2023/5/21, 14, 13, 
2023/5/22, 12, 11, 
2023/5/23, 8, 10, 
2023/5/24, 9, 17, 
2023/5/25, 19, 15, 
2023/5/26, 22, 22, 
2023/5/27, 17, 11, 
2023/5/28, 12, 10, 
2023/5/29, 13, 12, 
2023/5/30, 13, 10, 
2023/5/31, 10, 15, 
2023/6/1, 20, 18, 
2023/6/2, 27, 18, 1
2023/6/3, 24, 15, 
2023/6/4, 28, 18, 
2023/6/5, 29, 16, 5
2023/6/6, 22, 15, 
2023/6/7, 19, 17, 15
2023/6/8, 23, 16, 4
2023/6/9, 24, 12, 
2023/6/10, 15, 8, 7
2023/6/11, 12, 9, 7
2023/6/12, 15, 21, 5
2023/6/13, 29, 17, 
2023/6/14, 24, 13, 
2023/6/15, 12, 13, 
2023/6/16, 13, 18, 
2023/6/17, 21, 14, 
2023/6/18, 18, 15, 
2023/6/19, 18, 13, 
2023/6/20, 11, 13, 
2023/6/21, 13, 15, 
2023/6/22, 17, 25, 4
2023/6/23, 34, 21, 
2023/6/24, 32, 25, 21
2023/6/25, 38, 22, 13
2023/6/26, 42, 19, 
2023/6/27, 31, 21, 
2023/6/28, 33, 17, 
2023/6/29, 26, 8, 
2023/6/30, 8, 6, 
2023/7/1, 5, 7, 
2023/1/3, 4, 6, 1
2023/1/4, 7, 8, 7
2023/1/5, 16, 6, 1
2023/1/6, 13, 8, 1
2023/1/7, 14, 10, 8
2023/1/8, 18, 12, 6
2023/1/9, 23, 15, 7
2023/1/10, 29, 11, 6
2023/1/11, 20, 10, 9
2023/1/12, 18, 11, 18
2023/1/13, 18, 8, 7
2023/1/14, 17, 4, 1
2023/1/15, 8, 3, 1
2023/1/16, 5, 4, 1
2023/1/17, 5, 4, 1
2023/1/18, 7, 4, 1
2023/1/19, 5, 9, 
2023/1/20, 15, 10, 18
2023/1/21, 17, 10, 2
2023/1/22, 20, 10, 
2023/1/23, 14, 12, 3
2023/1/24, 16, 15, 6
2023/1/25, 25, 15, 15
2023/1/26, 28, 12, 19
2023/1/27, 24, 11, 3
2023/1/28, 20, 10, 1
2023/1/29, 18, 5, 20
2023/1/30, 8, 8, 8
2023/1/31, 14, 7, 5
2023/2/1, 13, 13, 19
2023/2/2, 25, 8, 2
2023/2/3, 16, 12, 2
2023/2/4, 16, 15, 1
2023/2/5, 21, 12, 1
2023/2/6, 17, 5, 1
2023/2/7, 6, 5, 1
2023/2/8, 6, 6, 2
2023/2/9, 10, 9, 5
2023/2/10, 13, 10, 
2023/2/11, 17, 11, 
2023/2/12, 18, 13, 
2023/2/13, 19, 13, 
2023/2/14, 17, 13, 
2023/2/15, 15, 14, 
2023/2/16, 19, 11, 
2023/2/17, 17, 4, 
2023/2/18, 7, 3, 
2023/2/19, 4, 3, 
2023/2/20, 4, 8, 
2023/2/21, 13, 8, 7
2023/2/22, 13, 9, 
2023/2/23, 13, 9, 
2023/2/24, 14, 11, 
2023/2/25, 17, 12, 
2023/2/26, 18, 10, 
2023/2/27, 17, 10, 
2023/2/28, 16, 11, 
2023/3/1, 16, 11, 
2023/3/2, 17, 10, 2
2023/3/3, 13, 7, 
2023/3/4, 14, 6, 
2023/3/5, 13, 8, 
2023/3/6, 15, 7, 
2023/3/7, 12, 6, 
2023/3/8, 8, 2, 
2023/3/9, 4, 2, 
2023/3/10, 3, 2, 
2023/3/11, 3, 3, 
2023/3/12, 5, 6, 3
2023/3/13, 10, 7, 
2023/3/14, 9, 10, 
2023/3/15, 12, 9, 1
2023/3/16, 11, 9, 
2023/3/17, 11, 11, 
2023/3/18, 20, 11, 
2023/3/19, 23, 10, 
2023/3/20, 19, 11, 
2023/3/21, 20, 10, 
2023/3/22, 15, 9, 
2023/3/23, 15, 8, 
2023/3/24, 13, 11, 
2023/3/25, 17, 11, 
2023/3/26, 19, 12, 
2023/3/27, 22, 13, 
2023/3/28, 19, 14, 
2023/3/29, 20, 17, 13
2023/3/30, 26, 12, 
2023/3/31, 17, 9, 1
2023/4/1, 13, 9, 
2022/10/2, 13, 8, 3
2022/10/3, 12, 9, 
2022/10/4, 17, 18, 8
2022/10/5, 33, 9, 4
2022/10/6, 22, 8, 4
2022/10/7, 16, 13, 2
2022/10/8, 25, 14, 6
2022/10/9, 20, 9, 
2022/10/10, 12, 7, 5
2022/10/11, 11, 12, 10
2022/10/12, 16, 12, 
2022/10/13, 20, 20, 
2022/10/14, 27, 18, 
2022/10/15, 18, 10, 5
2022/10/16, 19, 10, 
2022/10/17, 21, 10, 
2022/10/18, 19, 14, 13
2022/10/19, 27, 21, 27
2022/10/20, 35, 10, 18
2022/10/21, 17, 7, 10
2022/10/22, 11, 10, 5
2022/10/23, 19, 17, 17
2022/10/24, 27, 29, 22
2022/10/25, 40, 15, 1
2022/10/26, 26, 15, 3
2022/10/27, 36, 11, 10
2022/10/28, 26, 8, 2
2022/10/29, 17, 8, 4
2022/10/30, 13, 13, 4
2022/10/31, 21, 31, 6
2022/11/1, 54, 19, 2
2022/11/2, 19, 15, 
2022/11/3, 16, 10, 
2022/11/4, 15, 8, 
2022/11/5, 11, 12, 
2022/11/6, 21, 16, 1
2022/11/7, 35, 16, 3
2022/11/8, 35, 20, 9
2022/11/9, 46, 19, 1
2022/11/10, 42, 13, 3
2022/11/11, 30, 16, 2
2022/11/12, 35, 11, 1
2022/11/13, 25, 13, 5
2022/11/14, 30, 12, 
2022/11/15, 27, 9, 
2022/11/16, 14, 8, 
2022/11/17, 13, 8, 
2022/11/18, 12, 11, 2
2022/11/19, 19, 25, 3
2022/11/20, 47, 16, 14
2022/11/21, 36, 12, 
2022/11/22, 18, 13, 
2022/11/23, 21, 10, 
2022/11/24, 16, 9, 
2022/11/25, 13, 10, 4
2022/11/26, 18, 14, 14
2022/11/27, 25, 12, 2
2022/11/28, 27, 11, 5
2022/11/29, 24, 9, 
2022/11/30, 12, 10, 
2022/12/1, 11, 8, 1
2022/12/2, 8, 9, 1
2022/12/3, 10, 10, 1
2022/12/4, 14, 7, 1
2022/12/5, 10, 12, 2
2022/12/6, 20, 21, 5
2022/12/7, 38, 20, 1
2022/12/8, 31, 25, 2
2022/12/9, 30, 14, 
2022/12/10, 15, 9, 
2022/12/11, 8, 10, 
2022/12/12, 13, 23, 15
2022/12/13, 31, 15, 
2022/12/14, 17, 12, 
2022/12/15, 11, 11, 
2022/12/16, 13, 9, 
2022/12/17, 10, 11, 7
2022/12/18, 14, 11, 
2022/12/19, 17, 11, 1
2022/12/20, 21, 10, 7
2022/12/21, 23, 11, 3
2022/12/22, 20, 12, 17
2022/12/23, 21, 9, 2
2022/12/24, 17, 8, 
2022/12/25, 15, 7, 
2022/12/26, 13, 5, 
2022/12/27, 9, 4, 
2022/12/28, 7, 4, 1
2022/12/29, 6, 7, 
2022/12/30, 10, 7, 
2022/12/31, 12, 7, 1
2023/1/1, 14, 4, 1
2023/1/2, 4, 4, 1
2022/7/2, 10, 5, 
2022/7/3, 10, 5, 
2022/7/4, 10, 6, 
2022/7/5, 8, 8, 
2022/7/6, 9, 6, 
2022/7/7, 10, , 
2022/7/14, 10, 11, 
2022/7/15, 7, 9, 
2022/7/16, 6, 12, 
2022/7/17, 16, 15, 
2022/7/18, 24, 11, 
2022/7/19, 17, 11, 
2022/7/20, 15, 11, 
2022/7/21, 14, 8, 
2022/7/22, 9, 11, 
2022/7/23, 13, 13, 
2022/7/24, 18, 16, 
2022/7/25, 27, 20, 17
2022/7/26, 33, 19, 
2022/7/27, 14, 10, 74
2022/7/28, 13, 10, 71
2022/7/29, 10, 13, 68
2022/7/30, 12, 12, 39
2022/7/31, 17, 14, 14
2022/8/1, 23, 14, 10
2022/8/2, 18, 20, 
2022/8/3, 28, 22, 18
2022/8/4, 29, 23, 19
2022/8/5, 28, 18, 11
2022/8/6, 29, 10, 26
2022/8/7, 12, 9, 42
2022/8/8, 10, 8, 71
2022/8/9, 8, 9, 
2022/8/10, 6, 12, 14
2022/8/11, 12, 18, 30
2022/8/12, 23, 8, 43
2022/8/13, 9, 10, 52
2022/8/14, 11, 8, 44
2022/8/15, 9, 13, 18
2022/8/16, 14, 15, 57
2022/8/17, 18, 8, 43
2022/8/18, 8, 17, 13
2022/8/19, 22, 22, 54
2022/8/20, 17, 9, 42
2022/8/21, 9, 10, 
2022/8/22, 12, 18, 7
2022/8/23, 24, 30, 
2022/8/24, 21, 19, 
2022/8/25, 11, 12, 
2022/8/26, 11, 11, 
2022/8/27, 10, 15, 11
2022/8/28, 22, 17, 
2022/8/29, 23, 10, 5
2022/8/30, 14, 5, 
2022/8/31, 10, 6, 
2022/9/1, 12, 8, 
2022/9/2, 16, 3, 
2022/9/3, 8, 3, 
2022/9/4, 6, 6, 
2022/9/5, 8, 6, 
2022/9/6, 8, 10, 
2022/9/7, 11, 15, 8
2022/9/8, 18, 18, 18
2022/9/9, 29, 10, 9
2022/9/10, 13, 7, 
2022/9/11, 10, 8, 
2022/9/12, 12, 8, 
2022/9/13, 15, 6, 
2022/9/14, 11, 19, 10
2022/9/15, 24, 29, 21
2022/9/16, 37, 17, 9
2022/9/17, 27, 10, 
2022/9/18, 16, 11, 
2022/9/19, 16, 12, 
2022/9/20, 17, 19, 5
2022/9/21, 35, 34, 7
2022/9/22, 39, 8, 
2022/9/23, 14, 8, 
2022/9/24, 12, 9, 
2022/9/25, 20, 10, 
2022/9/26, 20, 10, 
2022/9/27, 19, 12, 
2022/9/28, 17, 9, 6
2022/9/29, 23, 7, 
2022/9/30, 15, 6, 
2022/10/1, 8, 8, 
2022/4/2, 21, 18, 
2022/4/3, 27, 16, 
2022/4/4, 25, 13, 
2022/4/5, 17, 10, 
2022/4/6, 9, 16, 
2022/4/7, 14, 14, 
2022/4/8, 12, 17, 
2022/4/9, 24, 17, 
2022/4/10, 26, 15, 
2022/4/11, 19, 13, 
2022/4/12, 11, 14, 
2022/4/13, 14, 13, 
2022/4/14, 16, 14, 
2022/4/15, 18, 14, 
2022/4/16, 23, 14, 
2022/4/17, 21, 12, 
2022/4/18, 15, , 
2022/4/20, 20, 14, 
2022/4/21, 13, 12, 
2022/4/22, 11, 14, 
2022/4/23, 9, 4, 
2022/4/24, 4, 7, 
2022/4/25, 13, 2, 
2022/4/26, 3, 3, 
2022/4/27, 5, 6, 23
2022/4/28, 12, 6, 1
2022/4/29, 12, 9, 
2022/4/30, 16, 10, 
2022/5/1, 16, 9, 
2022/5/2, 15, 6, 
2022/5/3, 10, 8, 
2022/5/4, 12, 9, 
2022/5/5, 11, 12, 
2022/5/6, 13, 9, 
2022/5/7, 11, 8, 
2022/5/8, 10, 9, 
2022/5/9, 13, 7, 
2022/5/10, 11, 4, 
2022/5/11, 6, 2, 
2022/5/12, 4, 3, 
2022/5/13, 5, 5, 1
2022/5/14, 9, 7, 
2022/5/15, 14, 5, 
2022/5/16, 9, 6, 
2022/5/17, 11, 8, 
2022/5/18, 16, 7, 
2022/5/19, 13, 9, 
2022/5/20, 15, 9, 
2022/5/21, 15, 8, 
2022/5/22, 16, 7, 
2022/5/23, 12, 7, 
2022/5/24, 7, , 
2022/5/26, 13, 9, 
2022/5/27, 12, 11, 
2022/5/28, 15, 12, 
2022/5/29, 17, 18, 4
2022/5/30, 29, 37, 13
2022/5/31, 29, 16, 
2022/6/1, 16, 11, 
2022/6/2, 14, 11, 
2022/6/3, 15, 18, 2
2022/6/4, 25, 6, 33
2022/6/5, 8, 9, 2
2022/6/6, 12, 5, 
2022/6/7, 7, 10, 
2022/6/8, 14, 11, 
2022/6/9, 12, 8, 
2022/6/10, 7, 7, 
2022/6/11, 9, 7, 
2022/6/12, 7, 7, 
2022/6/13, 7, 6, 
2022/6/14, 5, 12, 
2022/6/15, 11, 13, 
2022/6/16, 13, 13, 
2022/6/17, 15, 10, 
2022/6/18, 9, 10, 
2022/6/19, 12, 10, 
2022/6/20, 15, 11, 
2022/6/21, 10, 14, 
2022/6/22, 16, 14, 
2022/6/23, 14, 11, 
2022/6/24, 11, 12, 
2022/6/25, 13, 14, 
2022/6/26, 17, 13, 
2022/6/27, 16, 18, 
2022/6/28, 14, 13, 
2022/6/29, 11, 10, 
2022/6/30, 9, 10, 
2022/7/1, 19, 5, 
2022/1/4, 25, 13, 16
2022/1/5, 21, 20, 1
2022/1/6, 22, 22, 
2022/1/7, 23, 24, 
2022/1/8, 22, 13, 
2022/1/9, 13, 16, 
2022/1/10, 16, 13, 
2022/1/11, 18, 11, 17
2022/1/12, 20, 9, 2
2022/1/13, 15, 13, 1
2022/1/14, 19, 14, 16
2022/1/15, 23, 16, 20
2022/1/16, 25, 18, 16
2022/1/17, 24, 24, 29
2022/1/18, 28, 18, 9
2022/1/19, 27, 14, 22
2022/1/20, 32, 11, 10
2022/1/21, 20, 9, 
2022/1/22, 18, 10, 9
2022/1/23, 18, 10, 
2022/1/24, 15, 8, 
2022/1/25, 10, 7, 
2022/1/26, 8, 8, 3
2022/1/27, 10, 7, 
2022/1/28, 9, 7, 
2022/1/29, 12, 6, 
2022/1/30, 8, 6, 
2022/1/31, 7, 9, 1
2022/2/1, 11, 18, 5
2022/2/2, 22, 16, 11
2022/2/3, 21, 11, 21
2022/2/4, 12, 12, 
2022/2/5, 15, 10, 
2022/2/6, 14, 8, 
2022/2/7, 13, 10, 1
2022/2/8, 18, 9, 
2022/2/9, 17, 11, 
2022/2/10, 21, 13, 13
2022/2/11, 22, 13, 
2022/2/12, 17, 14, 2
2022/2/13, 18, 12, 5
2022/2/14, 22, 11, 
2022/2/15, 17, 12, 
2022/2/16, 18, 10, 
2022/2/17, 14, 10, 
2022/2/18, 14, 17, 19
2022/2/19, 28, 13, 
2022/2/20, 17, 11, 4
2022/2/21, 17, 14, 1
2022/2/22, 19, 12, 
2022/2/23, 18, 12, 1
2022/2/24, 16, 16, 4
2022/2/25, 19, 16, 1
2022/2/26, 19, 9, 1
2022/2/27, 10, 8, 1
2022/2/28, 7, 8, 3
2022/3/1, 9, 10, 1
2022/3/2, 10, 14, 4
2022/3/3, 17, 17, 11
2022/3/4, 21, 13, 
2022/3/5, 12, 10, 
2022/3/6, 9, 14, 
2022/3/7, 14, 13, 
2022/3/8, 12, 17, 
2022/3/9, 16, 14, 
2022/3/10, 15, 14, 
2022/3/11, 14, 16, 
2022/3/12, 14, 12, 
2022/3/13, 12, 11, 5
2022/3/14, 20, 12, 11
2022/3/15, 20, 13, 9
2022/3/16, 22, 15, 3
2022/3/17, 28, 11, 
2022/3/18, 18, 10, 
2022/3/19, 14, 12, 
2022/3/20, 14, 12, 
2022/3/21, 16, 14, 
2022/3/22, 20, 19, 22
2022/3/23, 27, 18, 7
2022/3/24, 23, 21, 14
2022/3/25, 28, 30, 16
2022/3/26, 27, 13, 
2022/3/27, 21, 13, 
2022/3/28, 18, 10, 
2022/3/29, 11, 13, 1
2022/3/30, 12, 12, 
2022/3/31, 12, 13, 
2022/4/1, 14, 17, 
2021/10/2, 20, 19, 20
2021/10/3, 24, 24, 21
2021/10/4, 33, 45, 1
2021/10/5, 41, 16, 
2021/10/6, 21, 22, 1
2021/10/7, 28, 40, 8
2021/10/8, 47, 22, 7
2021/10/9, 32, 22, 5
2021/10/10, 32, 28, 27
2021/10/11, 37, 21, 
2021/10/12, 41, 13, 22
2021/10/13, 29, 13, 14
2021/10/14, 28, 36, 11
2021/10/15, 32, 25, 
2021/10/16, 23, 15, 
2021/10/17, 17, 21, 12
2021/10/18, 26, 31, 32
2021/10/19, 41, 24, 14
2021/10/20, 40, 17, 7
2021/10/21, 29, 35, 13
2021/10/22, 53, 25, 13
2021/10/23, 52, 17, 2
2021/10/24, 39, 21, 13
2021/10/25, 54, 34, 23
2021/10/26, 55, 37, 14
2021/10/27, 59, 37, 2
2021/10/28, 79, 36, 11
2021/10/29, 78, 30, 2
2021/10/30, 63, 25, 34
2021/10/31, 37, 18, 
2021/11/1, 21, 17, 1
2021/11/2, 33, 20, 16
2021/11/3, 54, 13, 3
2021/11/4, 34, 10, 
2021/11/5, 20, 17, 7
2021/11/6, 34, 20, 10
2021/11/7, 41, 17, 5
2021/11/8, 40, 18, 8
2021/11/9, 47, 14, 1
2021/11/10, 26, 18, 
2021/11/11, 33, 13, 2
2021/11/12, 30, 24, 
2021/11/13, 19, 10, 
2021/11/14, 11, 8, 
2021/11/15, 9, 11, 
2021/11/16, 10, 10, 
2021/11/17, 10, 10, 
2021/11/18, 10, 12, 
2021/11/19, 19, 15, 
2021/11/20, 29, 19, 1
2021/11/21, 37, 35, 12
2021/11/22, 49, 15, 
2021/11/23, 20, 14, 3
2021/11/24, 16, 20, 25
2021/11/25, 34, 10, 
2021/11/26, 16, 12, 
2021/11/27, 13, 10, 
2021/11/28, 12, 9, 3
2021/11/29, 11, 8, 7
2021/11/30, 11, 9, 12
2021/12/1, 10, 11, 12
2021/12/2, 10, 8, 
2021/12/3, 10, 6, 
2021/12/4, 7, 9, 
2021/12/5, 12, 22, 11
2021/12/6, 44, 14, 3
2021/12/7, 22, 9, 7
2021/12/8, 20, 9, 
2021/12/9, 18, 17, 
2021/12/10, 16, 13, 
2021/12/11, 13, 14, 
2021/12/12, 11, 11, 
2021/12/13, 12, 14, 7
2021/12/14, 15, 22, 7
2021/12/15, 36, 25, 15
2021/12/16, 47, 29, 25
2021/12/17, 56, 24, 5
2021/12/18, 44, 17, 27
2021/12/19, 33, 23, 8
2021/12/20, 40, 18, 17
2021/12/21, 30, 22, 21
2021/12/22, 31, , 
2021/12/24, 33, 21, 22
2021/12/25, 29, 14, 5
2021/12/26, 20, 19, 21
2021/12/27, 25, 65, 32
2021/12/28, 52, 15, 43
2021/12/29, 17, 7, 
2021/12/30, 11, 7, 
2021/12/31, 9, 12, 26
2022/1/1, 18, 20, 19
2022/1/2, 28, 16, 5
2022/1/3, 25, 15, 5
2021/7/2, 7, 6, 
2021/7/3, 13, 8, 
2021/7/4, 14, 11, 
2021/7/5, 10, 8, 
2021/7/6, 13, 9, 
2021/7/7, 11, 14, 
2021/7/8, 15, 23, 20
2021/7/9, 26, 13, 
2021/7/10, 13, 10, 
2021/7/11, 12, 11, 
2021/7/12, 13, 11, 
2021/7/13, 14, 15, 
2021/7/14, 20, 24, 2
2021/7/15, 27, 32, 2
2021/7/16, 48, 19, 4
2021/7/17, 30, 21, 
2021/7/18, 28, 17, 
2021/7/19, 24, 15, 
2021/7/20, 20, 14, 
2021/7/21, 16, 12, 
2021/7/22, 15, 20, 
2021/7/23, 20, 26, 19
2021/7/24, 30, 14, 2
2021/7/25, 15, 15, 
2021/7/26, 16, 21, 
2021/7/27, 19, 25, 
2021/7/28, 28, 35, 12
2021/7/29, 49, 26, 6
2021/7/30, 36, 27, 10
2021/7/31, 38, 29, 10
2021/8/1, 44, 29, 12
2021/8/2, 49, 23, 1
2021/8/3, 31, 27, 
2021/8/4, 26, 11, 
2021/8/5, 11, 14, 
2021/8/6, 11, 10, 
2021/8/7, 11, , 
2021/8/10, 28, 18, 2
2021/8/11, 23, 25, 3
2021/8/12, 32, 24, 
2021/8/13, 27, 19, 
2021/8/14, 17, 13, 
2021/8/15, 15, 13, 
2021/8/16, 14, 15, 
2021/8/17, 15, 13, 
2021/8/18, 15, 12, 
2021/8/19, 14, 12, 
2021/8/20, 15, 18, 
2021/8/21, 21, 21, 
2021/8/22, 27, 23, 1
2021/8/23, 31, 90, 3
2021/8/24, 54, 61, 
2021/8/25, 38, 11, 
2021/8/26, 10, 18, 1
2021/8/27, 16, 17, 7
2021/8/28, 23, 28, 18
2021/8/29, 48, 26, 4
2021/8/30, 39, 22, 8
2021/8/31, 27, 22, 1
2021/9/1, 30, 11, 1
2021/9/2, 14, 9, 
2021/9/3, 17, 13, 
2021/9/4, 23, 84, 
2021/9/5, 56, 14, 
2021/9/6, 17, 9, 
2021/9/7, 6, 10, 
2021/9/8, 7, 13, 
2021/9/9, 9, 18, 
2021/9/10, 21, 18, 
2021/9/11, 29, 18, 1
2021/9/12, 27, 23, 7
2021/9/13, 31, 19, 1
2021/9/14, 22, 16, 
2021/9/15, 19, 17, 2
2021/9/16, 21, 19, 
2021/9/17, 27, 25, 
2021/9/18, 33, 28, 12
2021/9/19, 39, 16, 
2021/9/20, 24, 26, 
2021/9/21, 27, 58, 
2021/9/22, 36, 14, 
2021/9/23, 12, 15, 1
2021/9/24, 16, 20, 10
2021/9/25, 25, 20, 11
2021/9/26, 25, 16, 14
2021/9/27, 23, 17, 11
2021/9/28, 22, 24, 1
2021/9/29, 28, 25, 9
2021/9/30, 38, 24, 7
2021/10/1, 44, 15, 2
2021/6/2, 14, 16, 
2021/6/3, 19, 18, 2
2021/6/4, 13, 8, 
2021/6/5, 7, 6, 
2021/6/6, 9, 6, 
2021/6/7, 9, 6, 
2021/6/8, 21, 17, 8
2021/6/9, 18, 18, 2
2021/6/10, 17, 18, 
2021/6/11, 10, 10, 
2021/6/12, 20, 16, 
2021/6/13, 31, 20, 20
2021/6/14, 26, 18, 7
2021/6/15, 24, 23, 1
2021/6/16, 33, 26, 5
2021/6/17, 32, 20, 14
2021/6/18, 9, 9, 
2021/6/19, 13, 10, 
2021/6/20, 18, 12, 
2021/6/21, 11, 10, 
2021/6/22, 13, 13, 
2021/6/23, 19, 18, 
2021/6/24, 70, 41, 
2021/6/25, 26, 12, 8
2021/6/26, 11, 5, 
2021/6/27, 14, 7, 
2021/6/28, 10, 5, 
2021/6/29, 8, 6, 
2021/6/30, 25, 13, 16
2021/7/1, 14, 9, 2
2023/7/17, , 9, 
2022/7/13, , 15, 
2022/4/19, , 21, 
2022/5/25, , 10, 
2021/12/23, , 22, 27
2021/8/9, , 24, 1
2021/4/2, , 10, 
2021/4/3, , 8, 
2021/4/4, , 9, 
2021/4/5, , 6, 
2021/4/6, , 6, 
2021/4/7, , 7, 
2021/4/8, , 8, 
2021/4/9, , 13, 
2021/4/10, , 11, 2
2021/4/11, , 14, 11
2021/4/12, , 15, 
2021/4/13, , 15, 
2021/4/14, , 21, 6
2021/4/15, , 21, 8
2021/4/16, , 15, 
2021/4/17, , 14, 
2021/4/18, , 22, 
2021/4/19, , 12, 
2021/4/20, , 17, 
2021/4/21, , 21, 2
2021/4/22, , 14, 
2021/4/23, , 14, 
2021/4/24, , 13, 
2021/4/25, , 10, 
2021/4/26, , 9, 
2021/4/27, , 9, 
2021/4/28, , 10, 
2021/4/29, , 13, 
2021/4/30, , 14, 
2021/5/1, , 13, 
2021/5/2, , 8, 
2021/5/3, , 8, 
2021/5/4, , 11, 
2021/5/5, , 14, 
2021/5/6, , 8, 
2021/5/7, , 13, 
2021/5/8, , 11, 
2021/5/9, , 11, 
2021/5/10, , 12, 
2021/5/11, , 11, 
2021/5/12, , 10, 
2021/5/13, , 9, 
2021/5/14, , 10, 
2021/5/15, , 11, 
2021/5/16, , 12, 
2021/5/17, , 9, 
2021/5/18, , 9, 
2021/5/19, , 12, 
2021/5/20, , 15, 
2021/5/21, , 12, 
2021/5/22, , 11, 
2021/5/23, , 12, 37
2021/5/24, , 10, 
2021/5/25, , 13, 
2021/5/26, , 20, 2
2021/5/27, , 21, 
2021/5/28, , 14, 
2021/5/29, , 15, 
2021/5/30, , 16, 
2021/5/31, , 12, 
2021/6/1, , 18, 
2021/1/5, , 6, 
2021/1/6, , 8, 
2021/1/7, , 13, 
2021/1/8, , 9, 
2021/1/9, , 8, 
2021/1/10, , 9, 6
2021/1/11, , 8, 13
2021/1/12, , 12, 
2021/1/13, , 8, 
2021/1/14, , 7, 
2021/1/15, , 12, 
2021/1/16, , 13, 
2021/1/17, , 21, 
2021/1/18, , 20, 
2021/1/19, , 18, 
2021/1/20, , 14, 4
2021/1/21, , 13, 15
2021/1/22, , 22, 6
2021/1/23, , 12, 1
2021/1/24, , 13, 
2021/1/25, , 14, 2
2021/1/26, , 16, 15
2021/1/27, , 22, 15
2021/1/28, , 27, 2
2021/1/29, , 12, 
2021/1/30, , 13, 10
2021/1/31, , 15, 
2021/2/1, , 14, 
2021/2/2, , 18, 25
2021/2/3, , 61, 10
2021/2/4, , 17, 1
2021/2/5, , 13, 
2021/2/6, , 9, 6
2021/2/7, , 9, 
2021/2/8, , 5, 
2021/2/9, , 11, 
2021/2/10, , 11, 
2021/2/11, , 12, 6
2021/2/12, , 12, 
2021/2/13, , 9, 
2021/2/14, , 10, 23
2021/2/15, , 11, 
2021/2/16, , 53, 
2021/2/17, , 10, 
2021/2/18, , 6, 
2021/2/19, , 7, 
2021/2/20, , 7, 
2021/2/21, , 6, 
2021/2/22, , 7, 
2021/2/23, , 8, 24
2021/2/24, , 18, 
2021/2/25, , 19, 3
2021/2/26, , 19, 
2021/2/27, , 17, 
2021/2/28, , 15, 
2021/3/1, , 16, 
2021/3/2, , 9, 
2021/3/3, , 10, 
2021/3/4, , 11, 
2021/3/5, , 21, 
2021/3/6, , 17, 26
2021/3/7, , 23, 6
2021/3/8, , 24, 
2021/3/9, , 14, 
2021/3/10, , 13, 12
2021/3/11, , 17, 11
2021/3/12, , 18, 5
2021/3/13, , 15, 2
2021/3/14, , 17, 10
2021/3/15, , 9, 
2021/3/16, , 9, 
2021/3/17, , 7, 
2021/3/18, , 6, 
2021/3/19, , 7, 
2021/3/20, , 7, 
2021/3/21, , 8, 7
2021/3/22, , 10, 7
2021/3/23, , 13, 18
2021/3/24, , 11, 
2021/3/25, , 4, 
2021/3/26, , 6, 
2021/3/27, , 8, 
2021/3/28, , 10, 
2021/3/29, , 8, 
2021/3/30, , 8, 
2021/3/31, , 11, 
2021/4/1, , 9, 
2020/10/2, , 12, 
2020/10/3, , 14, 
2020/10/4, , 16, 
2020/10/5, , 20, 18
2020/10/6, , 22, 2
2020/10/7, , 34, 
2020/10/8, , 19, 
2020/10/9, , 9, 
2020/10/10, , 8, 
2020/10/11, , 9, 19
2020/10/12, , 9, 9
2020/10/13, , 12, 5
2020/10/14, , 14, 
2020/10/15, , 12, 4
2020/10/16, , 13, 1
2020/10/17, , 20, 1
2020/10/18, , 20, 7
2020/10/19, , 29, 
2020/10/20, , 14, 2
2020/10/21, , 14, 4
2020/10/22, , 19, 3
2020/10/23, , 36, 7
2020/10/24, , 17, 15
2020/10/25, , 15, 
2020/10/26, , 9, 6
2020/10/27, , 14, 
2020/10/28, , 8, 
2020/10/29, , 10, 
2020/10/30, , 10, 12
2020/10/31, , 24, 
2020/11/1, , 17, 
2020/11/2, , 15, 
2020/11/3, , 10, 
2020/11/4, , 17, 9
2020/11/5, , 26, 10
2020/11/6, , 26, 
2020/11/7, , 21, 
2020/11/8, , 14, 29
2020/11/9, , 11, 19
2020/11/10, , 18, 23
2020/11/11, , 31, 6
2020/11/12, , 39, 25
2020/11/13, , 23, 15
2020/11/14, , 26, 15
2020/11/15, , 25, 16
2020/11/16, , 28, 
2020/11/17, , 14, 
2020/11/18, , 28, 
2020/11/19, , 21, 
2020/11/20, , 21, 
2020/11/21, , 18, 
2020/11/22, , 15, 
2020/11/23, , 21, 
2020/11/24, , 18, 5
2020/11/25, , 24, 20
2020/11/26, , 14, 10
2020/11/27, , 49, 14
2020/11/28, , 28, 4
2020/11/29, , 18, 21
2020/11/30, , 19, 25
2020/12/1, , 21, 15
2020/12/2, , 21, 27
2020/12/3, , 47, 
2020/12/4, , 22, 2
2020/12/5, , 20, 1
2020/12/6, , 26, 9
2020/12/7, , 35, 
2020/12/8, , 31, 
2020/12/9, , 16, 9
2020/12/10, , 17, 16
2020/12/11, , 14, 1
2020/12/12, , 17, 
2020/12/13, , 12, 18
2020/12/14, , 16, 46
2020/12/15, , 13, 2
2020/12/16, , 19, 
2020/12/17, , 17, 
2020/12/18, , 16, 
2020/12/19, , 20, 
2020/12/20, , 12, 
2020/12/21, , 19, 
2020/12/22, , 9, 
2020/12/23, , 6, 
2020/12/24, , 6, 
2020/12/25, , 7, 
2020/12/26, , 7, 
2020/12/27, , 8, 
2020/12/28, , 7, 
2020/12/29, , 14, 
2020/12/30, , 6, 
2020/12/31, , 4, 
2021/1/1, , 5, 
2021/1/2, , 5, 
2021/1/3, , 8, 
2021/1/4, , 6, 
2020/7/2, , 18, 
2020/7/3, , 13, 
2020/7/4, , 14, 
2020/7/5, , 13, 
2020/7/6, , 8, 
2020/7/7, , 7, 
2020/7/8, , 12, 
2020/7/9, , 16, 
2020/7/10, , 17, 1
2020/7/11, , 15, 
2020/7/12, , 11, 
2020/7/13, , 13, 1
2020/7/14, , 8, 40
2020/7/15, , 9, 
2020/7/16, , 9, 
2020/7/17, , 9, 
2020/7/18, , 16, 22
2020/7/19, , 19, 28
2020/7/20, , 13, 
2020/7/21, , 10, 
2020/7/22, , 12, 
2020/7/23, , 12, 
2020/7/24, , 14, 
2020/7/25, , 15, 
2020/7/26, , 13, 
2020/7/27, , 14, 
2020/7/28, , 14, 
2020/7/29, , 11, 
2020/7/30, , 9, 
2020/7/31, , 9, 
2020/8/1, , 9, 
2020/8/2, , 14, 
2020/8/3, , 19, 12
2020/8/4, , 18, 25
2020/8/5, , 21, 
2020/8/6, , 22, 3
2020/8/7, , 36, 19
2020/8/8, , 15, 
2020/8/9, , 11, 
2020/8/10, , 8, 
2020/8/11, , 9, 1
2020/8/12, , 16, 41
2020/8/13, , 31, 2
2020/8/14, , 26, 26
2020/8/15, , 28, 
2020/8/16, , 8, 
2020/8/17, , 10, 17
2020/8/18, , 21, 18
2020/8/19, , 33, 26
2020/8/20, , 27, 
2020/8/21, , 14, 
2020/8/22, , 13, 
2020/8/23, , 10, 
2020/8/24, , 10, 
2020/8/25, , 12, 
2020/8/26, , 13, 
2020/8/27, , 10, 
2020/8/28, , 10, 
2020/8/29, , 14, 
2020/8/30, , 18, 19
2020/8/31, , 18, 1
2020/9/1, , 16, 
2020/9/2, , 18, 3
2020/9/3, , 16, 5
2020/9/4, , 23, 35
2020/9/5, , 21, 
2020/9/6, , 15, 
2020/9/7, , 16, 
2020/9/8, , 17, 
2020/9/9, , 13, 
2020/9/10, , 12, 
2020/9/11, , 13, 
2020/9/12, , 19, 
2020/9/13, , 18, 
2020/9/14, , 11, 
2020/9/15, , 12, 
2020/9/16, , 15, 
2020/9/17, , 15, 4
2020/9/18, , 20, 13
2020/9/19, , 24, 
2020/9/20, , 15, 
2020/9/21, , 17, 
2020/9/22, , 18, 17
2020/9/23, , 18, 6
2020/9/24, , 12, 
2020/9/25, , 10, 2
2020/9/26, , 12, 
2020/9/27, , 15, 
2020/9/28, , 44, 
2020/9/29, , 12, 25
2020/9/30, , 22, 9
2020/10/1, , 24, 
2020/4/2, , 15, 
2020/4/3, , 17, 2
2020/4/4, , 20, 1
2020/4/5, , 24, 1
2020/4/6, , 20, 
2020/4/7, , 14, 3
2020/4/8, , 14, 1
2020/4/9, , 17, 
2020/4/10, , 14, 
2020/4/11, , 12, 1
2020/4/12, , 11, 
2020/4/13, , 11, 1
2020/4/14, , 13, 1
2020/4/15, , 22, 9
2020/4/16, , 19, 2
2020/4/17, , 19, 1
2020/4/18, , 18, 1
2020/4/19, , 23, 1
2020/4/20, , 15, 
2020/4/21, , 15, 
2020/4/22, , 13, 1
2020/4/23, , 10, 
2020/4/24, , 14, 
2020/4/25, , 15, 
2020/4/26, , 16, 
2020/4/27, , 16, 1
2020/4/28, , 14, 1
2020/4/29, , 16, 4
2020/4/30, , 24, 2
2020/5/1, , 29, 
2020/5/2, , 20, 
2020/5/3, , 10, 
2020/5/4, , 10, 
2020/5/5, , 8, 1
2020/5/6, , 9, 
2020/5/7, , 16, 5
2020/5/8, , 18, 1
2020/5/9, , 21, 2
2020/5/10, , 22, 1
2020/5/11, , 26, 1
2020/5/12, , 29, 7
2020/5/13, , 19, 1
2020/5/14, , 20, 
2020/5/15, , 14, 
2020/5/16, , 12, 1
2020/5/17, , 12, 1
2020/5/18, , 13, 1
2020/5/19, , 12, 1
2020/5/20, , 14, 1
2020/5/21, , 15, 
2020/5/22, , 10, 1
2020/5/23, , 9, 1
2020/5/24, , 14, 
2020/5/25, , 8, 
2020/5/26, , 7, 1
2020/5/27, , 12, 1
2020/5/28, , 11, 1
2020/5/29, , 9, 1
2020/5/30, , 7, 1
2020/5/31, , 15, 14
2020/6/1, , 16, 1
2020/6/2, , 9, 
2020/6/3, , 8, 1
2020/6/4, , 9, 1
2020/6/5, , 6, 1
2020/6/6, , 14, 7
2020/6/7, , 14, 1
2020/6/8, , 8, 1
2020/6/9, , 10, 
2020/6/10, , 11, 1
2020/6/11, , 12, 
2020/6/12, , 11, 59
2020/6/13, , 19, 62
2020/6/14, , 22, 63
2020/6/15, , 12, 94
2020/6/16, , 10, 
2020/6/17, , 9, 
2020/6/18, , 9, 
2020/6/19, , 12, 
2020/6/20, , 9, 
2020/6/21, , 16, 
2020/6/22, , 13, 
2020/6/23, , 10, 
2020/6/24, , 12, 
2020/6/25, , 14, 
2020/6/26, , 12, 
2020/6/27, , 10, 2
2020/6/28, , 10, 
2020/6/29, , 13, 
2020/6/30, , 20, 
2020/7/1, , 18, 
2020/1/2, , 27, 13
2020/1/3, , 23, 
2020/1/4, , 14, 
2020/1/5, , 18, 5
2020/1/6, , 19, 4
2020/1/7, , 45, 15
2020/1/8, , 34, 4
2020/1/9, , 16, 
2020/1/10, , 14, 8
2020/1/11, , 17, 4
2020/1/12, , 24, 13
2020/1/13, , 91, 15
2020/1/14, , 39, 7
2020/1/15, , 44, 6
2020/1/16, , 44, 18
2020/1/17, , 47, 7
2020/1/18, , 103, 2
2020/1/19, , 53, 5
2020/1/20, , 42, 3
2020/1/21, , 17, 9
2020/1/22, , 27, 6
2020/1/23, , 13, 
2020/1/24, , 11, 9
2020/1/25, , 14, 1
2020/1/26, , 7, 
2020/1/27, , 6, 
2020/1/28, , 5, 
2020/1/29, , 6, 
2020/1/30, , 5, 
2020/1/31, , 9, 
2020/2/1, , 10, 
2020/2/2, , 6, 12
2020/2/3, , 14, 15
2020/2/4, , 17, 8
2020/2/5, , 26, 1
2020/2/6, , 8, 13
2020/2/7, , 14, 19
2020/2/8, , 25, 6
2020/2/9, , 16, 16
2020/2/10, , 17, 3
2020/2/11, , 34, 
2020/2/12, , 34, 
2020/2/13, , 44, 1
2020/2/14, , 38, 5
2020/2/15, , 32, 
2020/2/16, , 31, 
2020/2/17, , 46, 14
2020/2/18, , 26, 
2020/2/19, , 24, 5
2020/2/20, , 47, 2
2020/2/21, , 116, 
2020/2/22, , 56, 
2020/2/23, , 33, 
2020/2/24, , 11, 
2020/2/25, , 7, 
2020/2/26, , 12, 
2020/2/27, , 25, 14
2020/2/28, , 25, 
2020/2/29, , 15, 
2020/3/1, , 19, 3
2020/3/2, , 23, 
2020/3/3, , 16, 
2020/3/4, , 8, 1
2020/3/5, , 8, 
2020/3/6, , 5, 
2020/3/7, , 8, 
2020/3/8, , 10, 
2020/3/9, , 7, 
2020/3/10, , 8, 
2020/3/11, , 10, 
2020/3/12, , 8, 
2020/3/13, , 10, 
2020/3/14, , 9, 
2020/3/15, , 8, 
2020/3/16, , 37, 4
2020/3/17, , 34, 
2020/3/18, , 17, 
2020/3/19, , 13, 
2020/3/20, , 11, 
2020/3/21, , 11, 
2020/3/22, , 14, 
2020/3/23, , 13, 
2020/3/24, , 12, 
2020/3/25, , 11, 
2020/3/26, , 12, 
2020/3/27, , 13, 
2020/3/28, , 13, 
2020/3/29, , 13, 
2020/3/30, , 10, 
2019/10/2, , 27, 
2019/10/3, , 20, 
2019/10/4, , 18, 
2019/10/5, , 21, 
2019/10/6, , 20, 
2019/10/7, , 19, 
2019/10/8, , 28, 
2019/10/9, , 23, 
2019/10/14, , 26, 
2019/10/15, , 35, 
2019/10/16, , 35, 
2019/10/17, , 48, 
2019/10/18, , 102, 
2019/10/19, , 48, 
2019/10/20, , 20, 
2019/10/21, , 30, 
2019/10/22, , 21, 
2019/10/23, , 30, 
2019/10/24, , 28, 
2019/10/25, , 19, 
2019/10/26, , 21, 
2019/10/27, , 32, 
2019/10/28, , 42, 
2019/10/29, , 42, 
2019/10/30, , 19, 
2019/10/31, , 19, 
2019/11/1, , 18, 
2019/11/2, , 31, 
2019/11/3, , 26, 
2019/11/4, , 27, 
2019/11/5, , 97, 
2019/11/6, , 33, 
2019/11/7, , 27, 
2019/11/8, , 20, 
2019/11/9, , 20, 
2019/11/10, , 77, 
2019/11/11, , 64, 
2019/11/12, , 49, 
2019/11/13, , 52, 
2019/11/14, , 105, 
2019/11/15, , 50, 
2019/11/16, , 16, 
2019/11/17, , 20, 
2019/11/18, , 20, 
2019/11/19, , 17, 
2019/11/20, , 21, 
2019/11/21, , 34, 
2019/11/22, , 37, 
2019/11/23, , 26, 
2019/11/24, , 27, 
2019/11/25, , 48, 
2019/11/26, , 26, 
2019/11/27, , 30, 
2019/11/28, , 121, 
2019/11/29, , 39, 
2019/11/30, , 31, 
2019/12/1, , 24, 
2019/12/2, , 120, 
2019/12/3, , 25, 
2019/12/4, , 25, 
2019/12/5, , 35, 
2019/12/6, , 17, 
2019/12/7, , 21, 
2019/12/8, , 17, 
2019/12/9, , 21, 
2019/12/10, , 28, 
2019/12/11, , 27, 
2019/12/12, , 24, 
2019/12/13, , 25, 
2019/12/14, , 37, 
2019/12/15, , 26, 
2019/12/16, , 24, 
2019/12/17, , 25, 
2019/12/18, , 31, 
2019/12/19, , 31, 
2019/12/20, , 30, 
2019/12/21, , 23, 
2019/12/22, , 27, 
2019/12/23, , 24, 
2019/12/24, , 32, 
2019/12/25, , 39, 
2019/12/26, , 60, 
2019/12/27, , 39, 
2019/12/28, , 35, 
2019/12/29, , 16, 3
2019/12/30, , 18, 
2019/7/2, , 29, 
2019/7/3, , 23, 
2019/7/4, , 15, 
2019/7/5, , 16, 
2019/7/6, , 20, 
2019/7/7, , 10, 
2019/7/8, , 8, 
2019/7/9, , 8, 
2019/7/10, , 9, 
2019/7/11, , 8, 
2019/7/12, , 12, 
2019/7/13, , 15, 
2019/7/14, , 15, 
2019/7/15, , 15, 
2019/7/16, , 13, 
2019/7/17, , 12, 
2019/7/18, , 10, 
2019/7/19, , 10, 
2019/7/20, , 11, 
2019/7/21, , 19, 
2019/7/22, , 28, 
2019/7/23, , 26, 
2019/7/24, , 19, 
2019/7/25, , 13, 
2019/7/26, , 14, 
2019/7/27, , 18, 
2019/7/28, , 20, 
2019/7/29, , 20, 
2019/7/30, , 19, 
2019/7/31, , 19, 
2019/8/1, , 15, 
2019/8/2, , 16, 
2019/8/3, , 11, 
2019/8/4, , 13, 
2019/8/5, , 13, 
2019/8/6, , 12, 
2019/8/7, , 12, 
2019/8/8, , 17, 
2019/8/9, , 39, 
2019/8/10, , 25, 
2019/8/11, , 16, 
2019/8/12, , 13, 
2019/8/13, , 13, 
2019/8/14, , 14, 
2019/8/15, , 16, 
2019/8/16, , 22, 
2019/8/17, , 30, 
2019/8/18, , 32, 
2019/8/19, , 34, 
2019/8/20, , 94, 
2019/8/21, , 45, 
2019/8/22, , 16, 
2019/8/23, , 13, 
2019/8/24, , 13, 
2019/8/25, , 20, 
2019/8/26, , 20, 
2019/8/27, , 15, 
2019/8/28, , 18, 
2019/8/29, , 18, 
2019/8/30, , 16, 
2019/8/31, , 12, 
2019/9/1, , 12, 
2019/9/2, , 14, 
2019/9/3, , 14, 
2019/9/4, , 20, 
2019/9/5, , 22, 
2019/9/6, , 26, 
2019/9/7, , 34, 
2019/9/8, , 86, 
2019/9/9, , 81, 
2019/9/10, , 49, 
2019/9/11, , 28, 
2019/9/12, , 22, 
2019/9/13, , 25, 
2019/9/14, , 27, 
2019/9/15, , 24, 
2019/9/16, , 23, 
2019/9/17, , 26, 
2019/9/18, , 29, 
2019/9/19, , 49, 
2019/9/20, , 10, 
2019/9/21, , 24, 
2019/9/22, , 124, 
2019/9/23, , 121, 
2019/9/24, , 50, 
2019/9/25, , 34, 
2019/9/26, , 30, 
2019/9/27, , 27, 
2019/9/28, , 26, 
2019/9/29, , 15, 
2019/9/30, , 14, 
2019/10/1, , 22, 
2019/4/2, , 67, 
2019/4/3, , 38, 
2019/4/4, , 27, 
2019/4/5, , 16, 
2019/4/6, , 15, 
2019/4/7, , 13, 
2019/4/8, , 12, 
2019/4/9, , 15, 
2019/4/10, , 18, 
2019/4/11, , 15, 
2019/4/12, , 19, 
2019/4/13, , 21, 
2019/4/14, , 20, 
2019/4/15, , 15, 
2019/4/16, , 14, 
2019/4/17, , 13, 
2019/4/18, , 14, 
2019/4/19, , 14, 
2019/4/20, , 12, 
2019/4/21, , 12, 
2019/4/22, , 12, 
2019/4/23, , 12, 
2019/4/24, , 14, 
2019/4/25, , 12, 
2019/4/26, , 8, 
2019/4/27, , 7, 
2019/4/28, , 9, 
2019/4/29, , 10, 
2019/4/30, , 13, 
2019/5/1, , 17, 
2019/5/2, , 24, 
2019/5/3, , 17, 
2019/5/4, , 10, 
2019/5/5, , 6, 
2019/5/6, , 3, 
2019/5/7, , 5, 
2019/5/8, , 7, 
2019/5/9, , 10, 
2019/5/10, , 8, 
2019/5/11, , 24, 
2019/5/12, , 22, 
2019/5/13, , 11, 
2019/5/14, , 12, 
2019/5/15, , 20, 
2019/5/16, , 17, 
2019/5/17, , 13, 
2019/5/18, , 11, 
2019/5/19, , 11, 
2019/5/20, , 10, 
2019/5/21, , 12, 
2019/5/22, , 13, 
2019/5/23, , 6, 
2019/5/24, , 9, 
2019/5/25, , 12, 
2019/5/26, , 12, 
2019/5/27, , 11, 
2019/5/28, , 12, 
2019/5/29, , 10, 
2019/5/30, , 10, 
2019/5/31, , 12, 
2019/6/1, , 18, 
2019/6/2, , 13, 
2019/6/3, , 10, 
2019/6/4, , 9, 
2019/6/5, , 14, 
2019/6/6, , 18, 
2019/6/7, , 11, 
2019/6/8, , 11, 
2019/6/9, , 15, 
2019/6/10, , 8, 
2019/6/11, , 14, 
2019/6/12, , 15, 
2019/6/13, , 15, 
2019/6/14, , 20, 
2019/6/15, , 14, 
2019/6/16, , 11, 
2019/6/17, , 11, 
2019/6/18, , 9, 
2019/6/19, , 10, 
2019/6/20, , 10, 
2019/6/21, , 10, 
2019/6/22, , 8, 
2019/6/23, , 8, 
2019/6/24, , 9, 
2019/6/25, , 8, 
2019/6/26, , 13, 
2019/6/27, , 15, 
2019/6/28, , 18, 
2019/6/29, , 21, 
2019/6/30, , 19, 
2019/7/1, , 18, 
2019/1/4, , 7, 
2019/1/5, , 19, 
2019/1/6, , 27, 
2019/1/7, , 19, 
2019/1/8, , 24, 
2019/1/9, , 36, 
2019/1/10, , 49, 
2019/1/11, , 53, 
2019/1/12, , 30, 
2019/1/13, , 13, 
2019/1/14, , 9, 
2019/1/15, , 15, 
2019/1/16, , 20, 
2019/1/17, , 18, 
2019/1/18, , 18, 
2019/1/19, , 19, 
2019/1/20, , 19, 
2019/1/21, , 12, 
2019/1/22, , 13, 
2019/1/23, , 16, 
2019/1/24, , 16, 
2019/1/25, , 21, 
2019/1/26, , 21, 
2019/1/27, , 19, 
2019/1/28, , 11, 
2019/1/29, , 9, 
2019/1/30, , 10, 
2019/1/31, , 7, 
2019/2/1, , 6, 
2019/2/2, , 3, 
2019/2/4, , 1, 
2019/2/5, , 1, 
2019/2/6, , 2, 
2019/2/7, , 2, 
2019/2/8, , 3, 
2019/2/9, , 5, 
2019/2/10, , 18, 
2019/2/11, , 49, 
2019/2/12, , 37, 
2019/2/13, , 23, 
2019/2/14, , 27, 
2019/2/15, , 75, 
2019/2/16, , 51, 
2019/2/17, , 30, 
2019/2/18, , 31, 
2019/2/19, , 38, 
2019/2/20, , 33, 
2019/2/21, , 35, 
2019/2/22, , 36, 
2019/2/23, , 32, 
2019/2/24, , 41, 
2019/2/25, , 34, 
2019/2/26, , 27, 
2019/2/27, , 17, 
2019/2/28, , 14, 
2019/3/1, , 16, 
2019/3/2, , 63, 
2019/3/3, , 156, 
2019/3/4, , 200, 
2019/3/5, , 343, 
2019/3/6, , 9, 
2019/3/7, , 11, 
2019/3/8, , 53, 
2019/3/9, , 91, 
2019/3/10, , 27, 
2019/3/11, , 8, 
2019/3/12, , 10, 
2019/3/13, , 18, 
2019/3/14, , 21, 
2019/3/15, , 20, 
2019/3/16, , 17, 
2019/3/17, , 14, 
2019/3/18, , 16, 
2019/3/19, , 20, 
2019/3/20, , 22, 
2019/3/21, , 19, 
2019/3/22, , 14, 
2019/3/23, , 14, 
2019/3/24, , 12, 
2019/3/25, , 12, 
2019/3/26, , 14, 
2019/3/27, , 15, 
2019/3/28, , 4, 
2019/3/29, , 1, 
2019/3/30, , 2, 
2019/3/31, , 33, 
2019/4/1, , 270, 
2018/10/2, , 24, 
2018/10/3, , 29, 
2018/10/4, , 29, 
2018/10/5, , 46, 
2018/10/6, , 32, 
2018/10/7, , 17, 
2018/10/8, , 16, 
2018/10/9, , 18, 
2018/10/10, , 20, 
2018/10/11, , 31, 
2018/10/12, , 25, 
2018/10/13, , 16, 
2018/10/14, , 14, 
2018/10/15, , 31, 
2018/10/16, , 35, 
2018/10/17, , 28, 
2018/10/18, , 14, 
2018/10/19, , 10, 
2018/10/20, , 14, 
2018/10/21, , 34, 
2018/10/22, , 86, 
2018/10/23, , 52, 
2018/11/1, , 25, 
2018/11/2, , 28, 
2018/11/3, , 45, 
2018/11/4, , 30, 
2018/11/5, , 14, 
2018/11/6, , 26, 
2018/11/7, , 32, 
2018/11/8, , 29, 
2018/11/9, , 25, 
2018/11/10, , 11, 
2018/11/11, , 13, 
2018/11/12, , 15, 
2018/11/13, , 31, 
2018/11/14, , 29, 
2018/11/15, , 26, 
2018/11/16, , 24, 
2018/11/17, , 23, 
2018/11/18, , 21, 
2018/11/19, , 27, 
2018/11/20, , 22, 
2018/11/21, , 19, 
2018/11/22, , 33, 
2018/11/23, , 22, 
2018/11/24, , 8, 
2018/11/25, , 13, 
2018/11/26, , 27, 
2018/11/27, , 28, 
2018/11/28, , 51, 
2018/11/29, , 29, 
2018/11/30, , 9, 
2018/12/1, , 11, 
2018/12/2, , 13, 
2018/12/3, , 18, 
2018/12/4, , 25, 
2018/12/5, , 22, 
2018/12/6, , 17, 
2018/12/7, , 25, 
2018/12/8, , 23, 
2018/12/9, , 12, 
2018/12/10, , 10, 
2018/12/11, , 14, 
2018/12/12, , 13, 
2018/12/13, , 17, 
2018/12/14, , 21, 
2018/12/15, , 39, 
2018/12/16, , 64, 
2018/12/17, , 31, 
2018/12/18, , 18, 
2018/12/19, , 23, 
2018/12/20, , 34, 
2018/12/21, , 33, 
2018/12/22, , 39, 
2018/12/23, , 66, 
2018/12/24, , 67, 
2018/12/25, , 31, 
2018/12/26, , 21, 
2018/12/27, , 18, 
2018/12/28, , 15, 
2018/12/29, , 15, 
2018/12/30, , 5, 
2018/7/2, , 10, 
2018/7/3, , 9, 
2018/7/4, , 7, 
2018/7/5, , 8, 
2018/7/6, , 12, 
2018/7/7, , 23, 
2018/7/8, , 24, 
2018/7/9, , 19, 
2018/7/10, , 18, 
2018/7/11, , 13, 
2018/7/12, , 9, 
2018/7/13, , 11, 
2018/7/14, , 12, 
2018/7/15, , 14, 
2018/7/16, , 21, 
2018/7/17, , 22, 
2018/7/18, , 16, 
2018/7/19, , 17, 
2018/7/20, , 27, 
2018/7/21, , 23, 
2018/7/22, , 22, 
2018/7/23, , 23, 
2018/7/24, , 26, 
2018/7/25, , 29, 
2018/7/26, , 27, 
2018/7/27, , 35, 
2018/7/28, , 38, 
2018/7/29, , 35, 
2018/7/30, , 23, 
2018/7/31, , 10, 
2018/8/1, , 8, 
2018/8/2, , 12, 
2018/8/3, , 19, 
2018/8/4, , 64, 
2018/8/5, , 49, 
2018/8/6, , 27, 
2018/8/7, , 49, 
2018/8/8, , 22, 
2018/8/9, , 14, 
2018/8/10, , 14, 
2018/8/11, , 22, 
2018/8/12, , 55, 
2018/8/13, , 43, 
2018/8/14, , 22, 
2018/8/15, , 14, 
2018/8/16, , 22, 
2018/8/17, , 32, 
2018/8/18, , 26, 
2018/8/19, , 22, 
2018/8/20, , 22, 
2018/8/21, , 20, 
2018/8/22, , 18, 
2018/8/23, , 30, 
2018/8/24, , 35, 
2018/8/25, , 32, 
2018/8/26, , 17, 
2018/8/27, , 12, 
2018/8/28, , 16, 
2018/8/29, , 18, 
2018/8/30, , 18, 
2018/8/31, , 31, 
2018/9/1, , 39, 
2018/9/2, , 30, 
2018/9/3, , 25, 
2018/9/4, , 15, 
2018/9/5, , 10, 
2018/9/6, , 11, 
2018/9/7, , 18, 
2018/9/8, , 31, 
2018/9/9, , 28, 
2018/9/10, , 13, 
2018/9/11, , 12, 
2018/9/12, , 18, 
2018/9/13, , 28, 
2018/9/14, , 29, 
2018/9/15, , 27, 
2018/9/16, , 41, 
2018/9/17, , 85, 
2018/9/18, , 62, 
2018/9/19, , 35, 
2018/9/20, , 39, 
2018/9/21, , 42, 
2018/9/22, , 21, 
2018/9/23, , 19, 
2018/9/24, , 28, 
2018/9/25, , 28, 
2018/9/26, , 17, 
2018/9/27, , 21, 
2018/9/28, , 23, 
2018/9/29, , 26, 
2018/9/30, , 27, 
2018/10/1, , 23, 
2018/4/2, , 10, 
2018/4/3, , 10, 
2018/4/4, , 11, 
2018/4/5, , 12, 
2018/4/6, , 14, 
2018/4/7, , 12, 
2018/4/8, , 10, 
2018/4/9, , 10, 
2018/4/10, , 9, 
2018/4/11, , 10, 
2018/4/12, , 12, 
2018/4/13, , 16, 
2018/4/14, , 18, 
2018/4/15, , 17, 
2018/4/16, , 18, 
2018/4/17, , 16, 
2018/4/18, , 13, 
2018/4/19, , 14, 
2018/4/20, , 18, 
2018/4/21, , 17, 
2018/4/22, , 17, 
2018/4/23, , 15, 
2018/4/24, , 10, 
2018/4/25, , 10, 
2018/4/26, , 12, 
2018/4/27, , 19, 
2018/4/28, , 20, 
2018/4/29, , 16, 
2018/4/30, , 16, 
2018/5/1, , 19, 
2018/5/2, , 18, 
2018/5/3, , 14, 
2018/5/4, , 19, 
2018/5/5, , 24, 
2018/5/6, , 16, 
2018/5/7, , 11, 
2018/5/8, , 16, 
2018/5/9, , 17, 
2018/5/10, , 18, 
2018/5/11, , 15, 
2018/5/12, , 18, 
2018/5/13, , 18, 
2018/5/14, , 16, 
2018/5/15, , 13, 
2018/5/16, , 13, 
2018/5/17, , 11, 
2018/5/18, , 12, 
2018/5/19, , 14, 
2018/5/20, , 12, 
2018/5/21, , 12, 
2018/5/22, , 13, 
2018/5/23, , 13, 
2018/5/24, , 12, 
2018/5/25, , 13, 
2018/5/26, , 19, 
2018/5/27, , 18, 
2018/5/28, , 16, 
2018/5/29, , 17, 
2018/5/30, , 17, 
2018/5/31, , 16, 
2018/6/1, , 19, 
2018/6/2, , 12, 
2018/6/3, , 22, 
2018/6/4, , 29, 
2018/6/5, , 24, 
2018/6/6, , 14, 
2018/6/7, , 14, 
2018/6/8, , 23, 
2018/6/9, , 22, 
2018/6/10, , 23, 
2018/6/11, , 18, 
2018/6/12, , 18, 
2018/6/13, , 25, 
2018/6/14, , 30, 
2018/6/15, , 19, 
2018/6/16, , 9, 
2018/6/17, , 9, 
2018/6/18, , 10, 
2018/6/19, , 7, 
2018/6/20, , 7, 
2018/6/21, , 14, 
2018/6/22, , 12, 
2018/6/23, , 13, 
2018/6/24, , 14, 
2018/6/25, , 13, 
2018/6/26, , 15, 
2018/6/27, , 16, 
2018/6/28, , 15, 
2018/6/29, , 12, 
2018/6/30, , 15, 
2018/7/1, , 15, 
2018/1/2, , 28, 
2018/1/3, , 27, 
2018/1/4, , 13, 
2018/1/5, , 11, 
2018/1/6, , 12, 
2018/1/7, , 14, 
2018/1/8, , 11, 
2018/1/9, , 14, 
2018/1/10, , 18, 
2018/1/11, , 20, 
2018/1/12, , 18, 
2018/1/13, , 15, 
2018/1/14, , 17, 
2018/1/15, , 17, 
2018/1/16, , 23, 
2018/1/17, , 22, 
2018/1/18, , 19, 
2018/1/19, , 14, 
2018/1/20, , 11, 
2018/1/21, , 16, 
2018/1/22, , 13, 
2018/1/23, , 12, 
2018/1/24, , 10, 
2018/1/25, , 10, 
2018/1/26, , 9, 
2018/1/27, , 8, 
2018/1/28, , 7, 
2018/1/29, , 12, 
2018/1/30, , 13, 
2018/1/31, , 12, 
2018/2/1, , 15, 
2018/2/2, , 18, 
2018/2/3, , 17, 
2018/2/4, , 20, 
2018/2/5, , 13, 
2018/2/6, , 6, 
2018/2/7, , 8, 
2018/2/8, , 11, 
2018/2/9, , 11, 
2018/2/10, , 11, 
2018/2/11, , 11, 
2018/2/12, , 14, 
2018/2/13, , 19, 
2018/2/14, , 17, 
2018/2/15, , 20, 
2018/2/16, , 20, 
2018/2/17, , 28, 
2018/2/18, , 19, 
2018/2/19, , 19, 
2018/2/20, , 23, 
2018/2/21, , 25, 
2018/2/22, , 24, 
2018/2/23, , 29, 
2018/2/24, , 22, 
2018/2/25, , 13, 
2018/2/26, , 13, 
2018/2/27, , 17, 
2018/2/28, , 16, 
2018/3/1, , 17, 
2018/3/2, , 15, 
2018/3/3, , 11, 
2018/3/4, , 6, 
2018/3/5, , 7, 
2018/3/6, , 6, 
2018/3/7, , 4, 
2018/3/8, , 6, 
2018/3/9, , 8, 
2018/3/10, , 7, 
2018/3/11, , 8, 
2018/3/12, , 11, 
2018/3/13, , 10, 
2018/3/14, , 9, 
2018/3/15, , 10, 
2018/3/16, , 13, 
2018/3/17, , 13, 
2018/3/18, , 12, 
2018/3/19, , 13, 
2018/3/20, , 4, 
2018/3/23, , 4, 
2018/3/24, , 13, 
2018/3/25, , 10, 
2018/3/26, , 8, 
2018/3/27, , 10, 
2018/3/28, , 9, 
2018/3/29, , 10, 
2018/3/30, , 3, 
2018/3/31, , 12, 
2018/4/1, , 11, 
2017/10/2, , 47, 
2017/10/3, , 9, 
2017/10/4, , 10, 
2017/10/5, , 14, 
2017/10/6, , 18, 
2017/10/7, , 28, 
2017/10/8, , 29, 
2017/10/9, , 20, 
2017/10/10, , 22, 
2017/10/11, , 19, 
2017/10/12, , 23, 
2017/10/13, , 16, 
2017/10/14, , 8, 
2017/10/15, , 9, 
2017/10/16, , 8, 
2017/10/17, , 10, 
2017/10/18, , 10, 
2017/10/19, , 10, 
2017/10/20, , 8, 
2017/10/21, , 10, 
2017/10/22, , 7, 
2017/10/23, , 7, 
2017/10/24, , 9, 
2017/10/25, , 15, 
2017/10/26, , 22, 
2017/10/27, , 21, 
2017/10/28, , 20, 
2017/10/29, , 21, 
2017/10/30, , 17, 
2017/10/31, , 19, 
2017/11/1, , 22, 
2017/11/2, , 11, 
2017/11/3, , 8, 
2017/11/4, , 10, 
2017/11/5, , 19, 
2017/11/6, , 29, 
2017/11/7, , 25, 
2017/11/8, , 19, 
2017/11/9, , 13, 
2017/11/10, , 11, 
2017/11/11, , 14, 
2017/12/21, , 35, 
2017/12/22, , 21, 
2017/12/23, , 18, 
2017/12/24, , 15, 
2017/12/25, , 16, 
2017/12/26, , 14, 
2017/12/27, , 18, 
2017/12/28, , 19, 
2017/12/29, , 20, 
2017/12/30, , 21, 
2017/12/31, , 21, 
2018/1/1, , 34, 
2017/7/2, , 6, 
2017/7/3, , 20, 
2017/7/4, , 22, 
2017/7/5, , 27, 
2017/7/6, , 19, 
2017/7/7, , 18, 
2017/7/8, , 13, 
2017/7/9, , 9, 
2017/7/10, , 7, 
2017/7/11, , 6, 
2017/7/12, , 5, 
2017/7/13, , 6, 
2017/7/14, , 9, 
2017/7/15, , 11, 
2017/7/16, , 12, 
2017/7/17, , 10, 
2017/7/18, , 15, 
2017/7/19, , 22, 
2017/7/20, , 14, 
2017/7/21, , 11, 
2017/7/22, , 12, 
2017/7/23, , 12, 
2017/7/24, , 15, 
2017/7/25, , 14, 
2017/7/26, , 15, 
2017/7/27, , 19, 
2017/7/28, , 16, 
2017/7/29, , 19, 
2017/7/30, , 21, 
2017/7/31, , 25, 
2017/8/1, , 24, 
2017/8/2, , 14, 
2017/8/3, , 19, 
2017/8/4, , 23, 
2017/8/5, , 11, 
2017/8/6, , 14, 
2017/8/7, , 15, 
2017/8/8, , 17, 
2017/8/9, , 18, 
2017/8/10, , 19, 
2017/8/11, , 28, 
2017/8/12, , 32, 
2017/8/13, , 24, 
2017/8/14, , 18, 
2017/8/15, , 19, 
2017/8/16, , 25, 
2017/8/17, , 28, 
2017/8/18, , 28, 
2017/8/19, , 24, 
2017/8/20, , 13, 
2017/8/21, , 10, 
2017/8/22, , 18, 
2017/8/23, , 18, 
2017/8/24, , 15, 
2017/8/25, , 12, 
2017/8/26, , 12, 
2017/8/27, , 10, 
2017/8/28, , 12, 
2017/8/29, , 11, 
2017/8/30, , 9, 
2017/8/31, , 11, 
2017/9/1, , 12, 
2017/9/2, , 15, 
2017/9/3, , 19, 
2017/9/4, , 30, 
2017/9/5, , 28, 
2017/9/6, , 14, 
2017/9/7, , 13, 
2017/9/11, , 15, 
2017/9/12, , 22, 
2017/9/13, , 34, 
2017/9/14, , 39, 
2017/9/15, , 78, 
2017/9/16, , 21, 
2017/9/17, , 9, 
2017/9/18, , 11, 
2017/9/19, , 17, 
2017/9/20, , 28, 
2017/9/21, , 19, 
2017/9/22, , 24, 
2017/9/23, , 30, 
2017/9/24, , 32, 
2017/9/25, , 26, 
2017/9/26, , 33, 
2017/9/27, , 34, 
2017/9/28, , 39, 
2017/9/29, , 31, 
2017/9/30, , 25, 
2017/10/1, , 24, 
2017/4/2, , 16, 
2017/4/3, , 12, 
2017/4/4, , 16, 
2017/4/5, , 18, 
2017/4/6, , 14, 
2017/4/7, , 16, 
2017/4/8, , 13, 
2017/4/9, , 11, 
2017/4/10, , 12, 
2017/4/11, , 16, 
2017/4/12, , 15, 
2017/4/13, , 14, 
2017/4/14, , 18, 
2017/4/15, , 17, 
2017/4/16, , 18, 
2017/4/17, , 19, 
2017/4/18, , 16, 
2017/4/19, , 15, 
2017/4/20, , 14, 
2017/4/21, , 13, 
2017/4/22, , 12, 
2017/4/23, , 13, 
2017/4/24, , 13, 
2017/4/25, , 11, 
2017/4/26, , 22, 
2017/4/27, , 23, 
2017/4/28, , 13, 
2017/4/29, , 12, 
2017/4/30, , 8, 
2017/5/1, , 14, 
2017/5/2, , 26, 
2017/5/3, , 24, 
2017/5/4, , 15, 
2017/5/5, , 16, 
2017/5/6, , 17, 
2017/5/7, , 13, 
2017/5/8, , 12, 
2017/5/9, , 13, 
2017/5/10, , 12, 
2017/5/11, , 11, 
2017/5/12, , 13, 
2017/5/13, , 14, 
2017/5/14, , 19, 
2017/5/15, , 23, 
2017/5/16, , 11, 
2017/5/17, , 9, 
2017/5/18, , 17, 
2017/5/19, , 26, 
2017/5/20, , 19, 
2017/5/21, , 16, 
2017/5/22, , 11, 
2017/5/23, , 18, 
2017/5/24, , 16, 
2017/5/25, , 15, 
2017/5/26, , 13, 
2017/5/27, , 15, 
2017/5/28, , 14, 
2017/5/29, , 16, 
2017/5/30, , 14, 
2017/5/31, , 12, 
2017/6/1, , 13, 
2017/6/2, , 14, 
2017/6/3, , 12, 
2017/6/4, , 13, 
2017/6/5, , 11, 
2017/6/6, , 38, 
2017/6/7, , 9, 
2017/6/8, , 10, 
2017/6/9, , 9, 
2017/6/10, , 11, 
2017/6/11, , 10, 
2017/6/12, , 9, 
2017/6/13, , 10, 
2017/6/14, , 10, 
2017/6/15, , 11, 
2017/6/16, , 13, 
2017/6/17, , 14, 
2017/6/18, , 19, 
2017/6/19, , 13, 
2017/6/20, , 11, 
2017/6/21, , 12, 
2017/6/22, , 14, 
2017/6/23, , 18, 
2017/6/24, , 15, 
2017/6/25, , 18, 
2017/6/26, , 22, 
2017/6/27, , 17, 
2017/6/28, , 26, 
2017/6/29, , 27, 
2017/6/30, , 30, 
2017/7/1, , 17, 
2017/1/3, , 9, 5
2017/1/4, , 9, 11
2017/1/5, , 10, 54
2017/1/6, , 9, 
2017/1/7, , 6, 
2017/1/8, , 4, 
2017/1/9, , 6, 
2017/1/10, , 8, 
2017/1/11, , 8, 
2017/1/12, , 10, 1
2017/1/13, , 9, 
2017/1/14, , 7, 36
2017/1/15, , 8, 28
2017/1/16, , 11, 
2017/1/17, , 6, 
2017/1/18, , 8, 
2017/1/19, , 9, 18
2017/1/20, , 11, 22
2017/1/21, , 12, 25
2017/1/22, , 11, 6
2017/1/23, , 13, 2
2017/1/24, , 12, 
2017/1/25, , 12, 
2017/1/26, , 10, 
2017/1/27, , 11, 14
2017/1/28, , 12, 19
2017/1/29, , 16, 6
2017/1/30, , 18, 
2017/1/31, , 16, 2
2017/2/1, , 12, 
2017/2/2, , 7, 4
2017/2/3, , 7, 1
2017/2/4, , 19, 7
2017/2/5, , 15, 
2017/2/6, , 12, 
2017/2/7, , 10, 5
2017/2/8, , 15, 
2017/2/9, , 11, 
2017/2/10, , 12, 4
2017/2/11, , 14, 
2017/2/12, , 17, 29
2017/2/13, , 17, 12
2017/2/14, , 20, 1
2017/2/15, , 15, 
2017/2/16, , 8, 
2017/2/17, , 7, 
2017/2/18, , 11, 10
2017/2/19, , 9, 24
2017/2/20, , 7, 
2017/2/21, , 7, 
2017/2/22, , 13, 
2017/2/23, , 11, 
2017/2/24, , 8, 32
2017/2/25, , 9, 
2017/2/26, , 10, 12
2017/2/27, , 16, 13
2017/2/28, , 15, 9
2017/3/1, , 19, 9
2017/3/2, , 19, 2
2017/3/3, , 18, 
2017/3/4, , 12, 15
2017/3/5, , 9, 6
2017/3/6, , 10, 35
2017/3/7, , 15, 10
2017/3/8, , 13, 11
2017/3/9, , 12, 
2017/3/10, , 11, 5
2017/3/11, , 10, 6
2017/3/12, , 16, 3
2017/3/13, , 14, 16
2017/3/14, , 12, 2
2017/3/15, , 12, 20
2017/3/16, , 15, 9
2017/3/17, , 23, 
2017/3/18, , 16, 1
2017/3/19, , 16, 11
2017/3/20, , 22, 5
2017/3/21, , 18, 8
2017/3/22, , 16, 14
2017/3/23, , 18, 13
2017/3/24, , 20, 
2017/3/25, , 10, 
2017/3/26, , 12, 9
2017/3/27, , 13, 28
2017/3/28, , 13, 
2017/3/29, , 13, 
2017/3/30, , 15, 
2017/3/31, , 24, 
2017/4/1, , 26, 
2016/10/2, , 15, 
2016/10/3, , 21, 
2016/10/4, , 25, 
2016/10/5, , 11, 
2016/10/6, , 8, 
2016/10/7, , 9, 
2016/10/8, , 11, 
2016/10/9, , 15, 
2016/10/10, , 16, 
2016/10/11, , 27, 
2016/10/12, , 31, 
2016/10/13, , 12, 
2016/10/14, , 10, 
2016/10/15, , 8, 
2016/10/16, , 9, 
2016/10/17, , 26, 
2016/10/18, , 28, 
2016/10/19, , 12, 
2016/10/20, , 11, 
2016/10/21, , 13, 
2016/10/22, , 37, 
2016/10/23, , 23, 
2016/10/24, , 6, 
2016/10/25, , 5, 
2016/10/26, , 8, 
2016/10/27, , 19, 
2016/10/28, , 16, 
2016/10/29, , 14, 
2016/10/30, , 3, 
2016/10/31, , 8, 
2016/11/1, , 19, 
2016/11/2, , 14, 
2016/11/3, , 12, 
2016/11/4, , 12, 
2016/11/5, , 12, 
2016/11/6, , 9, 
2016/11/7, , 10, 
2016/11/8, , 14, 
2016/11/9, , 17, 
2016/11/10, , 23, 
2016/11/11, , 22, 
2016/11/12, , 25, 
2016/11/13, , 23, 
2016/11/14, , 14, 
2016/11/15, , 7, 
2016/11/16, , 7, 
2016/11/17, , 7, 
2016/11/18, , 12, 
2016/11/19, , 21, 
2016/11/20, , 18, 
2016/11/21, , 17, 
2016/11/22, , 23, 
2016/11/23, , 31, 
2016/11/24, , 29, 
2016/11/25, , 30, 
2016/11/26, , 23, 
2016/11/27, , 17, 
2016/11/28, , 15, 
2016/11/29, , 14, 
2016/11/30, , 20, 
2016/12/1, , 16, 
2016/12/2, , 20, 
2016/12/3, , 34, 
2016/12/4, , 24, 
2016/12/5, , 20, 
2016/12/6, , 24, 
2016/12/7, , 29, 
2016/12/8, , 29, 
2016/12/9, , 23, 
2016/12/10, , 16, 
2016/12/11, , 12, 
2016/12/12, , 13, 
2016/12/13, , 9, 
2016/12/14, , 11, 
2016/12/15, , 12, 
2016/12/16, , 18, 
2016/12/17, , 13, 
2016/12/18, , 14, 
2016/12/19, , 15, 
2016/12/20, , 13, 
2016/12/21, , 12, 
2016/12/22, , 11, 
2016/12/23, , 10, 
2016/12/24, , 7, 
2016/12/25, , 12, 
2016/12/26, , 12, 
2016/12/27, , 11, 
2016/12/28, , 9, 
2016/12/29, , 9, 
2016/12/30, , 8, 
2016/12/31, , 7, 
2017/1/1, , 10, 
2017/1/2, , 13, 
2016/7/2, , 14, 
2016/7/3, , 7, 
2016/7/4, , 10, 
2016/7/5, , 22, 
2016/7/6, , 14, 
2016/7/7, , 7, 
2016/7/8, , 9, 
2016/7/9, , 11, 
2016/7/10, , 8, 
2016/7/11, , 20, 
2016/7/12, , 27, 
2016/7/13, , 18, 
2016/7/14, , 12, 
2016/7/15, , 6, 
2016/7/16, , 4, 
2016/7/17, , 5, 
2016/7/18, , 5, 
2016/7/19, , 6, 
2016/7/20, , 14, 
2016/7/21, , 15, 
2016/7/22, , 17, 
2016/7/23, , 20, 
2016/7/24, , 17, 
2016/7/25, , 8, 
2016/7/26, , 8, 
2016/7/27, , 8, 
2016/7/28, , 10, 
2016/7/29, , 9, 
2016/7/30, , 7, 
2016/7/31, , 8, 
2016/8/1, , 10, 
2016/8/2, , 21, 
2016/8/3, , 28, 
2016/8/4, , 14, 
2016/8/5, , 10, 
2016/8/6, , 6, 
2016/8/7, , 9, 
2016/8/8, , 13, 
2016/8/9, , 16, 
2016/8/10, , 17, 
2016/8/11, , 28, 
2016/8/12, , 29, 
2016/8/13, , 12, 
2016/8/14, , 12, 
2016/8/15, , 7, 
2016/8/16, , 10, 
2016/8/17, , 14, 
2016/8/18, , 13, 
2016/8/19, , 14, 
2016/8/20, , 19, 
2016/8/21, , 19, 
2016/8/22, , 13, 
2016/8/23, , 17, 
2016/8/24, , 18, 
2016/8/25, , 9, 
2016/8/26, , 2, 
2016/8/27, , 5, 
2016/8/28, , 6, 
2016/8/29, , 11, 
2016/8/30, , 19, 
2016/8/31, , 23, 
2016/9/1, , 28, 
2016/9/2, , 18, 
2016/9/3, , 14, 
2016/9/4, , 2, 
2016/9/5, , 3, 
2016/9/6, , 5, 
2016/9/7, , 10, 
2016/9/8, , 16, 
2016/9/9, , 16, 
2016/9/10, , 21, 
2016/9/11, , 11, 
2016/9/12, , 7, 
2016/9/13, , 11, 
2016/9/14, , 15, 
2016/9/15, , 24, 
2016/9/16, , 11, 
2016/9/17, , 6, 
2016/9/18, , 11, 
2016/9/19, , 12, 
2016/9/20, , 5, 
2016/9/21, , 11, 
2016/9/22, , 9, 
2016/9/23, , 3, 
2016/9/24, , 6, 
2016/9/25, , 16, 
2016/9/26, , 17, 
2016/9/27, , 7, 
2016/9/28, , 8, 
2016/9/29, , 11, 
2016/9/30, , 20, 
2016/10/1, , 30, 
2016/4/2, , 8, 
2016/4/3, , 9, 
2016/4/4, , 11, 
2016/4/5, , 10, 
2016/4/6, , 19, 
2016/4/7, , 19, 
2016/4/8, , 17, 
2016/4/9, , 16, 
2016/4/10, , 15, 
2016/4/11, , 16, 
2016/4/12, , 16, 
2016/4/13, , 14, 
2016/4/14, , 13, 
2016/4/15, , 13, 
2016/4/16, , 11, 
2016/4/17, , 10, 
2016/4/18, , 13, 
2016/4/19, , 13, 
2016/4/20, , 16, 
2016/4/21, , 15, 
2016/4/22, , 13, 
2016/4/23, , 11, 
2016/4/24, , 14, 
2016/4/25, , 12, 
2016/4/26, , 11, 
2016/4/27, , 14, 
2016/4/28, , 15, 
2016/4/29, , 12, 
2016/4/30, , 12, 
2016/5/1, , 19, 
2016/5/2, , 19, 
2016/5/3, , 20, 
2016/5/4, , 18, 
2016/5/5, , 9, 
2016/5/6, , 7, 
2016/5/7, , 14, 
2016/5/8, , 21, 
2016/5/9, , 20, 
2016/5/10, , 16, 
2016/5/11, , 3, 
2016/5/12, , 6, 
2016/5/13, , 4, 
2016/5/14, , 5, 
2016/5/15, , 10, 
2016/5/16, , 13, 
2016/5/17, , 14, 
2016/5/18, , 16, 
2016/5/19, , 15, 
2016/5/20, , 10, 
2016/5/21, , 10, 
2016/5/22, , 17, 
2016/5/23, , 22, 
2016/5/24, , 11, 
2016/5/25, , 7, 
2016/5/26, , 10, 
2016/5/27, , 20, 
2016/5/28, , 18, 
2016/5/29, , 8, 
2016/5/30, , 7, 
2016/5/31, , 13, 
2016/6/1, , 13, 
2016/6/2, , 13, 
2016/6/3, , 7, 
2016/6/4, , 9, 
2016/6/5, , 4, 
2016/6/6, , 5, 
2016/6/7, , 14, 
2016/6/8, , 16, 
2016/6/9, , 21, 
2016/6/10, , 21, 
2016/6/11, , 8, 
2016/6/12, , 8, 
2016/6/13, , 9, 
2016/6/14, , 9, 
2016/6/15, , 11, 
2016/6/16, , 10, 
2016/6/17, , 10, 
2016/6/18, , 22, 
2016/6/19, , 13, 
2016/6/20, , 6, 
2016/6/21, , 4, 
2016/6/22, , 9, 
2016/6/23, , 22, 
2016/6/24, , 24, 
2016/6/25, , 18, 
2016/6/26, , 5, 
2016/6/27, , 12, 
2016/6/28, , 13, 
2016/6/29, , 4, 
2016/6/30, , 5, 
2016/7/1, , 17, 
2016/1/5, , 17, 
2016/1/6, , 12, 
2016/1/7, , 15, 
2016/1/8, , 13, 
2016/1/9, , 12, 
2016/1/10, , 16, 
2016/1/11, , 25, 
2016/1/12, , 23, 
2016/1/13, , 20, 
2016/1/14, , 21, 
2016/1/15, , 16, 
2016/1/16, , 138, 
2016/1/17, , 96, 
2016/1/18, , 26, 
2016/1/19, , 17, 
2016/1/20, , 12, 
2016/1/21, , 14, 
2016/1/22, , 12, 
2016/1/23, , 17, 
2016/1/24, , 23, 
2016/1/25, , 14, 
2016/1/26, , 12, 
2016/1/27, , 19, 
2016/1/28, , 16, 
2016/1/29, , 14, 
2016/1/30, , 20, 
2016/1/31, , 13, 
2016/2/1, , 9, 
2016/2/2, , 8, 
2016/2/3, , 8, 
2016/2/4, , 8, 
2016/2/5, , 10, 
2016/2/6, , 14, 
2016/2/7, , 11, 
2016/2/8, , 11, 
2016/2/9, , 5, 
2016/2/10, , 7, 
2016/2/11, , 9, 
2016/2/12, , 10, 
2016/2/13, , 11, 
2016/2/14, , 12, 
2016/2/15, , 14, 
2016/2/16, , 20, 
2016/2/17, , 37, 
2016/2/18, , 25, 
2016/2/19, , 15, 
2016/2/20, , 18, 
2016/2/21, , 23, 
2016/2/22, , 15, 
2016/2/23, , 16, 
2016/2/24, , 16, 
2016/2/25, , 14, 
2016/2/26, , 16, 
2016/2/27, , 16, 
2016/2/28, , 35, 
2016/2/29, , 30, 
2016/3/1, , 63, 
2016/3/2, , 43, 
2016/3/3, , 18, 
2016/3/4, , 13, 
2016/3/5, , 13, 
2016/3/6, , 11, 
2016/3/7, , 3, 
2016/3/8, , 3, 
2016/3/9, , 5, 
2016/3/10, , 7, 
2016/3/11, , 6, 
2016/3/12, , 6, 
2016/3/13, , 5, 
2016/3/14, , 4, 
2016/3/15, , 5, 
2016/3/16, , 7, 
2016/3/17, , 6, 
2016/3/18, , 4, 
2016/3/19, , 7, 
2016/3/20, , 18, 
2016/3/21, , 31, 
2016/3/22, , 26, 
2016/3/23, , 9, 
2016/3/24, , 10, 
2016/3/25, , 12, 
2016/3/26, , 14, 
2016/3/27, , 15, 
2016/3/28, , 11, 
2016/3/29, , 13, 
2016/3/30, , 15, 
2016/3/31, , 15, 
2016/4/1, , 8, 
2015/10/2, , 16, 
2015/10/3, , 17, 
2015/10/4, , 18, 
2015/10/5, , 21, 
2015/10/6, , 20, 
2015/10/7, , 19, 
2015/10/8, , 21, 
2015/10/9, , 17, 
2015/10/10, , 17, 
2015/10/11, , 17, 
2015/10/12, , 14, 
2015/10/13, , 17, 42
2015/10/14, , 18, 
2015/10/15, , 15, 10
2015/10/16, , 17, 
2015/10/17, , 16, 
2015/10/18, , 12, 
2015/10/19, , 13, 
2015/10/20, , 17, 
2015/10/21, , 18, 
2015/10/22, , 22, 2
2015/10/23, , 25, 
2015/10/24, , 14, 1
2015/10/25, , 12, 4
2015/10/26, , 20, 12
2015/10/27, , 31, 46
2015/10/28, , 38, 7
2015/10/29, , 26, 
2015/10/30, , 18, 7
2015/10/31, , 16, 
2015/11/1, , 31, 12
2015/11/2, , 24, 17
2015/11/3, , 52, 34
2015/11/4, , 49, 38
2015/11/5, , 19, 15
2015/11/6, , 18, 26
2015/11/7, , 21, 7
2015/11/8, , 14, 
2015/11/9, , 9, 
2015/11/10, , 7, 24
2015/11/11, , 12, 26
2015/11/12, , 21, 15
2015/11/13, , 27, 12
2015/11/14, , 35, 13
2015/11/15, , 23, 
2015/11/16, , 16, 9
2015/11/17, , 8, 
2015/11/18, , 9, 
2015/11/19, , 11, 
2015/11/20, , 11, 
2015/11/21, , 12, 
2015/11/22, , 15, 
2015/11/23, , 24, 
2015/11/24, , 18, 7
2015/11/25, , 14, 14
2015/11/26, , 21, 13
2015/11/27, , 21, 8
2015/11/28, , 37, 
2015/11/29, , 33, 
2015/11/30, , 14, 13
2015/12/1, , 20, 68
2015/12/2, , 17, 26
2015/12/3, , 10, 
2015/12/4, , 13, 
2015/12/5, , 9, 21
2015/12/6, , 19, 11
2015/12/7, , 17, 18
2015/12/8, , 20, 16
2015/12/9, , 23, 28
2015/12/10, , 22, 12
2015/12/11, , 18, 17
2015/12/12, , 26, 1
2015/12/13, , 63, 
2015/12/14, , 70, 7
2015/12/15, , 15, 
2015/12/16, , 16, 5
2015/12/17, , 11, 
2015/12/18, , 11, 
2015/12/19, , 9, 
2015/12/20, , 7, 
2015/12/21, , 9, 
2015/12/22, , 11, 27
2015/12/23, , 13, 20
2015/12/24, , 17, 
2015/12/25, , 10, 
2015/12/26, , 4, 1
2015/12/27, , 4, 
2015/12/28, , 5, 
2015/12/29, , 2, 
2015/12/30, , 3, 
2015/12/31, , 3, 
2016/1/4, , 19, 
2015/7/2, , 4, 
2015/7/3, , 5, 
2015/7/4, , 5, 23
2015/7/5, , 8, 44
2015/7/6, , 19, 8
2015/7/7, , 16, 10
2015/7/8, , 15, 3
2015/7/9, , 16, 10
2015/7/10, , 24, 
2015/7/11, , 23, 3
2015/7/12, , 20, 
2015/7/13, , 22, 
2015/7/14, , 20, 
2015/7/15, , 15, 
2015/7/16, , 11, 
2015/7/17, , 9, 
2015/7/18, , 11, 
2015/7/19, , 9, 
2015/7/20, , 8, 
2015/7/21, , 11, 
2015/7/22, , 26, 27
2015/7/23, , 30, 11
2015/7/24, , 27, 14
2015/7/25, , 40, 9
2015/7/26, , 23, 
2015/7/27, , 14, 
2015/7/28, , 19, 
2015/7/29, , 20, 
2015/7/30, , 11, 6
2015/7/31, , 15, 
2015/8/1, , 24, 
2015/8/2, , 25, 15
2015/8/3, , 29, 2
2015/8/4, , 28, 
2015/8/5, , 20, 
2015/8/6, , 14, 
2015/8/7, , 9, 
2015/8/8, , 8, 
2015/8/9, , 11, 24
2015/8/10, , 17, 8
2015/8/11, , 28, 2
2015/8/12, , 38, 1
2015/8/13, , 47, 
2015/8/14, , 31, 
2015/8/15, , 17, 
2015/8/16, , 14, 
2015/8/17, , 11, 
2015/8/18, , 14, 
2015/8/19, , 14, 
2015/8/20, , 16, 
2015/8/21, , 22, 1
2015/8/22, , 35, 
2015/8/23, , 36, 
2015/8/24, , 36, 13
2015/8/25, , 36, 
2015/8/26, , 19, 2
2015/8/27, , 13, 
2015/8/28, , 16, 
2015/8/29, , 3, 4
2015/8/30, , 6, 
2015/8/31, , 7, 
2015/9/1, , 8, 
2015/9/2, , 15, 35
2015/9/3, , 33, 
2015/9/4, , 43, 
2015/9/5, , 13, 
2015/9/6, , 13, 
2015/9/7, , 10, 
2015/9/8, , 15, 
2015/9/9, , 14, 
2015/9/10, , 15, 
2015/9/11, , 13, 
2015/9/12, , 12, 
2015/9/13, , 16, 
2015/9/14, , 14, 3
2015/9/15, , 18, 1
2015/9/16, , 23, 3
2015/9/17, , 26, 
2015/9/18, , 28, 
2015/9/19, , 15, 
2015/9/20, , 12, 26
2015/9/21, , 11, 
2015/9/22, , 13, 
2015/9/23, , 33, 
2015/9/24, , 38, 
2015/9/25, , 16, 
2015/9/26, , 12, 6
2015/9/27, , 15, 7
2015/9/28, , 20, 1
2015/9/29, , 22, 6
2015/9/30, , 19, 
2015/10/1, , 16, 
2015/4/2, , 14, 
2015/4/3, , 8, 
2015/4/4, , 8, 
2015/4/5, , 9, 
2015/4/6, , 9, 
2015/4/7, , 13, 
2015/4/8, , 18, 
2015/4/9, , 14, 
2015/4/10, , 10, 
2015/4/11, , 9, 18
2015/4/12, , 13, 17
2015/4/13, , 16, 13
2015/4/14, , 24, 1
2015/4/15, , 36, 
2015/4/16, , 22, 
2015/4/17, , 15, 2
2015/4/18, , 18, 6
2015/4/19, , 21, 
2015/4/20, , 13, 
2015/4/21, , 16, 
2015/4/22, , 15, 
2015/4/23, , 10, 
2015/4/24, , 10, 
2015/4/25, , 14, 
2015/4/26, , 18, 
2015/4/27, , 22, 
2015/4/28, , 12, 
2015/4/29, , 9, 
2015/4/30, , 11, 
2015/5/1, , 14, 
2015/5/2, , 16, 
2015/5/3, , 16, 
2015/5/4, , 12, 
2015/5/5, , 14, 
2015/5/6, , 26, 
2015/5/7, , 30, 
2015/5/8, , 23, 
2015/5/9, , 20, 
2015/5/10, , 11, 
2015/5/11, , 12, 
2015/5/12, , 12, 
2015/5/13, , 15, 
2015/5/14, , 21, 
2015/5/15, , 47, 
2015/5/16, , 28, 
2015/5/17, , 13, 
2015/5/18, , 17, 16
2015/5/19, , 13, 25
2015/5/20, , 28, 9
2015/5/21, , 40, 
2015/5/22, , 28, 
2015/5/23, , 13, 
2015/5/24, , 8, 
2015/5/25, , 11, 
2015/5/26, , 17, 
2015/5/27, , 24, 
2015/5/28, , 14, 
2015/5/29, , 15, 
2015/5/30, , 17, 3
2015/5/31, , 17, 6
2015/6/1, , 22, 
2015/6/2, , 13, 
2015/6/3, , 4, 
2015/6/4, , 8, 
2015/6/5, , 12, 
2015/6/6, , 10, 
2015/6/7, , 8, 
2015/6/8, , 9, 
2015/6/9, , 17, 
2015/6/10, , 14, 
2015/6/11, , 11, 
2015/6/12, , 11, 
2015/6/13, , 10, 
2015/6/14, , 7, 7
2015/6/15, , 10, 1
2015/6/16, , 13, 8
2015/6/17, , 16, 
2015/6/18, , 7, 
2015/6/19, , 4, 
2015/6/20, , 5, 
2015/6/21, , 6, 
2015/6/22, , 5, 
2015/6/23, , 7, 
2015/6/24, , 24, 3
2015/6/25, , 25, 
2015/6/26, , 10, 
2015/6/27, , 6, 
2015/6/29, , 2, 
2015/6/30, , 9, 
2015/7/1, , 7, 
2015/1/2, , 15, 10
2015/1/3, , 16, 
2015/1/4, , 12, 1
2015/1/5, , 8, 7
2015/1/6, , 9, 31
2015/1/7, , 15, 
2015/1/8, , 12, 
2015/1/9, , 9, 4
2015/1/10, , 16, 
2015/1/11, , 16, 21
2015/1/12, , 46, 8
2015/1/13, , 26, 5
2015/1/14, , 17, 
2015/1/15, , 21, 
2015/1/16, , 41, 
2015/1/17, , 13, 13
2015/1/18, , 15, 17
2015/1/19, , 23, 8
2015/1/20, , 24, 23
2015/1/21, , 32, 11
2015/1/22, , 41, 9
2015/1/23, , 56, 
2015/1/24, , 30, 
2015/1/25, , 31, 32
2015/1/26, , 31, 23
2015/1/27, , 18, 
2015/1/28, , 15, 
2015/1/29, , 15, 
2015/1/30, , 17, 
2015/1/31, , 17, 
2015/2/1, , 14, 
2015/2/2, , 12, 
2015/2/3, , 14, 
2015/2/4, , 25, 
2015/2/5, , 29, 
2015/2/6, , 15, 
2015/2/7, , 14, 
2015/2/8, , 11, 
2015/2/9, , 11, 
2015/2/10, , 10, 
2015/2/11, , 13, 
2015/2/12, , 17, 
2015/2/13, , 8, 
2015/2/14, , 1, 
2015/2/15, , 5, 
2015/2/16, , 6, 
2015/2/17, , 10, 
2015/2/18, , 14, 
2015/2/19, , 12, 
2015/2/20, , 15, 13
2015/2/21, , 22, 
2015/2/22, , 19, 5
2015/2/23, , 17, 17
2015/2/24, , 28, 20
2015/2/25, , 29, 9
2015/2/26, , 21, 12
2015/2/27, , 20, 19
2015/2/28, , 31, 24
2015/3/1, , 23, 2
2015/3/2, , 19, 5
2015/3/3, , 18, 6
2015/3/4, , 17, 
2015/3/5, , 11, 
2015/3/6, , 11, 5
2015/3/7, , 18, 
2015/3/8, , 17, 
2015/3/9, , 19, 
2015/3/10, , 14, 1
2015/3/11, , 13, 
2015/3/12, , 16, 
2015/3/13, , 14, 
2015/3/14, , 11, 
2015/3/15, , 11, 
2015/3/16, , 12, 
2015/3/17, , 15, 7
2015/3/18, , 20, 2
2015/3/19, , 32, 25
2015/3/20, , 32, 3
2015/3/21, , 37, 3
2015/3/22, , 47, 18
2015/3/23, , 24, 18
2015/3/24, , 19, 
2015/3/25, , 17, 4
2015/3/26, , 17, 
2015/3/27, , 12, 
2015/3/28, , 13, 
2015/3/29, , 13, 7
2015/3/30, , 15, 
2015/3/31, , 15, 23
2015/4/1, , 12, 16
2014/10/2, , 41, 2
2014/10/3, , 31, 500
2014/10/4, , 30, 500
2014/10/5, , 45, 500
2014/10/6, , 35, 500
2014/10/7, , 55, 400
2014/10/8, , 57, 3
2014/10/9, , 51, 4
2014/10/10, , 30, 9
2014/10/11, , 31, 5
2014/10/12, , 47, 8
2014/10/13, , 43, 9
2014/10/14, , 36, 3
2014/10/15, , 47, 3
2014/10/16, , 22, 3
2014/10/17, , 13, 3
2014/10/18, , 13, 3
2014/10/19, , 13, 3
2014/10/20, , 19, 3
2014/10/21, , 19, 
2014/10/22, , 16, 
2014/10/23, , 20, 9
2014/10/24, , 17, 
2014/10/25, , 20, 
2014/10/26, , 23, 
2014/10/27, , 25, 9
2014/10/28, , 50, 
2014/10/29, , 43, 
2014/10/30, , 22, 4
2014/10/31, , 22, 9
2014/11/1, , 22, 12
2014/11/2, , 50, 
2014/11/3, , 121, 22
2014/11/4, , 37, 
2014/11/5, , 21, 
2014/11/6, , 17, 1
2014/11/7, , 24, 6
2014/11/8, , 30, 11
2014/11/9, , 40, 20
2014/11/10, , 38, 22
2014/11/11, , 35, 
2014/11/12, , 26, 33
2014/11/13, , 24, 
2014/11/14, , 28, 
2014/11/15, , 25, 12
2014/11/16, , 23, 4
2014/11/17, , 50, 
2014/11/18, , 33, 
2014/11/19, , 17, 11
2014/11/20, , 15, 7
2014/11/21, , 24, 3
2014/11/22, , 43, 10
2014/11/23, , 34, 13
2014/11/24, , 21, 8
2014/11/25, , 27, 23
2014/11/26, , 29, 26
2014/11/27, , 20, 
2014/11/28, , 8, 59
2014/11/29, , 10, 56
2014/11/30, , 15, 11
2014/12/1, , 16, 59
2014/12/2, , 19, 2
2014/12/3, , 17, 
2014/12/4, , 15, 31
2014/12/5, , 15, 9
2014/12/6, , 19, 17
2014/12/7, , 23, 24
2014/12/8, , 31, 33
2014/12/9, , 18, 11
2014/12/10, , 19, 1
2014/12/11, , 25, 26
2014/12/12, , 20, 13
2014/12/13, , 43, 4
2014/12/14, , 58, 23
2014/12/15, , 18, 
2014/12/16, , 19, 
2014/12/17, , 23, 24
2014/12/18, , 45, 
2014/12/19, , 59, 
2014/12/20, , 25, 
2014/12/21, , 9, 
2014/12/22, , 10, 5
2014/12/23, , 15, 23
2014/12/24, , 23, 28
2014/12/25, , 25, 28
2014/12/26, , 28, 
2014/12/27, , 15, 
2014/12/28, , 10, 
2014/12/29, , 6, 
2014/7/2, , 12, 1
2014/7/3, , 9, 2
2014/7/4, , 12, 7
2014/7/5, , 22, 2
2014/7/6, , 16, 2
2014/7/7, , 9, 2
2014/7/8, , 14, 7
2014/7/9, , 21, 9
2014/7/10, , 31, 2
2014/7/11, , 34, 2
2014/7/12, , 26, 2
2014/7/13, , 20, 
2014/7/14, , 9, 
2014/7/15, , 13, 3
2014/7/16, , 24, 2
2014/7/17, , 21, 
2014/7/18, , 11, 
2014/7/19, , 18, 2
2014/7/20, , 15, 2
2014/7/21, , 13, 2
2014/7/22, , 18, 2
2014/7/23, , 15, 14
2014/7/24, , 22, 5
2014/7/25, , 30, 9
2014/7/26, , 35, 2
2014/7/27, , 23, 3
2014/7/29, , 14, 12
2014/7/30, , 17, 3
2014/7/31, , 19, 8
2014/8/1, , 20, 
2014/8/2, , 14, 
2014/8/3, , 23, 
2014/8/4, , 11, 
2014/8/5, , 12, 
2014/8/6, , 21, 
2014/8/7, , 21, 
2014/8/8, , 11, 5
2014/8/9, , 13, 
2014/8/10, , 14, 
2014/8/11, , 13, 
2014/8/12, , 12, 
2014/8/14, , 17, 
2014/8/15, , 13, 2
2014/8/16, , 12, 
2014/8/17, , 12, 
2014/8/18, , 13, 
2014/8/19, , 18, 
2014/8/20, , 10, 1
2014/8/21, , 9, 
2014/8/22, , 11, 
2014/8/23, , 15, 
2014/8/24, , 18, 
2014/8/25, , 13, 
2014/8/26, , 14, 
2014/8/27, , 15, 
2014/8/28, , 10, 
2014/8/29, , 12, 
2014/8/30, , 10, 
2014/8/31, , 13, 1
2014/9/1, , 19, 8
2014/9/2, , 21, 
2014/9/3, , 33, 
2014/9/4, , 22, 3
2014/9/5, , 13, 7
2014/9/6, , 23, 1
2014/9/7, , 22, 
2014/9/8, , 31, 4
2014/9/9, , 24, 4
2014/9/10, , 28, 4
2014/9/11, , 36, 
2014/9/12, , 33, 
2014/9/13, , 14, 
2014/9/14, , 15, 1
2014/9/15, , 18, 1
2014/9/16, , 17, 1
2014/9/17, , 21, 1
2014/9/18, , 10, 1
2014/9/26, , 24, 2
2014/9/27, , 15, 2
2014/9/28, , 21, 2
2014/9/29, , 17, 8
2014/9/30, , 32, 7
2014/10/1, , 38, 2
2014/6/2, , 15, 
2014/6/3, , 9, 
2014/6/4, , 11, 
2014/6/5, , 11, 
2014/6/6, , 12, 
2014/6/7, , 12, 
2014/6/8, , 13, 
2014/6/9, , 12, 
2014/6/10, , 13, 
2014/6/11, , 12, 1
2014/6/12, , 12, 1
2014/6/13, , 13, 1
2014/6/14, , 12, 1
2014/6/15, , 6, 1
2014/6/16, , 6, 1
2014/6/17, , 7, 1
2014/6/18, , 7, 1
2014/6/19, , 7, 1
2014/6/20, , 14, 
2014/6/21, , 14, 
2014/6/22, , 13, 
2014/6/23, , 22, 1
2014/6/24, , 16, 
2014/6/25, , 29, 
2014/6/26, , 20, 1
2014/6/27, , 11, 2
2014/6/28, , 18, 2
2014/6/29, , 24, 1
2014/6/30, , 22, 1
2014/7/1, , 13, 1
2020/1/1, , , 17
2019/10/13, , , 
2019/1/3, , , 
2017/12/20, , , 
2015/1/1, , , 10
2014/7/28, , , 9
2014/8/13, , , 
2014/9/19, , , 1
2014/9/20, , , 11
2014/9/21, , , 1
2014/9/22, , , 15
2014/9/23, , , 2
2014/9/24, , , 12
2014/9/25, , , 2
2014/6/1, , , 