date, pm25, pm10, o3, co
2019/4/2, , , , 
2019/4/6, , , , 
2019/4/7, , , , 
2019/4/8, , , , 
2019/4/10, , , , 
2019/4/11, , , , 
2019/4/12, , , , 
2019/4/13, , , , 
2019/4/14, , , , 
2019/4/19, , , , 
2019/4/20, , , , 
2019/4/21, , , , 
2019/4/22, , , , 
2019/4/23, , , , 
2019/4/24, , , , 
2019/4/25, , , , 
2019/4/26, , , , 
2019/4/27, , , , 
2019/4/28, , , , 
2019/4/29, , , , 
2019/4/30, , , , 
2019/5/1, , , , 
2019/2/20, , , , 
2019/2/21, , , , 
2019/2/23, , , , 
2019/2/24, , , , 
2019/2/25, , , , 
2019/2/26, , , , 
2019/2/27, , , , 
2019/2/28, , , , 
2019/3/1, , , , 
2019/3/2, , , , 
2019/3/3, , , , 
2019/3/7, , , , 
2019/3/10, , , , 
2019/3/13, , , , 
2019/3/14, , , , 
2019/3/15, , , , 
2019/3/16, , , , 
2019/3/17, , , , 
2019/3/19, , , , 
2019/3/20, , , , 
2019/3/21, , , , 
2019/3/22, , , , 
2019/3/23, , , , 
2019/3/24, , , , 
2019/3/30, , , , 
2019/3/31, , , , 
2019/4/1, , , , 
2018/10/2, 20, 60, , 
2018/10/15, 68, 63, , 
2018/10/16, 70, 26, , 
2018/10/18, 83, 179, , 
2018/10/19, 60, 47, , 
2018/10/20, 42, 30, , 
2018/10/25, 21, 34, , 
2018/10/26, 24, 40, , 
2018/10/27, 20, 50, , 
2018/10/28, 29, 327, , 
2018/10/29, 160, 270, , 
2018/10/30, 319, 110, , 
2018/10/31, 79, 27, , 
2018/11/1, 31, 147, , 
2018/11/2, 81, 484, , 
2018/11/3, 324, 500, , 
2018/11/4, 500, 52, , 
2018/11/5, 192, 93, , 
2018/11/6, 172, 51, , 
2018/11/7, 24, 59, , 
2018/11/8, 23, 70, , 
2018/11/9, 35, 48, , 
2018/11/10, 30, 35, , 
2018/11/12, 16, 27, , 
2018/11/13, 22, 97, , 
2018/11/14, 64, 359, , 
2018/11/15, 156, 31, , 
2018/11/16, 65, 25, , 
2018/11/20, 20, 33, , 
2018/11/22, 24, 49, , 
2018/11/23, 23, 31, , 
2018/11/25, 54, 168, , 
2018/11/26, 106, 62, , 
2018/11/27, 40, 55, , 
2018/11/28, 35, 28, , 
2018/7/3, 50, 175, , 
2018/7/4, 142, 500, , 
2018/7/5, 155, 500, , 16
2018/7/6, 88, , , 18
2018/7/7, 30, , , 18
2018/7/10, 23, 57, , 
2018/7/11, 45, 99, , 19
2018/7/12, 80, 155, , 18
2018/7/13, 124, 253, , 
2018/7/15, 42, 80, , 21
2018/7/16, 48, 84, , 20
2018/7/17, 46, 86, , 18
2018/7/18, 46, 104, , 18
2018/7/19, 83, 186, , 17
2018/7/20, 78, 136, , 18
2018/7/21, 69, 86, , 18
2018/7/22, 42, 95, , 20
2018/7/23, 32, 71, , 27
2018/7/24, 57, 86, , 24
2018/7/25, 102, 162, , 20
2018/7/26, 132, 196, , 18
2018/7/27, 192, 498, , 16
2018/7/28, 186, 361, , 16
2018/7/29, 167, 350, , 17
2018/7/30, 96, 131, , 17
2018/7/31, 41, 63, , 18
2018/8/1, 30, 69, , 18
2018/8/2, 50, 101, , 
2018/8/3, 60, 120, , 
2018/8/4, 57, 112, , 
2018/8/5, 62, 129, , 20
2018/8/6, 89, 154, , 18
2018/8/7, 112, 319, , 21
2018/8/8, 148, 467, , 21
2018/8/9, 183, 500, , 
2018/8/12, 85, 142, , 19
2018/8/13, 222, 497, , 20
2018/8/15, 183, 399, , 18
2018/8/16, 139, 467, , 18
2018/8/17, 102, 500, , 19
2018/8/18, 114, , , 18
2018/8/19, 82, 169, , 18
2018/8/20, 72, 82, , 
2018/8/21, 40, 141, , 19
2018/8/22, 188, 499, , 19
2018/9/4, 131, , , 
2018/9/5, 63, 182, , 
2018/9/7, 43, 243, , 
2018/9/11, 23, 48, , 
2018/9/12, 67, 122, , 
2018/9/13, 63, 96, , 
2018/9/14, 158, 404, , 
2018/9/15, 197, 204, , 
2018/9/16, 161, , , 
2018/9/17, 141, 128, , 
2018/9/20, 142, 370, , 
2018/9/21, 155, 229, , 
2018/9/22, 162, , , 
2018/9/23, 79, 167, , 
2018/9/24, 53, 124, , 
2018/9/27, 43, 64, , 
2018/9/28, 58, 135, , 
2018/9/29, 79, 202, , 
2018/9/30, 70, 161, , 
2018/10/1, 34, 58, , 
2018/6/6, 158, 58, , 
2018/6/7, 131, 56, , 
2018/6/11, 246, 91, , 
2018/6/12, 203, 48, , 
2018/6/19, 90, 51, , 
2018/6/20, 79, 201, , 
2018/6/21, 92, 500, , 
2018/6/22, 129, , , 
2018/6/23, 121, 417, , 
2018/6/24, 126, , , 
2018/6/27, 149, 246, , 18
2018/6/28, 111, 83, , 16
2018/6/29, 43, 86, , 17
2018/6/30, 40, 69, , 18
2018/7/1, 37, 61, , 
2023/5/2, , 337, , 
2023/5/3, , 127, , 
2023/5/4, , 237, , 
2023/5/5, , 496, , 
2023/5/6, , 459, , 
2023/5/7, , 500, , 
2023/5/8, , 164, , 
2023/5/9, , 79, , 
2023/5/10, , 82, , 
2023/5/11, , 79, , 
2023/5/12, , 301, , 
2023/5/13, , 404, , 
2023/5/14, , 420, , 
2023/5/15, , 258, , 
2023/5/16, , 197, , 
2023/5/17, , 500, , 
2023/5/18, , 500, , 
2023/5/19, , 353, , 
2023/5/20, , 92, , 
2023/5/21, , 75, , 
2023/5/22, , 88, , 
2023/5/24, , 262, , 
2023/5/25, , 229, , 
2023/5/26, , 402, , 
2023/5/27, , 453, , 
2023/5/28, , 410, , 
2023/5/29, , 435, , 
2023/4/2, , 48, , 
2023/4/3, , 55, , 
2023/4/4, , 51, , 
2023/4/5, , 52, , 
2023/4/6, , 48, , 
2023/4/7, , 52, , 
2023/4/8, , 49, , 
2023/4/9, , 50, , 
2023/4/10, , 67, , 
2023/4/11, , 51, , 
2023/4/12, , 55, , 
2023/4/13, , 57, , 
2023/4/14, , 57, , 
2023/4/15, , 60, , 
2023/4/16, , 71, , 
2023/4/17, , 326, , 
2023/4/18, , 491, , 
2023/4/19, , 500, , 
2023/4/20, , 500, , 
2023/4/21, , 487, , 
2023/4/22, , 228, , 
2023/4/23, , 49, , 
2023/4/24, , 58, , 
2023/4/25, , 69, , 
2023/4/26, , 102, , 
2023/4/27, , 145, , 
2023/4/28, , 435, , 
2023/4/29, , 448, , 
2023/4/30, , 500, , 
2023/5/1, , 500, , 
2023/1/3, , 17, , 
2023/1/4, , 19, , 
2023/1/5, , 15, , 
2023/1/6, , 18, , 
2023/1/7, , 22, , 
2023/1/8, , 18, , 
2023/1/9, , 36, , 
2023/1/10, , 24, , 
2023/1/11, , 51, , 
2023/1/12, , 500, , 
2023/1/13, , 500, , 
2023/1/17, , 23, , 
2023/1/18, , 35, , 
2023/1/19, , 31, , 
2023/1/20, , 16, , 
2023/1/21, , 25, , 
2023/1/22, , 28, , 
2023/1/23, , 44, , 
2023/1/24, , 55, , 
2023/1/25, , 34, , 
2023/1/26, , 39, , 
2023/1/27, , 28, , 
2023/1/28, , 42, , 
2023/1/29, , 34, , 
2023/1/30, , 30, , 
2023/1/31, , 43, , 
2023/2/1, , 92, , 
2023/2/2, , 273, , 
2023/2/3, , 465, , 
2023/2/4, , 108, , 
2023/2/5, , 105, , 
2023/2/6, , 96, , 
2023/2/7, , 94, , 
2023/2/8, , 88, , 
2023/2/9, , 147, , 
2023/2/10, , 127, , 
2023/2/11, , 154, , 
2023/2/12, , 192, , 
2023/2/13, , 234, , 
2023/2/14, , 205, , 
2023/2/15, , 206, , 
2023/2/16, , 96, , 
2023/2/17, , 156, , 
2023/2/18, , 340, , 
2023/2/19, , 62, , 
2023/2/20, , 50, , 
2023/2/21, , 40, , 
2023/2/22, , 60, , 
2023/2/23, , 53, , 
2023/2/24, , 34, , 
2023/2/25, , 19, , 
2023/2/26, , 64, , 
2023/2/27, , 52, , 
2023/2/28, , 22, , 
2023/3/1, , 20, , 
2023/3/2, , 20, , 
2023/3/3, , 22, , 
2023/3/4, , 24, , 
2023/3/5, , 34, , 
2023/3/6, , 27, , 
2023/3/10, , 32, , 
2023/3/11, , 27, , 
2023/3/15, , 87, , 
2023/3/16, , 45, , 
2023/3/17, , 44, , 
2023/3/18, , 31, , 
2023/3/19, , 35, , 
2023/3/20, , 37, , 
2023/3/21, , 38, , 
2023/3/22, , 54, , 
2023/3/23, , 63, , 
2023/3/24, , 42, , 
2023/3/25, , 46, , 
2023/3/26, , 47, , 
2023/3/27, , 45, , 
2023/3/28, , 41, , 
2023/3/29, , 53, , 
2023/3/30, , 51, , 
2023/3/31, , 52, , 
2023/4/1, , 40, , 
2022/10/12, , 151, , 
2022/10/13, , 127, , 
2022/11/9, , 53, , 
2022/11/10, , 76, , 
2022/11/11, , 24, , 
2022/11/12, , 35, , 
2022/11/13, , 24, , 
2022/11/14, , 22, , 
2022/11/15, , 14, , 
2022/11/16, , 10, , 
2022/11/17, , 12, , 
2022/11/18, , 11, , 
2022/11/19, , 10, , 
2022/11/20, , 11, , 
2022/11/21, , 11, , 
2022/11/22, , 16, , 
2022/11/23, , 18, , 
2022/11/24, , 12, , 
2022/11/27, , 12, , 
2022/11/28, , 15, , 
2022/11/29, , 13, , 
2022/11/30, , 13, , 
2022/12/1, , 15, , 
2022/12/2, , 14, , 
2022/12/3, , 19, , 
2022/12/4, , 32, , 
2022/12/5, , 11, , 
2022/12/6, , 17, , 
2022/12/7, , 18, , 
2022/12/8, , 12, , 
2022/12/9, , 15, , 
2022/12/10, , 21, , 
2022/12/13, , 25, , 
2022/12/14, , 28, , 
2022/12/15, , 27, , 
2022/12/16, , 28, , 
2022/12/17, , 18, , 
2022/12/18, , 23, , 
2022/12/19, , 26, , 
2022/12/20, , 24, , 
2022/12/21, , 16, , 
2022/12/22, , 25, , 
2022/12/23, , 26, , 
2022/12/24, , 17, , 
2022/12/25, , 17, , 
2022/12/26, , 16, , 
2022/12/27, , 19, , 
2022/12/28, , 18, , 
2022/12/29, , 15, , 
2022/12/30, , 19, , 
2022/12/31, , 16, , 
2023/1/1, , 19, , 
2023/1/2, , 19, , 
2022/7/2, , 500, , 
2022/7/3, , 361, , 
2022/7/4, , 137, , 
2022/7/8, , 186, , 
2022/7/9, , 140, , 
2022/7/10, , 128, , 
2022/7/11, , 95, , 
2022/7/12, , 70, , 
2022/7/13, , 51, , 
2022/7/14, , 55, , 
2022/7/15, , 52, , 
2022/7/16, , 52, , 
2022/7/17, , 54, , 
2022/7/18, , 56, , 
2022/7/19, , 52, , 
2022/7/20, , 48, , 
2022/7/21, , 50, , 
2022/7/22, , 49, , 
2022/7/23, , 48, , 
2022/7/24, , 48, , 
2022/7/25, , 51, , 
2022/7/26, , 52, , 
2022/7/27, , 50, , 
2022/7/28, , 122, , 
2022/7/29, , 143, , 
2022/7/30, , 303, , 
2022/7/31, , 440, , 
2022/8/1, , 500, , 
2022/8/2, , 321, , 
2022/8/3, , 219, , 
2022/8/4, , 181, , 
2022/8/5, , 180, , 
2022/8/6, , 163, , 
2022/8/7, , 173, , 
2022/8/11, , 500, , 
2022/8/12, , 460, , 
2022/8/13, , 227, , 
2022/8/14, , 220, , 
2022/8/15, , 125, , 
2022/8/16, , 121, , 
2022/8/17, , 103, , 
2022/8/18, , 97, , 
2022/8/19, , 105, , 
2022/8/20, , 129, , 
2022/8/21, , 126, , 
2022/8/22, , 115, , 
2022/8/23, , 99, , 
2022/8/24, , 91, , 
2022/8/25, , 94, , 
2022/8/26, , 91, , 
2022/8/27, , 89, , 
2022/8/28, , 77, , 
2022/8/29, , 92, , 
2022/8/30, , 90, , 
2022/8/31, , 89, , 
2022/9/1, , 86, , 
2022/9/2, , 86, , 
2022/9/3, , 81, , 
2022/9/4, , 101, , 
2022/9/5, , 84, , 
2022/9/6, , 86, , 
2022/9/7, , 81, , 
2022/9/8, , 92, , 
2022/9/9, , 77, , 
2022/9/10, , 100, , 
2022/9/11, , 96, , 
2022/9/12, , 102, , 
2022/9/13, , 92, , 
2022/9/14, , 99, , 
2022/9/15, , 108, , 
2022/9/16, , 114, , 
2022/9/17, , 100, , 
2022/9/18, , 95, , 
2022/9/19, , 89, , 
2022/9/20, , 104, , 
2022/9/21, , 122, , 
2022/9/22, , 140, , 
2022/9/23, , 153, , 
2022/6/11, , 55, , 
2022/6/12, , 273, , 
2022/6/13, , 425, , 
2022/6/14, , 108, , 
2022/6/15, , 66, , 
2022/6/16, , 69, , 
2022/6/17, , 80, , 
2022/6/18, , 250, , 
2022/6/19, , 500, , 
2022/6/23, , 94, , 
2022/6/24, , 105, , 
2022/6/25, , 477, , 
2022/6/26, , 500, , 
2022/6/27, , 500, , 
2022/6/28, , 79, , 
2022/6/29, , 77, , 
2022/6/30, , 90, , 
2022/7/1, , 318, , 
2022/1/4, , 17, , 
2022/1/5, , 45, , 
2022/1/6, , 4, , 
2022/1/7, , 3, , 
2022/1/8, , 3, , 
2022/1/9, , 3, , 
2022/1/10, , 5, , 
2022/1/11, , 12, , 
2022/1/12, , 23, , 
2022/1/13, , 33, , 
2022/1/14, , 25, , 
2022/1/15, , 54, , 
2022/1/16, , 388, , 
2022/1/17, , 318, , 
2022/1/18, , 76, , 
2022/1/19, , 59, , 
2022/1/20, , 74, , 
2022/1/21, , 75, , 
2022/1/22, , 90, , 
2022/1/23, , 78, , 
2022/1/24, , 29, , 
2022/1/25, , 33, , 
2022/1/26, , 28, , 
2022/1/27, , 35, , 
2022/1/28, , 35, , 
2022/1/29, , 137, , 
2022/1/30, , 92, , 
2022/1/31, , 47, , 
2022/2/1, , 30, , 
2022/2/2, , 46, , 
2022/2/3, , 123, , 
2022/2/4, , 42, , 
2022/2/5, , 36, , 
2022/2/6, , 89, , 
2022/2/7, , 233, , 
2022/2/8, , 49, , 
2022/2/9, , 46, , 
2022/2/10, , 32, , 
2022/2/11, , 38, , 
2022/2/12, , 54, , 
2022/2/13, , 325, , 
2022/2/14, , 360, , 
2022/2/15, , 269, , 
2022/2/16, , 84, , 
2022/2/17, , 274, , 
2022/2/18, , 475, , 
2022/2/19, , 53, , 
2022/2/20, , 66, , 
2022/2/21, , 272, , 
2022/2/22, , 72, , 
2022/2/23, , 42, , 
2022/2/24, , 18, , 
2022/2/25, , 26, , 
2022/2/26, , 25, , 
2022/2/27, , 17, , 
2022/2/28, , 75, , 
2022/3/1, , 79, , 
2022/3/2, , 35, , 
2022/3/3, , 24, , 
2022/3/4, , 34, , 
2022/3/6, , 120, , 
2022/3/7, , 79, , 
2022/3/8, , 74, , 
2022/3/9, , 275, , 
2022/3/10, , 486, , 
2022/3/11, , 455, , 
2022/3/12, , 459, , 
2022/3/13, , 436, , 
2022/3/14, , 500, , 
2021/10/2, , 372, , 
2021/10/3, , 500, , 
2021/10/6, , 84, , 
2021/10/7, , 25, , 
2021/10/8, , 36, , 
2021/10/9, , 93, , 
2021/10/10, , 162, , 
2021/10/11, , 256, , 
2021/10/12, , 500, , 
2021/10/13, , 198, , 
2021/10/14, , 239, , 
2021/10/15, , 267, , 
2021/10/16, , 51, , 
2021/10/17, , 87, , 
2021/10/18, , 27, , 
2021/10/19, , 12, , 
2021/10/20, , 19, , 
2021/10/21, , 30, , 
2021/10/22, , 215, , 
2021/10/23, , 402, , 
2021/10/24, , 55, , 
2021/10/25, , 77, , 
2021/10/26, , 44, , 
2021/10/27, , 24, , 
2021/10/28, , 23, , 
2021/10/29, , 42, , 
2021/10/30, , 22, , 
2021/10/31, , 20, , 
2021/11/1, , 85, , 
2021/11/2, , 451, , 
2021/11/3, , 300, , 
2021/11/4, , 288, , 
2021/11/5, , 104, , 
2021/11/6, , 254, , 
2021/11/7, , 490, , 
2021/11/8, , 462, , 
2021/11/9, , 297, , 
2021/11/10, , 31, , 
2021/11/11, , 78, , 
2021/11/12, , 67, , 
2021/11/13, , 42, , 
2021/11/14, , 19, , 
2021/11/15, , 17, , 
2021/11/16, , 6, , 
2021/11/17, , 4, , 
2021/11/18, , 33, , 
2021/11/19, , 9, , 
2021/11/20, , 3, , 
2021/11/21, , 3, , 
2021/11/22, , 6, , 
2021/11/23, , 6, , 
2021/11/24, , 7, , 
2021/11/25, , 9, , 
2021/11/26, , 5, , 
2021/11/27, , 8, , 
2021/11/28, , 7, , 
2021/11/29, , 7, , 
2021/11/30, , 9, , 
2021/12/1, , 8, , 
2021/12/2, , 9, , 
2021/12/3, , 10, , 
2021/12/4, , 40, , 
2021/12/5, , 40, , 
2021/12/6, , 5, , 
2021/12/7, , 6, , 
2021/12/8, , 15, , 
2021/12/9, , 85, , 
2021/12/10, , 91, , 
2021/12/11, , 112, , 
2021/12/12, , 106, , 
2021/12/13, , 67, , 
2021/12/14, , 27, , 
2021/12/15, , 6, , 
2021/12/16, , 31, , 
2021/12/17, , 6, , 
2021/12/18, , 9, , 
2021/12/19, , 10, , 
2021/12/20, , 13, , 
2021/12/21, , 10, , 
2021/12/22, , 13, , 
2021/12/23, , 12, , 
2021/12/24, , 28, , 
2021/12/25, , 82, , 
2021/12/26, , 103, , 
2021/12/27, , 54, , 
2021/12/28, , 6, , 
2021/12/29, , 7, , 
2021/12/30, , 8, , 
2021/12/31, , 36, , 
2022/1/1, , 11, , 
2022/1/2, , 6, , 
2022/1/3, , 6, , 
2021/7/2, , 60, , 
2021/7/3, , 80, , 
2021/7/4, , 59, , 
2021/7/5, , 35, , 
2021/7/6, , 18, , 
2021/7/7, , 30, , 
2021/7/8, , 32, , 
2021/7/9, , 43, , 
2021/7/10, , 210, , 
2021/7/11, , 239, , 
2021/7/12, , 103, , 
2021/7/13, , 67, , 
2021/7/14, , 81, , 
2021/7/15, , 47, , 
2021/7/16, , 61, , 
2021/7/17, , 144, , 
2021/7/18, , 57, , 
2021/7/19, , 84, , 
2021/7/20, , 100, , 
2021/7/21, , 83, , 
2021/7/22, , 52, , 
2021/7/23, , 37, , 
2021/7/24, , 31, , 
2021/7/25, , 26, , 
2021/7/26, , 66, , 
2021/7/27, , 188, , 
2021/7/28, , 500, , 
2021/7/29, , 500, , 
2021/7/30, , 497, , 
2021/7/31, , 379, , 
2021/8/1, , 127, , 
2021/8/2, , 93, , 
2021/8/3, , 78, , 
2021/8/4, , 53, , 
2021/8/5, , 64, , 
2021/8/6, , 59, , 
2021/8/7, , 59, , 
2021/8/8, , 56, , 
2021/8/9, , 40, , 
2021/8/10, , 66, , 
2021/8/11, , 61, , 
2021/8/12, , 50, , 
2021/8/13, , 27, , 
2021/8/14, , 319, , 
2021/8/15, , 118, , 
2021/8/16, , 175, , 
2021/8/17, , 80, , 
2021/8/18, , 44, , 
2021/8/19, , 49, , 
2021/8/20, , 37, , 
2021/8/21, , 39, , 
2021/8/22, , 23, , 
2021/8/23, , 47, , 
2021/8/24, , 45, , 
2021/8/25, , 99, , 
2021/8/26, , 75, , 
2021/8/27, , 137, , 
2021/8/28, , 55, , 
2021/8/29, , 111, , 
2021/8/30, , 64, , 
2021/8/31, , 34, , 
2021/9/1, , 47, , 
2021/9/2, , 39, , 
2021/9/3, , 24, , 
2021/9/4, , 19, , 
2021/9/5, , 48, , 
2021/9/6, , 309, , 
2021/9/7, , 91, , 
2021/9/8, , 142, , 
2021/9/9, , 419, , 
2021/9/10, , 500, , 
2021/9/11, , 500, , 
2021/9/12, , 500, , 
2021/9/13, , 364, , 
2021/9/14, , 26, , 
2021/9/15, , 17, , 
2021/9/16, , 17, , 
2021/9/17, , 43, , 
2021/9/18, , 31, , 
2021/9/19, , 51, , 
2021/9/20, , 67, , 
2021/9/21, , 87, , 
2021/9/22, , 47, , 
2021/9/23, , 171, , 
2021/9/24, , 21, , 
2021/9/25, , 17, , 
2021/9/26, , 37, , 
2021/9/27, , 31, , 
2021/9/28, , 408, , 
2021/9/29, , 393, , 
2021/9/30, , 440, , 
2021/10/1, , 356, , 
2021/4/2, , 46, , 
2021/4/3, , 33, , 
2021/4/4, , 40, , 
2021/4/5, , 117, , 
2021/4/6, , 30, , 
2021/4/7, , 19, , 
2021/4/8, , 19, , 
2021/4/9, , 30, , 
2021/4/10, , 31, , 
2021/4/11, , 41, , 
2021/4/12, , 41, , 
2021/4/13, , 49, , 
2021/4/14, , 202, , 
2021/4/15, , 199, , 
2021/4/16, , 23, , 
2021/4/17, , 110, , 
2021/4/18, , 166, , 
2021/4/19, , 170, , 
2021/4/20, , 138, , 
2021/4/21, , 59, , 
2021/4/22, , 23, , 
2021/4/23, , 53, , 
2021/4/24, , 51, , 
2021/4/25, , 69, , 
2021/4/26, , 44, , 
2021/4/27, , 27, , 
2021/4/28, , 16, , 
2021/4/29, , 22, , 
2021/4/30, , 41, , 
2021/5/1, , 88, , 
2021/5/2, , 72, , 
2021/5/3, , 52, , 
2021/5/4, , 25, , 
2021/5/5, , 28, , 
2021/5/6, , 17, , 
2021/5/7, , 13, , 
2021/5/8, , 15, , 
2021/5/9, , 24, , 
2021/5/10, , 45, , 
2021/5/11, , 22, , 
2021/5/12, , 77, , 
2021/5/13, , 68, , 
2021/5/14, , 44, , 
2021/5/15, , 45, , 
2021/5/16, , 49, , 
2021/5/17, , 32, , 
2021/5/18, , 19, , 
2021/5/19, , 18, , 
2021/5/20, , 21, , 
2021/5/21, , 39, , 
2021/5/22, , 35, , 
2021/5/23, , 61, , 
2021/5/24, , 13, , 
2021/5/25, , 14, , 
2021/5/26, , 27, , 
2021/5/27, , 27, , 
2021/5/28, , 67, , 
2021/5/29, , 86, , 
2021/5/30, , 42, , 
2021/5/31, , 30, , 
2021/6/1, , 34, , 
2021/6/2, , 39, , 
2021/6/3, , 25, , 
2021/6/6, , 52, , 
2021/6/7, , 44, , 
2021/6/8, , 38, , 
2021/6/9, , 128, , 
2021/6/10, , 86, , 
2021/6/11, , 39, , 
2021/6/12, , 36, , 
2021/6/13, , 66, , 
2021/6/14, , 43, , 
2021/6/15, , 34, , 
2021/6/16, , 111, , 
2021/6/17, , 94, , 
2021/6/18, , 66, , 
2021/6/19, , 33, , 
2021/6/20, , 59, , 
2021/6/21, , 99, , 
2021/6/22, , 182, , 
2021/6/23, , 57, , 
2021/6/24, , 36, , 
2021/6/25, , 74, , 
2021/6/26, , 55, , 
2021/6/27, , 61, , 
2021/6/28, , 25, , 
2021/6/29, , 26, , 
2021/6/30, , 30, , 
2021/7/1, , 45, , 
2021/1/5, , 10, , 
2021/1/6, , 17, , 
2021/1/7, , 11, , 
2021/1/8, , 17, , 
2021/1/9, , 18, , 
2021/1/10, , 10, , 
2021/1/11, , 20, , 
2021/1/12, , 16, , 
2021/1/13, , 15, , 
2021/1/14, , 30, , 
2021/1/15, , 185, , 
2021/1/16, , 280, , 
2021/1/17, , 168, , 
2021/1/18, , 210, , 
2021/1/19, , 314, , 
2021/1/20, , 321, , 
2021/1/21, , 22, , 
2021/1/22, , 89, , 
2021/1/23, , 350, , 
2021/1/24, , 44, , 
2021/1/25, , 11, , 
2021/1/26, , 19, , 
2021/1/27, , 14, , 
2021/1/28, , 20, , 
2021/1/29, , 27, , 
2021/1/30, , 21, , 
2021/1/31, , 35, , 
2021/2/1, , 34, , 
2021/2/2, , 35, , 
2021/2/3, , 25, , 
2021/2/4, , 52, , 
2021/2/5, , 17, , 
2021/2/6, , 22, , 
2021/2/7, , 25, , 
2021/2/8, , 24, , 
2021/2/9, , 40, , 
2021/2/10, , 32, , 
2021/2/11, , 28, , 
2021/2/12, , 27, , 
2021/2/13, , 25, , 
2021/2/14, , 30, , 
2021/2/15, , 35, , 
2021/2/16, , 35, , 
2021/2/17, , 32, , 
2021/2/18, , 28, , 
2021/2/19, , 45, , 
2021/2/20, , 72, , 
2021/2/21, , 55, , 
2021/2/22, , 41, , 
2021/2/23, , 23, , 
2021/2/24, , 23, , 
2021/2/25, , 25, , 
2021/2/27, , 11, , 
2021/2/28, , 27, , 
2021/3/1, , 13, , 
2021/3/3, , 22, , 
2021/3/4, , 19, , 
2021/3/5, , 25, , 
2021/3/6, , 41, , 
2021/3/7, , 38, , 
2021/3/8, , 20, , 
2021/3/9, , 19, , 
2021/3/10, , 34, , 
2021/3/11, , 79, , 
2021/3/12, , 175, , 
2021/3/13, , 132, , 
2021/3/14, , 474, , 
2021/3/15, , 78, , 
2021/3/16, , 28, , 
2021/3/17, , 36, , 
2021/3/18, , 58, , 
2021/3/19, , 47, , 
2021/3/20, , 65, , 
2021/3/21, , 399, , 
2021/3/22, , 22, , 
2021/3/23, , 25, , 
2021/3/24, , 17, , 
2021/3/25, , 23, , 
2021/3/26, , 40, , 
2021/3/27, , 72, , 
2021/3/28, , 60, , 
2021/3/29, , 117, , 
2021/3/30, , 214, , 
2021/3/31, , 75, , 
2021/4/1, , 56, , 
2020/10/2, , 15, , 
2020/10/3, , 14, , 
2020/10/4, , 17, , 
2020/10/5, , 20, , 
2020/10/6, , 12, , 
2020/10/7, , 18, , 
2020/10/8, , 22, , 
2020/10/9, , 14, , 
2020/10/10, , 19, , 
2020/10/11, , 24, , 
2020/10/12, , 18, , 
2020/10/13, , 17, , 
2020/10/14, , 15, , 
2020/10/15, , 13, , 
2020/10/16, , 14, , 
2020/10/17, , 15, , 
2020/10/18, , 14, , 
2020/10/19, , 15, , 
2020/10/20, , 16, , 
2020/10/21, , 16, , 
2020/10/22, , 20, , 
2020/10/23, , 21, , 
2020/10/24, , 22, , 
2020/10/25, , 28, , 
2020/10/26, , 17, , 
2020/10/27, , 16, , 
2020/10/28, , 19, , 
2020/10/29, , 24, , 
2020/10/30, , 23, , 
2020/10/31, , 17, , 
2020/11/1, , 15, , 
2020/11/2, , 14, , 
2020/11/3, , 17, , 
2020/11/4, , 14, , 
2020/11/5, , 17, , 
2020/11/6, , 19, , 
2020/11/7, , 16, , 
2020/11/8, , 15, , 
2020/11/9, , 19, , 
2020/11/10, , 18, , 
2020/11/11, , 15, , 
2020/11/12, , 19, , 
2020/11/13, , 19, , 
2020/11/14, , 15, , 
2020/11/15, , 15, , 
2020/11/16, , 14, , 
2020/11/17, , 12, , 
2020/11/18, , 13, , 
2020/11/19, , 14, , 
2020/11/20, , 16, , 
2020/11/21, , 15, , 
2020/11/22, , 44, , 
2020/11/23, , 21, , 
2020/11/24, , 13, , 
2020/11/25, , 18, , 
2020/11/26, , 19, , 
2020/11/27, , 15, , 
2020/11/28, , 18, , 
2020/11/29, , 16, , 
2020/11/30, , 16, , 
2020/12/1, , 18, , 
2020/12/2, , 20, , 
2020/12/3, , 19, , 
2020/12/4, , 18, , 
2020/12/5, , 23, , 
2020/12/6, , 17, , 
2020/12/7, , 15, , 
2020/12/8, , 11, , 
2020/12/9, , 17, , 
2020/12/10, , 13, , 
2020/12/11, , 14, , 
2020/12/12, , 15, , 
2020/12/13, , 16, , 
2020/12/14, , 29, , 
2020/12/15, , 16, , 
2020/12/16, , 16, , 
2020/12/17, , 21, , 
2020/12/18, , 23, , 
2020/12/19, , 28, , 
2020/12/20, , 29, , 
2020/12/21, , 17, , 
2020/12/22, , 14, , 
2020/12/23, , 13, , 
2020/12/24, , 14, , 
2020/12/25, , 13, , 
2020/12/26, , 21, , 
2020/12/27, , 16, , 
2020/12/28, , 16, , 
2020/12/29, , 14, , 
2020/12/30, , 14, , 
2020/12/31, , 15, , 
2021/1/1, , 14, , 
2021/1/2, , 16, , 
2021/1/3, , 13, , 
2021/1/4, , 22, , 
2020/7/2, , 21, , 
2020/7/3, , 46, , 
2020/7/4, , 55, , 
2020/7/5, , 92, , 
2020/7/6, , 61, , 
2020/7/7, , 23, , 
2020/7/8, , 19, , 
2020/7/9, , 15, , 
2020/7/10, , 20, , 
2020/7/11, , 24, , 
2020/7/12, , 44, , 
2020/7/13, , 24, , 
2020/7/14, , 17, , 
2020/7/15, , 19, , 
2020/7/16, , 29, , 
2020/7/17, , 29, , 
2020/7/18, , 32, , 
2020/7/19, , 19, , 
2020/7/20, , 20, , 
2020/7/21, , 34, , 
2020/7/22, , 23, , 
2020/7/23, , 12, , 
2020/7/24, , 15, , 
2020/7/25, , 31, , 
2020/7/26, , 21, , 
2020/7/27, , 21, , 
2020/7/28, , 24, , 
2020/7/29, , 23, , 
2020/7/30, , 24, , 
2020/7/31, , 27, , 
2020/8/1, , 75, , 
2020/8/2, , 40, , 
2020/8/3, , 50, , 
2020/8/4, , 165, , 
2020/8/5, , 319, , 
2020/8/6, , 87, , 
2020/8/7, , 106, , 
2020/8/8, , 323, , 
2020/8/9, , 229, , 
2020/8/10, , 39, , 
2020/8/11, , 89, , 
2020/8/12, , 45, , 
2020/8/13, , 14, , 
2020/8/14, , 22, , 
2020/8/15, , 20, , 
2020/8/16, , 19, , 
2020/8/17, , 30, , 
2020/8/18, , 27, , 
2020/8/19, , 52, , 
2020/8/20, , 31, , 
2020/8/21, , 94, , 
2020/8/22, , 24, , 
2020/8/23, , 16, , 
2020/8/24, , 134, , 
2020/8/25, , 157, , 
2020/8/26, , 73, , 
2020/8/27, , 53, , 
2020/8/28, , 96, , 
2020/8/29, , 23, , 
2020/9/1, , 43, , 
2020/9/2, , 36, , 
2020/9/3, , 29, , 
2020/9/4, , 26, , 
2020/9/5, , 27, , 
2020/9/6, , 22, , 
2020/9/7, , 23, , 
2020/9/8, , 22, , 
2020/9/9, , 18, , 
2020/9/10, , 19, , 
2020/9/11, , 22, , 
2020/9/12, , 38, , 
2020/9/13, , 17, , 
2020/9/14, , 16, , 
2020/9/15, , 17, , 
2020/9/16, , 13, , 
2020/9/17, , 16, , 
2020/9/18, , 15, , 
2020/9/19, , 25, , 
2020/9/20, , 18, , 
2020/9/21, , 20, , 
2020/9/22, , 35, , 
2020/9/23, , 72, , 
2020/9/24, , 63, , 
2020/9/25, , 25, , 
2020/9/26, , 59, , 
2020/9/27, , 39, , 
2020/9/28, , 22, , 
2020/9/29, , 36, , 
2020/9/30, , 36, , 
2020/10/1, , 17, , 
2020/4/2, , 24, , 
2020/4/3, , 22, , 
2020/4/4, , 30, , 
2020/4/5, , 39, , 
2020/4/6, , 29, , 
2020/4/7, , 39, , 
2020/4/8, , 16, , 
2020/4/9, , 39, , 
2020/4/10, , 129, , 
2020/4/11, , 13, , 
2020/4/13, , 77, , 
2020/4/14, , 42, , 
2020/4/15, , 27, , 
2020/4/16, , 43, , 
2020/4/17, , 30, , 
2020/4/18, , 19, , 
2020/4/19, , 26, , 
2020/4/20, , 90, , 
2020/4/21, , 23, , 
2020/4/22, , 19, , 
2020/4/23, , 26, , 
2020/4/24, , 21, , 
2020/4/25, , 28, , 
2020/4/26, , 41, , 
2020/4/27, , 34, , 
2020/4/28, , 45, , 
2020/4/29, , 35, , 
2020/4/30, , 34, , 
2020/5/1, , 23, , 
2020/5/2, , 21, , 
2020/5/3, , 34, , 
2020/5/4, , 30, , 
2020/5/5, , 23, , 
2020/5/6, , 20, , 
2020/5/7, , 25, , 
2020/5/8, , 20, , 
2020/5/9, , 23, , 
2020/5/10, , 16, , 
2020/5/11, , 16, , 
2020/5/12, , 22, , 
2020/5/13, , 43, , 
2020/5/14, , 29, , 
2020/5/15, , 14, , 
2020/5/16, , 10, , 
2020/5/17, , 13, , 
2020/5/18, , 14, , 
2020/5/19, , 30, , 
2020/5/20, , 12, , 
2020/5/21, , 16, , 
2020/5/22, , 14, , 
2020/5/23, , 16, , 
2020/5/24, , 12, , 
2020/5/25, , 18, , 
2020/5/26, , 22, , 
2020/5/27, , 18, , 
2020/5/28, , 30, , 
2020/5/29, , 52, , 
2020/5/30, , 21, , 
2020/5/31, , 13, , 
2020/6/1, , 14, , 
2020/6/2, , 18, , 
2020/6/3, , 15, , 
2020/6/4, , 17, , 
2020/6/5, , 17, , 
2020/6/6, , 20, , 
2020/6/7, , 26, , 
2020/6/8, , 35, , 
2020/6/9, , 78, , 
2020/6/10, , 28, , 
2020/6/11, , 41, , 
2020/6/12, , 48, , 
2020/6/13, , 27, , 
2020/6/14, , 21, , 
2020/6/15, , 22, , 
2020/6/16, , 49, , 
2020/6/17, , 39, , 
2020/6/18, , 39, , 
2020/6/19, , 34, , 
2020/6/20, , 30, , 
2020/6/21, , 22, , 
2020/6/22, , 21, , 
2020/6/23, , 29, , 
2020/6/24, , 139, , 
2020/6/25, , 30, , 
2020/6/26, , 24, , 
2020/6/27, , 21, , 
2020/6/28, , 32, , 
2020/6/29, , 48, , 
2020/6/30, , 20, , 
2020/7/1, , 28, , 
2020/1/2, , 26, , 
2020/1/3, , 47, , 
2020/1/4, , 26, , 
2020/1/5, , 24, , 
2020/1/6, , 38, , 
2020/1/7, , 29, , 
2020/1/8, , 14, , 
2020/1/9, , 14, , 
2020/1/10, , 15, , 
2020/1/11, , 24, , 
2020/1/12, , 24, , 
2020/1/13, , 9, , 
2020/1/14, , 9, , 
2020/1/15, , 12, , 
2020/1/16, , 19, , 
2020/1/17, , 17, , 
2020/1/18, , 25, , 
2020/1/19, , 23, , 
2020/1/20, , 31, , 
2020/1/21, , 32, , 
2020/1/22, , 13, , 
2020/1/23, , 21, , 
2020/1/24, , 34, , 
2020/1/25, , 56, , 
2020/1/26, , 23, , 
2020/1/27, , 14, , 
2020/1/28, , 16, , 
2020/1/29, , 32, , 
2020/1/30, , 22, , 
2020/1/31, , 16, , 
2020/2/1, , 19, , 
2020/2/2, , 21, , 
2020/2/3, , 88, , 
2020/2/4, , 97, , 
2020/2/5, , 30, , 
2020/2/6, , 35, , 
2020/2/7, , 49, , 
2020/2/8, , 36, , 
2020/2/9, , 24, , 
2020/2/10, , 70, , 
2020/2/11, , 82, , 
2020/2/12, , 92, , 
2020/2/13, , 117, , 
2020/2/14, , 40, , 
2020/2/15, , 22, , 
2020/2/16, , 96, , 
2020/2/17, , 19, , 
2020/2/18, , 13, , 
2020/2/19, , 23, , 
2020/2/20, , 53, , 
2020/2/21, , 14, , 
2020/2/22, , 36, , 
2020/2/23, , 30, , 
2020/2/24, , 58, , 
2020/2/27, , 108, , 
2020/2/28, , 281, , 
2020/2/29, , 24, , 
2020/3/1, , 14, , 
2020/3/2, , 21, , 
2020/3/3, , 23, , 
2020/3/4, , 25, , 
2020/3/5, , 24, , 
2020/3/6, , 55, , 
2020/3/7, , 23, , 
2020/3/8, , 26, , 
2020/3/9, , 19, , 
2020/3/10, , 24, , 
2020/3/11, , 26, , 
2020/3/12, , 44, , 
2020/3/13, , 29, , 
2020/3/14, , 12, , 
2020/3/15, , 14, , 
2020/3/16, , 14, , 
2020/3/17, , 18, , 
2020/3/18, , 18, , 
2020/3/19, , 21, , 
2020/3/20, , 23, , 
2020/3/21, , 22, , 
2020/3/22, , 18, , 
2020/3/23, , 36, , 
2020/3/24, , 80, , 
2020/3/25, , 48, , 
2020/3/26, , 17, , 
2020/3/27, , 19, , 
2020/3/28, , 19, , 
2020/3/29, , 21, , 
2020/3/30, , 27, , 
2020/3/31, , 25, , 
2020/4/1, , 16, , 
2019/10/2, , 55, , 
2019/10/3, , 41, , 
2019/10/4, , 65, , 
2019/10/5, , 42, , 
2019/10/6, , 35, , 
2019/10/7, , 28, , 
2019/10/8, , 35, , 
2019/10/9, , 40, , 
2019/10/10, , 47, , 
2019/10/11, , 67, , 
2019/10/12, , 133, , 
2019/10/13, , 58, , 
2019/10/14, , 30, , 
2019/10/15, , 307, , 
2019/10/16, , 231, , 
2019/10/17, , 34, , 
2019/10/18, , 44, , 
2019/10/19, , 50, , 
2019/10/20, , 32, , 
2019/10/21, , 42, , 
2019/10/22, , 35, , 
2019/10/23, , 39, , 
2019/10/24, , 53, , 
2019/10/25, , 37, , 
2019/10/26, , 26, , 
2019/10/27, , 22, , 
2019/10/28, , 21, , 
2019/10/29, , 20, , 
2019/10/30, , 20, , 
2019/10/31, , 28, , 
2019/11/1, , 38, , 
2019/11/2, , 33, , 
2019/11/3, , 17, , 
2019/11/4, , 19, , 
2019/11/5, , 32, , 
2019/11/6, , 51, , 
2019/11/7, , 53, , 
2019/11/8, , 40, , 
2019/11/9, , 20, , 
2019/11/10, , 18, , 
2019/11/11, , 16, , 
2019/11/12, , 36, , 
2019/11/13, , 26, , 
2019/11/14, , 20, , 
2019/11/15, , 28, , 
2019/11/16, , 22, , 
2019/11/17, , 22, , 
2019/11/18, , 21, , 
2019/11/21, , 39, , 
2019/11/22, , 16, , 
2019/11/23, , 12, , 
2019/11/24, , 13, , 
2019/11/25, , 15, , 
2019/11/26, , 15, , 
2019/11/27, , 13, , 
2019/11/28, , 14, , 
2019/11/29, , 14, , 
2019/11/30, , 22, , 
2019/12/1, , 24, , 
2019/12/2, , 28, , 
2019/12/3, , 33, , 
2019/12/4, , 32, , 
2019/12/5, , 35, , 
2019/12/6, , 36, , 
2019/12/7, , 35, , 
2019/12/8, , 31, , 
2019/12/9, , 24, , 
2019/12/10, , 44, , 
2019/12/11, , 46, , 
2019/12/12, , 16, , 
2019/12/13, , 19, , 
2019/12/14, , 18, , 
2019/12/15, , 18, , 
2019/12/16, , 18, , 
2019/12/17, , 17, , 
2019/12/18, , 17, , 
2019/12/19, , 19, , 
2019/12/20, , 10, , 
2019/12/21, , 10, , 
2019/12/22, , 13, , 
2019/12/23, , 18, , 
2019/12/24, , 17, , 
2019/12/25, , 12, , 
2019/12/26, , 15, , 
2019/12/27, , 12, , 
2019/12/28, , 20, , 
2019/12/29, , 36, , 
2019/12/30, , 26, , 
2019/7/2, , 148, , 
2019/7/3, , 500, , 
2019/7/4, , 499, , 
2019/7/5, , 345, , 
2019/7/6, , 156, , 
2019/7/7, , 84, , 
2019/7/8, , 84, , 
2019/7/9, , 53, , 
2019/7/10, , 73, , 
2019/7/11, , 59, , 
2019/7/12, , 81, , 
2019/7/13, , 75, , 
2019/7/14, , 51, , 
2019/7/15, , 57, , 
2019/7/16, , 76, , 
2019/7/17, , 81, , 
2019/7/18, , 53, , 
2019/7/19, , 47, , 
2019/7/20, , 58, , 
2019/7/21, , 73, , 
2019/7/22, , 81, , 
2019/7/23, , 104, , 
2019/7/24, , 112, , 
2019/7/25, , 55, , 
2019/7/26, , 84, , 
2019/7/27, , 103, , 
2019/7/28, , 88, , 
2019/7/29, , 63, , 
2019/7/30, , 45, , 
2019/7/31, , 70, , 
2019/8/1, , 95, , 
2019/8/2, , 83, , 
2019/8/3, , 72, , 
2019/8/4, , 53, , 
2019/8/5, , 45, , 
2019/8/6, , 36, , 
2019/8/7, , 49, , 
2019/8/8, , 144, , 
2019/8/9, , 474, , 
2019/8/10, , 500, , 
2019/8/11, , 500, , 
2019/8/12, , 169, , 
2019/8/13, , 133, , 
2019/8/14, , 443, , 
2019/8/15, , 500, , 
2019/8/16, , 357, , 
2019/8/17, , 118, , 
2019/8/18, , 136, , 
2019/8/19, , 79, , 
2019/8/20, , 70, , 
2019/8/21, , 65, , 
2019/8/22, , 68, , 
2019/8/23, , 58, , 
2019/8/24, , 35, , 
2019/8/25, , 55, , 
2019/8/26, , 83, , 
2019/8/27, , 48, , 
2019/8/28, , 52, , 
2019/8/29, , 62, , 
2019/8/30, , 45, , 
2019/8/31, , 371, , 
2019/9/1, , 275, , 
2019/9/2, , 101, , 
2019/9/3, , 104, , 
2019/9/4, , 53, , 
2019/9/5, , 43, , 
2019/9/6, , 89, , 
2019/9/7, , 129, , 
2019/9/8, , 141, , 
2019/9/9, , 67, , 
2019/9/10, , 50, , 
2019/9/11, , 141, , 
2019/9/12, , 143, , 
2019/9/13, , 104, , 
2019/9/14, , 73, , 
2019/9/15, , 68, , 
2019/9/16, , 88, , 
2019/9/17, , 77, , 
2019/9/18, , 148, , 
2019/9/19, , 57, , 
2019/9/20, , 53, , 
2019/9/21, , 55, , 
2019/9/22, , 62, , 
2019/9/23, , 54, , 
2019/9/24, , 145, , 
2019/9/25, , 93, , 
2019/9/26, , 61, , 
2019/9/27, , 62, , 
2019/9/28, , 57, , 
2019/9/29, , 53, , 
2019/9/30, , 48, , 
2019/10/1, , 67, , 
2019/4/9, , , , 
2019/4/15, , , , 
2019/4/18, , , , 
2019/5/2, , , , 
2019/5/3, , , , 
2019/5/4, , , , 
2019/5/5, , , , 
2019/5/6, , , , 
2019/5/7, , , , 
2019/5/8, , , , 
2019/5/9, , , , 
2019/5/10, , , , 
2019/5/11, , , , 
2019/5/12, , , , 
2019/5/13, , , , 
2019/5/14, , , , 
2019/5/15, , , , 
2019/5/16, , , , 
2019/5/17, , , , 
2019/5/18, , , , 
2019/5/19, , , , 
2019/5/20, , , , 
2019/5/21, , , , 
2019/5/22, , , , 
2019/5/23, , , , 
2019/5/24, , , , 
2019/5/25, , , , 
2019/5/26, , , , 
2019/5/27, , , , 
2019/5/28, , , , 
2019/5/29, , , , 
2019/5/30, , , , 
2019/5/31, , , , 
2019/6/1, , , , 
2019/6/2, , , , 
2019/6/3, , , , 
2019/6/4, , , , 
2019/6/5, , , , 
2019/6/6, , , , 
2019/6/7, , , , 
2019/6/8, , , , 
2019/6/9, , , , 
2019/6/10, , , , 
2019/6/11, , , , 
2019/6/12, , , , 
2019/6/13, , , , 
2019/6/14, , , , 
2019/6/15, , , , 
2019/6/16, , , , 
2019/6/17, , , , 
2019/6/18, , , , 
2019/6/19, , , , 
2019/6/20, , , , 
2019/6/21, , , , 
2019/6/22, , , , 
2019/6/23, , , , 
2019/6/24, , , , 
2019/6/25, , , , 
2019/6/26, , , , 
2019/6/27, , , , 
2019/6/28, , 31, , 
2019/6/29, , 48, , 
2019/6/30, , 38, , 
2019/7/1, , 45, , 
2019/1/2, , , , 
2019/1/3, , , , 
2019/1/4, , , , 
2019/1/5, , , , 
2019/1/6, , , , 
2019/1/7, , , , 
2019/1/8, , , , 
2019/1/9, , , , 
2019/1/10, , , , 
2019/1/11, , , , 
2019/1/12, , , , 
2019/1/13, , , , 
2019/1/14, , , , 
2019/1/15, , , , 
2019/1/16, , , , 
2019/1/17, , , , 
2019/1/18, , , , 
2019/1/19, , , , 
2019/1/20, , , , 
2019/1/21, , , , 
2019/1/22, , , , 
2019/1/23, , , , 
2019/1/24, , , , 
2019/1/25, , , , 
2019/1/26, , , , 
2019/1/27, , , , 
2019/1/28, , , , 
2019/1/29, , , , 
2019/1/30, , , , 
2019/1/31, , , , 
2019/2/1, , , , 
2019/2/2, , , , 
2019/2/3, , , , 
2019/2/4, , , , 
2019/2/5, , , , 
2019/2/6, , , , 
2019/2/7, , , , 
2019/2/8, , , , 
2019/2/9, , , , 
2019/2/10, , , , 
2019/2/17, , , , 
2019/2/18, , , , 
2019/2/19, , , , 
2019/3/5, , , , 
2019/3/6, , , , 
2019/3/8, , , , 
2019/3/11, , , , 
2019/3/12, , , , 
2019/3/29, , , , 
2018/10/3, , 94, , 
2018/10/4, , 83, , 
2018/10/5, , 53, , 
2018/10/6, , 28, , 
2018/10/7, , 30, , 
2018/10/8, , 219, , 
2018/10/9, , 250, , 
2018/10/10, , , , 
2018/10/11, , 232, , 
2018/10/12, , 286, , 
2018/10/13, , 102, , 
2018/10/14, , 136, , 
2018/10/17, , 226, , 
2018/10/21, , 24, , 
2018/10/22, , 25, , 
2018/10/23, , 27, , 
2018/10/24, , 32, , 
2018/11/11, , 26, , 
2018/11/17, , 42, , 
2018/11/18, , 47, , 
2018/11/19, , 30, , 
2018/11/21, , 67, , 
2018/11/24, , 78, , 
2018/11/29, , 17, , 
2018/11/30, , 28, , 
2018/12/1, , 203, , 
2018/12/2, , 99, , 
2018/12/3, , 22, , 
2018/12/4, , 29, , 
2018/12/5, , 24, , 
2018/12/6, , 22, , 
2018/12/7, , 37, , 
2018/12/8, , 52, , 
2018/12/9, , 49, , 
2018/12/10, , 36, , 
2018/12/27, , 55, , 
2018/12/28, , 57, , 
2018/12/29, , 107, , 
2018/12/30, , 101, , 
2018/7/2, , 61, , 
2018/7/9, , 52, , 
2018/8/14, , 500, , 16
2018/8/23, , 500, , 19
2018/8/30, , 463, , 18
2018/8/31, , 500, , 19
2018/9/2, , , , 7
2018/9/3, , , , 
2018/9/6, , 101, , 
2018/9/8, , 162, , 
2018/9/9, , 32, , 
2018/9/10, , 35, , 
2018/9/18, , 33, , 
2018/9/19, , 59, , 
2018/9/26, , 117, , 
2018/6/5, , 96, , 
2018/6/9, , 146, , 
2018/6/10, , 172, , 
2018/6/13, , 55, , 
2018/6/14, , 280, , 
2018/6/18, , 58, , 
2018/6/25, , 100, 127, 22
2018/6/26, , 447, , 18
2018/7/8, , , , 18
2018/7/14, , , , 18
2018/8/11, , , , 18
2018/8/24, , , , 17
2018/8/25, , , , 18
2018/8/26, , , , 18
2018/9/1, , , , 18